id,titre,entreprise,ville,code_postal,contrat,salaire,experience,competences,competences_extraites,description,date_publication,url,source
hv-cable-jointing-team-lead-laboratory-field-operations-a-region-zurich-switzerland-cologne-147654,"Hv Cable Jointing Team Lead - Laboratory & Field Operations (A)| Region: Zurich, Switzerland",CONCAPE,Cologne,,CDI,Non précisé,Non précisé,"Management, Team Leader","Management, Team Leader","<p>You are the technical backbone of HV cable jointing operations, in the lab and in the field. You lead a team of jointers, coordinate high-voltage cable installations and testing up to 500 kV, and ensure every jointing activity meets the highest standards of quality and safety. This role sits at the intersection of hands-on execution, team leadership, and cross-functional collaboration with R&#x26;D and Project Management.</p>
<h2>Tasks</h2>
<ul>
<li>Lead and coordinate a team of jointers acro",1777487437,https://www.arbeitnow.com/jobs/companies/concape/hv-cable-jointing-team-lead-laboratory-field-operations-a-region-zurich-switzerland-cologne-147654,Arbeitnow
senior-python-developer-django-haltern-am-see-16238,Senior Python Developer - Django (M/W/D),sync.blue® GmbH,Haltern am See,,Remote,Non précisé,Non précisé,"Remote, Software Development","Remote, Software Development","<p>Du arbeitest strukturiert, behältst auch in komplexen Situationen den Überblick und hast Freude daran, Software gründlich zu prüfen, zu testen und zuverlässig zu deployen? Dann passt du perfekt zu uns.</p>
<p>Wir suchen einen Senior Python Developer, der gemeinsam mit Produktmanagement und Entwicklern die Qualität unseres Kernprodukts sicherstellt und kontinuierlich weiterentwickelt. In dieser Rolle übernimmst du die technische Verantwortung für saubere Integrationen, zuverlässige Deployments",1777487437,https://www.arbeitnow.com/jobs/companies/syncblue-gmbh/senior-python-developer-django-haltern-am-see-16238,Arbeitnow
product-line-manager-defense-applications-a-region-lausanne-switzerland-augsburg-48930,"Product Line Manager Defense Applications (A) | Region: Lausanne, Switzerland",CONCAPE,Augsburg,,CDI,Non précisé,Non précisé,Engineering,Engineering,"<p>You take end-to-end ownership of a dedicated product portfolio in the defense segment, from strategic positioning to market execution. At the interface of engineering, commercial strategy, and key account management, you ensure that products meet both technical requirements and business objectives. You translate innovation roadmaps into market-ready solutions and actively drive growth in powertrain and defense-related applications.</p>
<h2>Tasks</h2>
<ul>
<li>Full lifecycle ownership of an as",1777483828,https://www.arbeitnow.com/jobs/companies/concape/product-line-manager-defense-applications-a-region-lausanne-switzerland-augsburg-48930,Arbeitnow
remote-senior-game-engineer-379845,Senior Game Engineer,Companion Group Ltd,Remote,,CDI,Non précisé,Non précisé,"Information technology, professional","Information technology, professional","<p style="";""><span style=""color: #000000"">Companion Group is a AAA co-development gaming studio with a globally distributed and fully remote setup, renowned for its adeptness in overcoming the most intricate challenges in multiplayer game development. Our reputation precedes us as an excellent choice for clients aspiring to elevate their latest multiplayer titles, enabling scalability in player numbers, maximising player density, and crafting immersive gameplay experiences.<br /><br /></span></p",1777483212,https://www.arbeitnow.com/jobs/companies/companion-group-ltd/remote-senior-game-engineer-379845,Arbeitnow
senior-gtm-strategy-manager-all-genders-munster-346718,Senior Gtm Strategy Manager (All Genders),clockin GmbH,Münster,,CDI,Non précisé,Non précisé,"Consulting, bachelor's degree","Consulting, bachelor's degree","<p><span style=""color: #000000"">Du bist das verbindende Glied zwischen Product, Marketing, Sales und Customer Success, arbeitest direkt mit dem C-Level und sorgst dafür, dass unsere wichtigsten Releases mit vollem Impact ankommen.</span></p><br /><br /><p><span style=""color: #000000"">Über 8.000 kleine Unternehmen nutzen clockin, um ihren Betrieb zu organisieren – vom Handwerksbetrieb über den Pflegedienst bis zum Restaurant. Wir wachsen schnell: neue Module, neue Branchen, neue Use Cases - in im",1777483212,https://www.arbeitnow.com/jobs/companies/clockin-gmbh/senior-gtm-strategy-manager-all-genders-munster-346718,Arbeitnow
kanzleimanager-biberach-469177,Kanzleimanager (M/W/D),Kaufmann & Kaufmann Steuerberater Partnerschaft mbB,Biberach,,CDI,Non précisé,Non précisé,Administration,Administration,"<p><strong>Wir stellen uns dir vor.</strong></p>
<p>Eine Kanzlei, vielschichtige Leistungsbereiche und über 40 Teammitglieder - was wie eine klassische mittelständische Steuerberatungs- und Rechtsanwaltsgesellschaft klingen mag, ist bei genauerem Betrachten vielleicht doch etwas mehr. Wir sehen den Menschen vor den Zahlen, denken und handeln fortschrittlich und arbeiten kontinuierlich daran, uns als Kanzlei und Arbeitgeber sinnvoll weiterzuentwickeln.</p>
<p>Wenn du aus Gründen wie fehlender Wer",1777482032,https://www.arbeitnow.com/jobs/companies/kaufmann-kaufmann-steuerberater-partnerschaft-mbb/kanzleimanager-biberach-469177,Arbeitnow
kanzleimanager-kempten-41597,Kanzleimanager (M/W/D),Kaufmann & Kaufmann Steuerberater Partnerschaft mbB,Kempten,,CDI,Non précisé,Non précisé,Administration,Administration,"<p><strong>Wir stellen uns dir vor.</strong></p>
<p>Eine Kanzlei, vielschichtige Leistungsbereiche und über 40 Teammitglieder - was wie eine klassische mittelständische Steuerberatungs- und Rechtsanwaltsgesellschaft klingen mag, ist bei genauerem Betrachten vielleicht doch etwas mehr. Wir sehen den Menschen vor den Zahlen, denken und handeln fortschrittlich und arbeiten kontinuierlich daran, uns als Kanzlei und Arbeitgeber sinnvoll weiterzuentwickeln.</p>
<p>Wenn du aus Gründen wie fehlender Wer",1777482031,https://www.arbeitnow.com/jobs/companies/kaufmann-kaufmann-steuerberater-partnerschaft-mbb/kanzleimanager-kempten-41597,Arbeitnow
projektmanager-data-analytics-data-science-all-gender-munich-309422,Projektmanager Data Analytics / Data Science (All Gender),Actana Consulting Services GmbH,Munich,,CDI,Non précisé,Non précisé,Engineering,Engineering,"<p>Bist du bereit, als Projektmanager im Bereich Data Analytics und Data Science bei Actana Consulting Services GmbH durchzustarten? Unser Unternehmen ist bekannt für seine innovativen Lösungen und seinen Kunde-zentrierten Ansatz. In deiner Rolle wirst du die Möglichkeit haben, spannende Projekte zu leiten und mit modernsten Technologien zu arbeiten. Dabei unterstützt du unseren Kunden, datengetriebene Entscheidungen zu treffen und ihre Geschäftsprozesse zu optimieren. Wenn du ein Faible für Dat",1777480265,https://www.arbeitnow.com/jobs/companies/actana-consulting-services-gmbh/projektmanager-data-analytics-data-science-all-gender-munich-309422,Arbeitnow
werkstudent-im-marketing-cologne-212120,Werkstudent Im Marketing (M/W/D),Santos Grills GmbH,Cologne,,CDI,Non précisé,Non précisé,Marketing and Communication,Marketing and Communication,"<h2>SANTOS sucht Verstärkung!</h2>
<p>Totale BBQ-Leidenschaft und purer Spaß am Genießen: Dafür steht die SANTOS Grills GmbH schon seit 2005, seit 2021 auch als Teil der globalen ZWILLING-Familie. Wir sind absolut grillverrückt und brennen für innovative Trends genauso wie für altbewährte Features. Erstklassige Qualität, faire Preise und ein Top-Kundenservice machen SANTOS Grills online und offline zu einen der führenden Grillfachhändler Deutschlands. Und wir haben weiterhin große Pläne! Dafür s",1777480264,https://www.arbeitnow.com/jobs/companies/santos-grills-gmbh/werkstudent-im-marketing-cologne-212120,Arbeitnow
cloud-senior-cloud-architect-berlin-144224,Cloud/ Senior Cloud Architect,Steadman & Chase,Berlin,,CDI,Non précisé,Non précisé,System and Network Administration,System and Network Administration,"<p>We are partnered with a global consultancy delivering large-scale cloud and platform transformations for enterprise organisations. This role is built for a senior technologist ready to combine architecture ownership, team leadership, and client advisory within complex multi-stakeholder environments. You will shape cloud strategy, lead engineering teams, and guide organisations through modernisation programmes that directly influence operational performance and scalability.</p>
<p><strong>Hiri",1777480263,https://www.arbeitnow.com/jobs/companies/steadman-chase/cloud-senior-cloud-architect-berlin-144224,Arbeitnow
juinor-manager-strategic-projects-operations-frankfurt-am-main-58977,(Juinor) Manager Strategic Projects & Operations (M/F/D),Cashlink Technologies GmbH,Frankfurt am Main,,Remote,Non précisé,Non précisé,"Remote, Project Management","Remote, Project Management","<h2>Deine Aufgaben</h2>
<ul>
<li>Du begleitest strategische Kundenprojekte von der ersten Beratung über das Projektmanagement bis hin zur erfolgreichen Durchführung von Proof of Concepts (POCs).</li>
<li>Du verantwortest das Onboarding von Neukunden und stellst einen reibungslosen Start auf unserer Plattform sicher.</li>
<li>Du steuerst das Partnermanagement entlang des gesamten Kundenlebenszyklus und bist die zentrale Schnittstelle für unsere Partner.</li>
<li>Du unterstützt bei der Optimierung",1777480263,https://www.arbeitnow.com/jobs/companies/cashlink-technologies-gmbh/juinor-manager-strategic-projects-operations-frankfurt-am-main-58977,Arbeitnow
junior-social-media-manager-deutschland-saarbrucken-496290,Junior Social Media Manager Deutschland (M/W/D),Nailscamp GmbH,Saarbrücken,,CDI,Non précisé,Non précisé,Marketing and Communication,Marketing and Communication,"<p><strong>Nailscamp</strong> ist ein E-Commerce-Unternehmen für Nagelkosmetik. Du findest uns unter unseren Marken <strong>Proglow</strong> oder <strong>Ongle24</strong>. Während Ongle24 zu den Marktführern in Frankreich und Belgien gehört, ist Proglow der „Rising Star“ unter den Nagelliebhabern in Deutschland. Unsere Mission: Profi-Gel-Kosmetik zu erschwinglichen Preisen. Luxus-Beauty muss nicht teuer sein!</p>
<p>Zur Verstärkung unseres Teams suchen wir ab sofort einen kreativen Kopf für die ",1777480263,https://www.arbeitnow.com/jobs/companies/nailscamp-gmbh/junior-social-media-manager-deutschland-saarbrucken-496290,Arbeitnow
fachinformatiker-ostfildern-11973,Fachinformatiker (M/W/D),eder - Agentur für Produktkommunikation,Ostfildern,,CDI,Non précisé,Non précisé,System and Network Administration,System and Network Administration,"<p>In der Agentur eder legen wir bereits seit über 50 Jahren den Fokus auf professionelle Produktkommunikation. Für internationale Kunden aus der Automobil- und Industriebranche erschaffen wir State-of-the-Art Kommunikationsmittel für das digitale Vermarkten, Erklären und Verkaufen ihrer Produkte. Wir begeistern unsere Kunden mit der ganzen Vielfalt der digitalen Produktkommunikation. Von der CGI-Visualisierung von Stills und Animationen, virtuellen Produkterlebnissen, interaktiven Medien, Conte",1777478429,https://www.arbeitnow.com/jobs/companies/eder-agentur-fur-produktkommunikation/fachinformatiker-ostfildern-11973,Arbeitnow
sales-account-executive-dusseldorf-191926,Sales Account Executive (M/W/D),SAVVY® Telematic Systems AG,Düsseldorf,,CDI,Non précisé,Non précisé,"Management, Team Leader","Management, Team Leader","<p><strong>Sales Account Executive (m/w/d)</strong></p>
<p><strong>Industrial IoT | Telematik | SaaS | Rail &#x26; Chemical Logistics</strong></p>
<p>📍 Schaffhausen (Schweiz) | Vollzeit | Europaweite Reisetätigkeit</p>
<p><strong>Warum diese Rolle interessant ist</strong></p>
<p>Du kennst den Markt für <strong>Telematik, IoT oder industrielle Softwarelösungen</strong> bereits – aber suchst mehr:</p>
<ul>
<li>mehr Einfluss auf Deals</li>
<li>mehr Verantwortung</li>
<li>mehr Geschwindigkeit in Ent",1777478429,https://www.arbeitnow.com/jobs/companies/savvy-telematic-systems-ag/sales-account-executive-dusseldorf-191926,Arbeitnow
software-tester-testautomatisierung-munich-127117,Software Tester Testautomatisierung (M/W/D),MY Humancapital GmbH,Munich,,CDI,Non précisé,Non précisé,Software Development,Software Development,"<p>Im Auftrag unseres Partnerunternehmens in München suchen wir Sie zum nächstmöglichen Zeitpunkt als „<strong>Software Tester Testautomatisierung (m/w/d)“.</strong></p>
<h2><strong>Aufgaben</strong></h2>
<ul>
<li>Als Software Test Engineer (m/w/d) planen und entwickeln Sie strukturierte Testfälle auf Basis von Anforderungen</li>
<li>Zudem führen Sie manuelle und automatisierte Tests sowie Regressionstests in komplexen Systemumgebungen durch</li>
<li>Auch erstellen und pflegen Sie Testkonzepte, ",1777476649,https://www.arbeitnow.com/jobs/companies/my-humancapital-gmbh/software-tester-testautomatisierung-munich-127117,Arbeitnow
senior-frontend-entwickler-angular-typescript-refnr-46660-berlin-254880,Senior Frontend-Entwickler Angular/Typescript (Ref.Nr.: 46660),Wavestone Germany AG,Berlin,,CDI,Non précisé,Non précisé,IT,IT,"<p>Wir suchen einen Senior Frontend-Entwickler für die Entwicklung eines zukunftsweisenden Gitter-Steuerungssystems. Die Rolle konzentriert sich auf die Erstellung komplexer, interaktiver Visualisierungen und Konfigurationswerkzeuge zur Unterstützung der Netzüberwachung und -steuerung in einer modularen Leitzentralen-Umgebung, und den Übergang von monolithischen Legacy-Anwendungen zu einer modernen, komponentenbasierten Architektur.</p>
<p><strong>Key Facts</strong><br>
Start: 01.06.2026<br>
Dur",1777476648,https://www.arbeitnow.com/jobs/companies/wavestone-germany-ag/senior-frontend-entwickler-angular-typescript-refnr-46660-berlin-254880,Arbeitnow
senior-java-cloud-backend-engineer-refnr-46659-munich-21429,Senior Java Cloud Backend Engineer (M/F/D) (Ref.Nr.: 46659),Wavestone Germany AG,Munich,,Remote,Non précisé,Non précisé,"Remote, IT","Remote, IT","<p>We are looking for a Developer (Nearshore) to further develop a master data solution in the after-sales domain, focused on managing battery systems, vehicle references, and logistics data. The role is ideal for candidates from nearshore countries who want to work on complex software architectures in a modern cloud infrastructure.</p>
<p><strong>Key Facts</strong><br>
Start: 29.04.2026<br>
Duration: not known<br>
Capacity: 100 %<br>
Employment type:<br>
Job site: Remote<br>
Job country: Deutsc",1777476648,https://www.arbeitnow.com/jobs/companies/wavestone-germany-ag/senior-java-cloud-backend-engineer-refnr-46659-munich-21429,Arbeitnow
sap-co-consultant-refnr-46657-munich-487419,Sap Co Consultant (M/F/D) (Ref.Nr.: 46657),Wavestone Germany AG,Munich,,Remote,Non précisé,Non précisé,"Remote, IT","Remote, IT","<p>We are looking for an experienced SAP CO consultant to support complex cost accounting processes and module integrations at locations in Romania or Poland.</p>
<p><strong>Key Facts</strong><br>
Start: 04.05.2026<br>
Dauer: Nicht bekannt<br>
Auslastung: 100 %<br>
Einsatzart:<br>
Einsatzort: Remote<br>
Einsatzland: Sonstiges</p>
<p>Your tasks</p>
<p>• Support and configuration of Product Costing, in particular standard costing and costing variants</p>
<p>• Ensure seamless integration of bill of",1777476648,https://www.arbeitnow.com/jobs/companies/wavestone-germany-ag/sap-co-consultant-refnr-46657-munich-487419,Arbeitnow
werkstudent-vertrieb-finanzberatung-praxis-statt-theorie-chemnitz-149859,Werkstudent Vertrieb / Finanzberatung (M/W/D) – Praxis Statt Theorie,Shereen Patzelt,Chemnitz,,CDI,Non précisé,Non précisé,"Finance, high school or equivalent","Finance, high school or equivalent","<p style="";"">Du willst neben dem Studium mehr als nur einen Nebenjob?</p><p style="";"">Du willst verstehen, wie Vertrieb und Einkommen wirklich funktionieren?</p><p style="";;""></p><h3 style="";""><strong>Deine Aufgaben</strong></h3><p style="";""></p><ul><li><p>Unterstützung im Vertrieb</p></li><li><p>Teilnahme an Trainings</p></li><li><p>Erste Kundenkontakte</p></li><li><p>Vorbereitung von Beratungsgesprächen</p></li></ul><p style="";;""></p><h3 style="";""><strong>Was wir bieten</strong></h3><p style=""",1777476014,https://www.arbeitnow.com/jobs/companies/shereen-patzelt/werkstudent-vertrieb-finanzberatung-praxis-statt-theorie-chemnitz-149859,Arbeitnow
fachinformatiker-anwendungsbetreuung-erp-systeme-saerbeck-383740,Fachinformatiker Anwendungsbetreuung & Erp-Systeme (M/W/D),PolyTALENT GmbH,Saerbeck,,CDI,Non précisé,Non précisé,"Information technology, vocational","Information technology, vocational","<p>PolyTALENT unterstützt ein stark wachsenden Partner <strong>in Saerbeck</strong> bei der Besetzung dieser verantwortungsvollen Position als <strong>Fachinformatiker für Anwendungsentwicklung (m/w/d)</strong>.</p><p style="";""></p><p style="";""></p><h4><strong><span style=""font-size: 1.1em"">Benefits</span></strong></h4><ul><li><p><strong>Unbefristete Festanstellung</strong> in einem wirtschaftlich stabilen, wachsenden Unternehmen</p></li><li><p><strong>30 Urlaubstage</strong> für verlässliche Er",1777476014,https://www.arbeitnow.com/jobs/companies/polytalent-gmbh/fachinformatiker-anwendungsbetreuung-erp-systeme-saerbeck-383740,Arbeitnow
it-rollout-rechenzentrum-techniker-dresden-79531,It-Rollout-/ Rechenzentrum-Techniker,ITconfig/all GmbH,Dresden,,CDI,Non précisé,Non précisé,Helpdesk,Helpdesk,"<p>Für ein groß angelegtes Hardware-Rollout-Projekt im Rechenzentrumsumfeld suchen wir mehrere IT-Techniker (m/w/d). Im Fokus stehen die Vorbereitung, der Transport sowie der fachgerechte Einbau von Server- und Storage-Systemen in einer hochverfügbaren Infrastruktur.</p>
<h2>Aufgaben</h2>
<ul>
<li>Vorbereitung, Staging und Grundkonfiguration neuer Hardware am Projektstandort</li>
<li>Auspacken, Inventarisierung und technische Erstprüfung der Systeme</li>
<li>Vergabe von Management-IP-Adressen un",1777474883,https://www.arbeitnow.com/jobs/companies/itconfigall-gmbh/it-rollout-rechenzentrum-techniker-dresden-79531,Arbeitnow
business-analyst-mit-schwerpunkt-ux-munich-352111,Business Analyst Mit Schwerpunkt Ux,Envidual,Munich,,CDI,Non précisé,Non précisé,Business Analyst,Business Analyst,"<p><strong>Design trifft Code, Code trifft Impact:</strong> Wir bauen digitale Produkte, die die Zukunft gestalten.</p>
<p>Wir sind ein IT-Dienstleister aus München, der sich auf individuelle Softwarelösungen für Unternehmen mit komplexen Strukturen und Prozessen spezialisiert hat. Wir setzen auf agile Methoden und schlanke Teams, um innovative und zukunftssichere digitale Lösungen zu schaffen. Unsere Expertise umfasst diverse regulierte und komplexe Branchen wie Versicherungen, Logistik und dig",1777474883,https://www.arbeitnow.com/jobs/companies/envidual/business-analyst-mit-schwerpunkt-ux-munich-352111,Arbeitnow
teamleiter-team-lead-linux-operations-nuremberg-222921,Teamleiter / Team Lead Linux Operations (M/W/D),noris network AG,Nuremberg,,CDI,Non précisé,Non précisé,"Management, Team Leader","Management, Team Leader","<p>Die noris network AG steht für innovative, sichere und nachhaltige IT-Lösungen. Mit über 600 engagierten Mitarbeitenden entwickeln wir leistungsstarke Services in den Bereichen Cloud, Datacenter, Network &#x26; Security sowie Managed Applications – betrieben auf einer hochmodernen, mehrfach zertifizierten IT-Infrastruktur mit eigenen Hochsicherheitsrechenzentren. Seit 1993 sind wir kontinuierlich gewachsen und zählen heute zu den führenden IT-Spezialisten in Deutschland. Unser größtes Kapital",1777474883,https://www.arbeitnow.com/jobs/companies/noris-network-ag/teamleiter-team-lead-linux-operations-nuremberg-222921,Arbeitnow
technical-project-engineer-uav-systems-munich-18021,Technical Project Engineer Uav Systems,24Industries,Munich,,CDI,Non précisé,Non précisé,Project Management,Project Management,"<p><strong>WHAT WE'RE LOOKING FOR</strong></p>
<p>An engineer who takes ownership. Not a coordinator, not a status reporter — someone who stays in the technical trenches and uses project management to accelerate execution. You own two things, end-to-end: timeline visibility and project communication.</p>
<h2>Tasks</h2>
<p><strong>YOUR MISSION</strong></p>
<ul>
<li>Build and maintain Gantt-based project timelines track progress, dependencies, and slippage with precision. No surprises, ever.</li>
",1777474882,https://www.arbeitnow.com/jobs/companies/24industries/technical-project-engineer-uav-systems-munich-18021,Arbeitnow
planer-elektrotechnik-emsdetten-288059,Planer Elektrotechnik (M/W/D),PolyTALENT GmbH,Emsdetten,,CDI,Non précisé,Non précisé,IT,IT,"<h2>Jobbeschreibung</h2>
<p>PolyTALENT vermittelt direkt an ein wachstumsstarkes Unternehmen in Emsdetten, das seine Planungskompetenz im Bereich <strong>Elektrotechnik / TGA</strong> weiter ausbaut. Gesucht wird eine fachlich starke Persönlichkeit, die Projekte im Objektbau von der Planung bis zur Inbetriebnahme sicher begleitet.</p>
<h2><strong>Benefits</strong></h2>
<ul>
<li><strong>Flexible Arbeitszeiten</strong> für eine verlässliche Vereinbarkeit von Beruf und Privatleben</li>
<li><strong>",1777474882,https://www.arbeitnow.com/jobs/companies/polytalent-gmbh/planer-elektrotechnik-emsdetten-288059,Arbeitnow
ingenieurin-verfahrenstechnik-maschinenbau-garching-169994,Ingenieur:In  Verfahrenstechnik / Maschinenbau (W/M/D),Valoron GmbH,Garching,,CDI,Non précisé,Non précisé,Process Engineering,Process Engineering,"<p>Wir entwickeln thermochemische Recycling-Anlagen, die auch gemischte komplexe Abfallfraktionen (Restmüll/Hausmüll, Verbundmaterialien, etc.) stofflich recyceln können. Dazu suchen wir eine:n erfahrene:n Ingenieur:in, die/der eine zentrale Rolle beim Aufbau und der Weiterentwicklung unserer Prozesstechnologie übernimmt. Der Fokus liegt auf praktischer Umsetzung: entwickeln, aufbauen, testen, betreiben und kontinuierlich optimieren. Du übernimmst die technische Verantwortung für einen Teilproze",1777474882,https://www.arbeitnow.com/jobs/companies/valoron-gmbh/ingenieurin-verfahrenstechnik-maschinenbau-garching-169994,Arbeitnow
operativer-einkaufer-hamburg-199016,Operativer Einkäufer (M/W/D),K-tronik GmbH,Hamburg,,CDI,Non précisé,Non précisé,Sales Engineer,Sales Engineer,"<h2>Projektbeschreibung:</h2>
<p>Zur Verstärkung unseres Expertenteams bei unserem Kunden aus der Luft-und Raumfahrt Branche suchen wir einen Operativen Einkäufer (m/w/x) in Festanstellung bei K-tronik. Wir freuen uns darauf, Sie persönlich kennen zu lernen - und gemeinsam mit Leidenschaft und Teamgeist an spannenden Projekten und zukunftsweisenden Technologien zu arbeiten.</p>
<h2>Aufgaben:</h2>
<ul>
<li>Kaufmännische Betreuung von Warengruppen sowie Steuerung und Überwachung der Einkaufsprozes",1777473037,https://www.arbeitnow.com/jobs/companies/k-tronik-gmbh/operativer-einkaufer-hamburg-199016,Arbeitnow
professional-services-consultant-dusseldorf-138613,Professional Services Consultant (M/F/D),Bedford Consulting,Düsseldorf,,Remote,Non précisé,Non précisé,"Remote, Consulting, Engineering","Remote, Consulting, Engineering","<p>An exciting opportunity has opened within our Professional Services Team in the DACH region for a Professional Services Consultant role. This is a full-time position.</p>
<p>You will directly contribute to high-quality delivery, customer success, and Bedford’s reputation for excellence across EMEA.</p>
<p>You’ll act as a strategic partner to our customers, helping them modernise planning, optimise processes, and realise the full power of the Anaplan platform.</p>
<p><strong>Reports to:</stron",1777473037,https://www.arbeitnow.com/jobs/companies/bedford-consulting/professional-services-consultant-dusseldorf-138613,Arbeitnow
mitarbeiter-in-buchhaltung-emmerthal-233462,Mitarbeiter/In Buchhaltung (M/W/D),Otto Golze & Söhne GmbH,Emmerthal,,CDI,Non précisé,Non précisé,Finance,Finance,"<p>Wir sind Otto Golze &#x26; Söhne – ein traditionsreiches Familienunternehmen mit über 150 Jahren Erfahrung. Unser Sortiment reicht von Türmatten über moderne Teppiche bis hin zu Naturfaser-Bodenbelägen und Badmatten. Neben dem stationären Handel sind wir auch im Onlinegeschäft erfolgreich und vertreiben starke Marken wie JOOP! und SCHÖNER WOHNEN.</p>
<h2>Aufgaben</h2>
<p><strong>Deine Aufgaben bei uns:</strong></p>
<ul>
<li>Bearbeitung der Debitoren- und Kreditorenbuchhaltung</li>
<li>Durchfü",1777473037,https://www.arbeitnow.com/jobs/companies/otto-golze-sohne-gmbh/mitarbeiter-in-buchhaltung-emmerthal-233462,Arbeitnow
anaplan-model-builder-dusseldorf-210735,Anaplan Model Builder (M/F/D),Bedford Consulting,Düsseldorf,,Remote,Non précisé,Non précisé,"Remote, Consulting, Engineering","Remote, Consulting, Engineering","<p>An exciting opportunity has opened within our Professional Services Team in the DACH region for a Model Builder role. This is a full-time position.</p>
<p>This role is aimed at professionals working close to business processes – for example in controlling, FP&#x26;A, or data/analytics – who want to move into a consulting environment and work on how these processes are structured and implemented in systems. Experience with Anaplan or comparable platforms is a plus, not a requirement.</p>
<p><s",1777473036,https://www.arbeitnow.com/jobs/companies/bedford-consulting/anaplan-model-builder-dusseldorf-210735,Arbeitnow
freelance-senior-ai-product-manager-berlin-73613,Freelance Senior Ai Product Manager,nexamind GmbH,Berlin,,Remote,Non précisé,Non précisé,"Remote, Product Management","Remote, Product Management","<p>We’re hiring a <strong>Freelance Senior AI Product Manager</strong> to turn messy real-world problems into working GenAI solutions.<br>
This is a hands-on role at the intersection of product, delivery, and customer collaboration. You’ll work directly with users, clients, engineers, and stakeholders to scope problems, shape solutions, and ship AI products in complex, ambiguous environments.</p>
<p>You’ll own the full journey from discovery to delivery — not just the roadmap. We’re looking for ",1777473036,https://www.arbeitnow.com/jobs/companies/nexamind-gmbh/freelance-senior-ai-product-manager-berlin-73613,Arbeitnow
digital-marketing-content-werkstudentin-100-remote-mannheim-442319,Digital Marketing & Content Werkstudent:In (M/W/D) 100% Remote,ciconia Systems GmbH,Mannheim,,Remote,Non précisé,Non précisé,"Remote, Marketing Manager","Remote, Marketing Manager","<p><strong>Bock auf echten Impact im wachsenden KI-Startup?</strong><br>
Öffentliche Ausschreibungen sind ein 400-Milliarden-Euro-Markt – und einer der letzten großen Bereiche, der gerade erst digitalisiert wird. Wir sind Vergabepilot AI: Eine KI-gestützte SaaS-Plattform, die mittelständischen Unternehmen hilft, genau die richtigen Aufträge zu finden.</p>
<p>Unser Team ist klein, unser Wachstum stark. Als Werkstudent:in arbeitest du direkt mit der Marketingleitung zusammen und baust den Wachstum",1777473034,https://www.arbeitnow.com/jobs/companies/ciconia-systems-gmbh/digital-marketing-content-werkstudentin-100-remote-mannheim-442319,Arbeitnow
it-systemadministrator-bingen-471961,It-Systemadministrator (M/W/D),Reh Kendermann GmbH Weinkellerei,Bingen,,CDI,Non précisé,Non précisé,System and Network Administration,System and Network Administration,"<p>Die Reh Kendermann GmbH Weinkellerei ist eine der größten und modernsten Weinkellereien in Deutschland, gleichermaßen bekannt für hochwertige Markenweine und Premium-Eigenmarken. Zur Realisierung unserer zukünftigen Ziele in Deutschland suchen wir an unserem Standort in Bingen zum nächstmöglichen Zeitpunkt in Vollzeit eine*n</p>
<p><strong>IT- Systemadministrator*in</strong><br>
(m/w/d)</p>
<h2>Aufgaben</h2>
<ul>
<li>Überwachung, Betreuung und Optimierung der internen IT-Infrastruktur</li>
<l",1777473033,https://www.arbeitnow.com/jobs/companies/reh-kendermann-gmbh-weinkellerei/it-systemadministrator-bingen-471961,Arbeitnow
finanzbuchhalter-berlin-368148,Finanzbuchhalter (M/W/D),Alte Försterei /1. FC Union Berlin e.V.,Berlin,,CDI,Non précisé,Non précisé,Finance,Finance,"<h2>Aufgaben</h2>
<p>DEINE AUFGABEN:</p>
<ul>
<li>Debitoren-, Kreditoren- und Sachkontenbuchhaltung einschließlich Stammdatenpflege, Rechnungslegung, Verbuchen und Abstimmen</li>
<li>Anlagenbuchhaltung</li>
<li>Bearbeitung von Reisekosten- und Auslagenerstattungen</li>
<li>Importieren und Buchen der Kassen- und Bankbewegungen</li>
<li>Erstellung von Auswertungen und Statistiken</li>
<li>Schriftverkehr mit Auftraggebern, Kunden, Lieferanten sowie Behörden und Verbänden</li>
<li>Mitwirkung bei Mon",1777471263,https://www.arbeitnow.com/jobs/companies/alte-forsterei-1-fc-union-berlin-ev/finanzbuchhalter-berlin-368148,Arbeitnow
working-student-it-berlin-404870,Working Student - It (M/W/D),ABSORA GmbH,Berlin,,CDI,Non précisé,Non précisé,IT,IT,"<p>We are ABSORA – a deep-green tech startup in Berlin whose technologies are rewriting the rules of the game for noise and vibration control. Our HSA3 material isn't just a promise for the future – it's a revolution in lightweight construction, acoustics, and filtration: light, incredibly strong, and acoustically brilliant, as it absorbs airborne sound and vibrations. It's also inexpensive to produce and extremely environmentally friendly. This protects health, the environment, and your peace o",1777471263,https://www.arbeitnow.com/jobs/companies/absora-gmbh/working-student-it-berlin-404870,Arbeitnow
senior-lead-cloud-engineer-dusseldorf-291991,Senior/ Lead Cloud Engineer,Steadman & Chase,Düsseldorf,,CDI,Non précisé,Non précisé,Software Development,Software Development,"<p>We have an exciting opportunity with one of our global leading clients. They are looking for a skilled cloud software engineer to join their Cloud Transformation &#x26; System Engineering team, supporting clients on their end-to-end cloud journeys.</p>
<h2>Aufgaben</h2>
<p>As a Senior Cloud Software Engineer, you will contribute across the entire lifecycle of client projects, from initiation through to go-live. You will play a key role in designing adaptable cloud architectures in agile envir",1777471262,https://www.arbeitnow.com/jobs/companies/steadman-chase/senior-lead-cloud-engineer-dusseldorf-291991,Arbeitnow
trainee-immobilienentwicklung-18-24-monate-berlin-296069,Trainee Immobilienentwicklung (M/W/D) (18-24 Monate),Cirrus Real Estate GmbH,Berlin,,CDI,Non précisé,Non précisé,"Training, Development","Training, Development","<p>Die Cirrus Real Estate GmbH ist ein etabliertes und gleichzeitig dynamisches Immobilienunternehmen in Berlin. Als Bestandshalter und Entwickler konzentrieren wir uns auf den Erwerb, die Entwicklung und Vermietung von Wohn- und Gewerbeimmobilien.</p>
<p>Wir scheuen uns nicht vor komplexen Sachverhalten, sind kreativ in der Lösungsfindung, profitieren von einer schnellen Entscheidungsfindung und zeichnen uns durch Fleiß und Einsatz aus.</p>
<p>Du brennst für Immobilien und willst nicht nur zusc",1777471262,https://www.arbeitnow.com/jobs/companies/cirrus-real-estate-gmbh/trainee-immobilienentwicklung-18-24-monate-berlin-296069,Arbeitnow
fachinformatiker-anwendungsbetreuung-erp-systeme-saerbeck-480040,Fachinformatiker Anwendungsbetreuung & Erp-Systeme (M/W/D),PolyTALENT GmbH,Saerbeck,,CDI,Non précisé,Non précisé,IT,IT,"<h2>Jobbeschreibung</h2>
<p>PolyTALENT unterstützt ein stark wachsenden Partner in Saerbeck bei der Besetzung dieser verantwortungsvollen Position als <strong>Fachinformatiker für Anwendungsentwicklung (m/w/d)</strong>.</p>
<h2><strong>Benefits</strong></h2>
<ul>
<li><strong>Unbefristete Festanstellung</strong> in einem wirtschaftlich stabilen, wachsenden Unternehmen</li>
<li><strong>30 Urlaubstage</strong> für verlässliche Erholung und planbare Auszeiten</li>
<li><strong>Flexible Gleitzeit</str",1777471262,https://www.arbeitnow.com/jobs/companies/polytalent-gmbh/fachinformatiker-anwendungsbetreuung-erp-systeme-saerbeck-480040,Arbeitnow
senior-performance-marketing-manager-mit-perspektive-team-lead-hamburg-103912,Senior Performance Marketing Manager (M/W/D) – Mit Perspektive Team Lead,Eventinc GmbH,Hamburg,,CDI,Non précisé,Non précisé,Marketing and Communication,Marketing and Communication,"<h2>Worum gehts?</h2>
<p>Du bringst unser Marketing auf das nächste Level – mit klarem Fokus auf Performance, Pipeline und messbares Wachstum. Dabei arbeitest Du operativ tief im Performance Marketing und entwickelst Dich gleichzeitig Schritt für Schritt in eine Team Lead Rolle.</p>
<p>Gemeinsam mit uns baust Du Marketing als echten Wachstumstreiber weiter aus: datengetrieben, sales-nah und mit echtem Impact auf unseren Unternehmenserfolg.</p>
<h2>Deine Rolle</h2>
<ul>
<li>Du verantwortest unser",1777471262,https://www.arbeitnow.com/jobs/companies/eventinc-gmbh/senior-performance-marketing-manager-mit-perspektive-team-lead-hamburg-103912,Arbeitnow
marketing-content-creator-teilzeit-berlin-26415,Marketing Content Creator (M/W/D) - Teilzeit,HappyBartGmbH,Berlin,,CDI,Non précisé,Non précisé,Social Media Manager,Social Media Manager,"<p><strong>Über HappyBart</strong></p>
<p>Die HappyBart GmbH ist ein führendes Unternehmen im Bereich Innenausbau und Sanierung von Wohnimmobilien in Berlin und Brandenburg. Mit einem klar strukturierten und effizienten Ansatz ermöglichen wir eine schnelle Bewertung und präzise Preisfindung für Renovierungsprojekte sowie eine zügige Umsetzung. Unser Fokus liegt auf hoher Flexibilität, erstklassiger handwerklicher Qualität und einer reibungslosen Projektabwicklung. Wir betreuen sowohl internation",1777469431,https://www.arbeitnow.com/jobs/companies/happybartgmbh/marketing-content-creator-teilzeit-berlin-26415,Arbeitnow
hse-koordinator-sigeko-tiefbau-infrastrukturprojekte-weiden-in-der-oberpfalz-181802,Hse-Koordinator / Sigeko (M/W/D) Tiefbau / Infrastrukturprojekte,INP Deutschland GmbH,Weiden in der Oberpfalz,,CDI,Non précisé,Non précisé,Engineering,Engineering,"<p>Die Position beinhaltet die eigenverantwortliche sicherheitstechnische Koordination und Überwachung anspruchsvoller Tiefbauprojekte mit mehreren beteiligten Gewerken unter Berücksichtigung aller relevanten gesetzlichen Vorgaben und technischen Regelwerke. Eine Besetzung auf freiberuflicher Basis ist ebenfalls möglich.</p>
<h2>Aufgaben</h2>
<ul>
<li>Sicherstellung und fortlaufende Überwachung der Einhaltung von Sicherheits- und Gesundheitsschutzanforderungen gemäß Baustellenverordnung (Baustel",1777469430,https://www.arbeitnow.com/jobs/companies/inp-deutschland-gmbh/hse-koordinator-sigeko-tiefbau-infrastrukturprojekte-weiden-in-der-oberpfalz-181802,Arbeitnow
finanz-und-lohnbuchhalter-wachenheim-255164,Finanz- Und Lohnbuchhalter (M/W/D),Jürgen Anton,Wachenheim,,CDI,Non précisé,Non précisé,Finance,Finance,"<p><strong>Echtes Team. Echte Chancen.</strong><br>
<strong>Wir stellen uns vor.</strong></p>
<p>Als Kanzlei, die auf Steuerberatung und Wirtschaftsprüfung spezialisiert ist, kennen wir uns mit Zahlen aus. Aber diese sind nicht der Mittelpunkt unseres Denkens und Handelns, sondern die Menschen dahinter – sowohl im Team als auch bei unseren Mandanten. Was uns dabei ausmacht, ist ein Umfeld, in dem Vertrauen zählt, Wertschätzung selbstverständlich ist und jeder die Möglichkeit bekommt, sich fachli",1777469430,https://www.arbeitnow.com/jobs/companies/jurgen-anton/finanz-und-lohnbuchhalter-wachenheim-255164,Arbeitnow
senior-revenue-enablement-manager-gtm-berlin-185232,(Senior) Revenue Enablement Manager (Gtm) (M/W/D),Recare Deutschland GmbH,Berlin,,CDI,Non précisé,Non précisé,"Healthcare, bachelor's degree","Healthcare, bachelor's degree","<p><strong><span style=""color: #000000"">Über Recare</span></strong></p><p><span style=""color: #000000"">Als eines der führenden deutschen HealthTech-Unternehmen gestalten wir das Entlassmanagement neu – technologiegetrieben, patientenzentriert und frei von Bürokratie. Neben unserer marktführenden SaaS-Plattform entwickeln wir KI-Lösungen, die Prozesse in Kliniken und bei Nachversorgern radikal vereinfachen, Fachkräfte entlasten und den Fokus zurück auf die Patientinnen und Patienten legen. Bereit",1777468818,https://www.arbeitnow.com/jobs/companies/recare-deutschland-gmbh/senior-revenue-enablement-manager-gtm-berlin-185232,Arbeitnow
lead-blockchain-engineer-berlin-36113,Lead Blockchain Engineer,CEF AI,Berlin,,CDI,Non précisé,Non précisé,Engineering,Engineering,"<p>We are hiring a Lead Blockchain Engineer to work on the core protocol powering CEF’s decentralized AI and data infrastructure.</p>
<p>This is not a maintenance role.</p>
<p>This is not a “build a token and ship it” role.</p>
<p>This is a core infrastructure engineering role for someone who wants to design and evolve blockchain systems that operate in production.</p>
<p>CEF is building a decentralized AI and data infrastructure platform, with Cere Network forming the core Web3 data and blockch",1777467842,https://www.arbeitnow.com/jobs/companies/cef-ai/lead-blockchain-engineer-berlin-36113,Arbeitnow
assistenz-der-leiter-forderungsmanagement-perspektive-fuhrungskraft-cologne-171016,Assistenz Der Leiter Forderungsmanagement / Perspektive: Führungskraft,EWD Service GmbH,Cologne,,CDI,Non précisé,Non précisé,"Management, Team Leader","Management, Team Leader","<p>Die EWD Service GmbH erbringt professionelle Dienstleistungen im Forderungsmanagement – vom Mahnservice bis zum Inkasso. Mit rund 30 Mitarbeitenden unterstützen wir vorwiegend die EWD Inkasso GmbH, ein mittelgroßes Inkassounternehmen mit Schwerpunkt auf Forderungen aus der Energiewirtschaft.</p>
<p>Unser Selbstverständnis: lösungsorientierte Beratung der Gläubiger- und Schuldnerseite – mit dem Ziel, einen fairen, einvernehmlichen Interessenausgleich herbeizuführen.</p>
<h2>Aufgaben</h2>
<p>Wi",1777467640,https://www.arbeitnow.com/jobs/companies/ewd-service-gmbh/assistenz-der-leiter-forderungsmanagement-perspektive-fuhrungskraft-cologne-171016,Arbeitnow
it-administrator-hamburg-485438,It-Administrator (M/W/D),Personalica GmbH,Hamburg,,CDI,Non précisé,Non précisé,System and Network Administration,System and Network Administration,"<p><strong>IT-Infrastruktur</strong> mit Fokus auf Stabilität, Sicherheit und Weiterentwicklung.</p>
<p>Für ein etabliertes Unternehmen suchen wir aktuell Verstärkung im Bereich IT-Systemadministration.</p>
<p>In dieser Rolle bist du verantwortlich für <strong>den Betrieb und die Weiterentwicklung der IT-Infrastruktur</strong> – von klassischen On-Premise-Systemen bis hin zur schrittweisen Migration in die Cloud.</p>
<p>Du arbeitest nah an den Systemen, unterstützt Anwender im Alltag und gestalt",1777467640,https://www.arbeitnow.com/jobs/companies/personalica-gmbh/it-administrator-hamburg-485438,Arbeitnow
werkstudentin-telesales-frankfurt-am-main-210177,Werkstudent:In (M/W/D) Telesales,GONDER Group,Frankfurt am Main,,CDI,Non précisé,Non précisé,"Training, Development","Training, Development","<p><strong>Kurz und Knapp:</strong></p>
<p>Wir suchen ab sofort eine:n Werkstudent:in (m/w/d) bis 20h/ Woche, welche:r uns tatkräftig unterstützt. Wir bieten flexible Arbeitszeiten und eine gute Bezahlung in einem wachsenden, digital affinen Familienunternehmen im Facility Management.</p>
<p><strong>Willkommen bei der GONDER Group</strong></p>
<p>Die GONDER Group ist ein führendes Familienunternehmen mit Sitz in Frankfurt am Main, das seit 100 Jahren im Bereich des infrastrukturellem Gebäudemana",1777467640,https://www.arbeitnow.com/jobs/companies/gonder-group/werkstudentin-telesales-frankfurt-am-main-210177,Arbeitnow
social-media-creator-marketing-manager-berlin-177763,"Social Media & Creator Marketing Manager, M/W/D",Neolymp,Berlin,,Remote,Non précisé,Non précisé,"Remote, Marketing and Communication","Remote, Marketing and Communication","<p>Als Social Media &#x26; Creator Marketing Manager bist du verantwortlich für unseren organischen Social-Media-Auftritt und den Aufbau unseres Creator- und UGC-Contents.</p>
<p>Du entwickelst Content-Ideen, planst Beiträge, koordinierst Creator, schreibst Briefings und Skripte und sorgst dafür, dass aus unseren Produkten starke Inhalte entstehen, die sowohl organisch als auch für Performance Marketing genutzt werden können.</p>
<p>Dabei arbeitest du eng mit unserem Marketing-, Grafik- und Perf",1777467639,https://www.arbeitnow.com/jobs/companies/neolymp/social-media-creator-marketing-manager-berlin-177763,Arbeitnow
werkstudentin-influencer-marketing-manager-munster-257091,Werkstudent(In) Influencer Marketing Manager,paselo GmbH,Münster,,Remote,Non précisé,Non précisé,"Remote, Social Media Manager","Remote, Social Media Manager","<p>paselo ist eine der am schnellsten wachsenden D2C-Marken für Hunde-Ergänzungsfuttermittel im DACH-Raum. Wir entwickeln wissenschaftlich fundierte Produkte, die Hunden helfen — länger, aktiver und glücklicher zu leben. Hinter paselo steckt ein kleines, hochmotiviertes Team mit einer klaren Mission: das Beste für den Hund, unterstützt durch echte Wissenschaft und echte Community.</p>
<p>Wir suchen eine Person, die unsere Community nicht nur <strong>verwaltet</strong>, sondern aktiv <strong>mitg",1777467639,https://www.arbeitnow.com/jobs/companies/paselo-gmbh/werkstudentin-influencer-marketing-manager-munster-257091,Arbeitnow
senior-full-stack-entwicklerin-react-typescript-net-100-remote-ki-first-berlin-21152,"Senior Full-Stack-Entwickler:In React / Typescript / .Net  100 % Remote, Ki-First",yourMAIL GmbH,Berlin,,Remote,Non précisé,Non précisé,"Remote, Software Development","Remote, Software Development","<p>Softwarelösung im Microsoft-/Cloud-Umfeld. Unsere Zusammenarbeit findet vollständig im Home Office statt, mit kurzen Abstimmungswegen, hoher Eigenverantwortung und einer stark KI-gestützten Arbeitsweise.</p>
<p>Für unser Entwicklungsteam suchen wir eine erfahrene Full-Stack-Entwicklerin oder einen erfahrenen Full-Stack-Entwickler mit Schwerpunkt auf React, TypeScript, .NET und Cloud-nativer Entwicklung. Die Rolle eignet sich besonders für Menschen, die Features ganzheitlich denken und gerne v",1777467639,https://www.arbeitnow.com/jobs/companies/yourmail-gmbh/senior-full-stack-entwicklerin-react-typescript-net-100-remote-ki-first-berlin-21152,Arbeitnow
senior-frontend-entwicklerin-react-typescript-100-remote-ki-first-berlin-288218,"Senior Frontend-Entwickler:In React / Typescript, 100 % Remote, Ki-First",yourMAIL GmbH,Berlin,,Remote,Non précisé,Non précisé,"Remote, Software Development","Remote, Software Development","<p>Wir sind ein modernes Remote-First- und KI-First-Softwareunternehmen und entwickeln eine spezialisierte Softwarelösung im Microsoft-/Cloud-Umfeld. Unsere Zusammenarbeit findet vollständig im Home Office statt, mit kurzen Abstimmungswegen, hoher Eigenverantwortung und einer stark KI-gestützten Arbeitsweise.</p>
<p>Für unser Entwicklungsteam suchen wir eine erfahrene Frontend-Entwicklerin oder einen erfahrenen Frontend-Entwickler mit starkem Schwerpunkt auf React und TypeScript. Die Rolle eigne",1777465841,https://www.arbeitnow.com/jobs/companies/yourmail-gmbh/senior-frontend-entwicklerin-react-typescript-100-remote-ki-first-berlin-288218,Arbeitnow
it-systemadministrator-stephanskirchen-485043,It-Systemadministrator (M/W/D),PUR VITAL Altenhilfe GmbH,Stephanskirchen,,CDI,Non précisé,Non précisé,System and Network Administration,System and Network Administration,"<p><strong>Freude geben – Glück erleben</strong></p>
<p><strong>Arbeiten bei PUR VITAL</strong></p>
<p>Als familiengeführtes Unternehmen mit über 850 Mitarbeitenden gestalten wir seit vielen Jahren moderne Pflege- und Betreuungsangebote in der Region. Unsere IT ist zentral organisiert, mit eigener Terminalserver-Umgebung und klar strukturierten Prozessen. Für die operative Betreuung vor Ort suchen wir eine zuverlässige Persönlichkeit, die unsere Mitarbeitenden im Alltag unterstützt und IT-Themen",1777465841,https://www.arbeitnow.com/jobs/companies/pur-vital-altenhilfe-gmbh/it-systemadministrator-stephanskirchen-485043,Arbeitnow
ausbildung-kaufmann-frau-fur-it-system-management-stuttgart-187526,Ausbildung: Kaufmann/-Frau Für It-System-Management (M/W/D),Klett VerlagsService GmbH,Stuttgart,,CDI,Non précisé,Non précisé,IT,IT,"<p>Die Klett VerlagsService GmbH ist Teil der Klett Gruppe, einem führenden Bildungsunternehmen in Europa. Als Full-Service Dienstleister für Logistik, Vertrieb, Kundenservice und Abrechnung sind wir ein starker Partner der Klett Verlage und weiterer Verlage der deutschen Medienbranche.</p>
<p><strong>FACTS ZU DEINER AUSBILDUNG:</strong></p>
<ul>
<li><strong>Dauer:</strong> 3 Jahre</li>
<li><strong>Berufsschule:</strong> it schule Stuttgart</li>
<li><strong>Ort:</strong> Duale Ausbildung, 1–2 Be",1777465840,https://www.arbeitnow.com/jobs/companies/klett-verlagsservice-gmbh/ausbildung-kaufmann-frau-fur-it-system-management-stuttgart-187526,Arbeitnow
solution-architect-presales-consultant-mannheim-437994,Solution Architect/ Presales-Consultant (W/M/D),AVENDIS GmbH,Mannheim,,Remote,Non précisé,Non précisé,"Remote, IT","Remote, IT","<p>Wir, die AVENDIS, sind gerade auf der Suche nach Verstärkung für unser PreSales Team durch einen <strong>Solution Architect/PreSales-Consultant (w/m/d)</strong>.</p>
<h2>Aufgaben</h2>
<ul>
<li>Lösungsorientierte Beratung unserer Kunden</li>
<li>Analyse von IST-Situationen</li>
<li>Erarbeitung und Erstellung von Konzepten</li>
<li>Begleitung von öffentlichen Ausschreibungen</li>
<li>Entwicklung von Migrationsstrategien</li>
<li>Präsentation der erstellten Konzepte und Strategien</li>
<li>Proje",1777465840,https://www.arbeitnow.com/jobs/companies/avendis-gmbh/solution-architect-presales-consultant-mannheim-437994,Arbeitnow
duales-studium-wirtschaftsinformatik-application-management-stuttgart-13159,Duales Studium: Wirtschaftsinformatik-Application Management (M/W/D),Klett VerlagsService GmbH,Stuttgart,,CDI,Non précisé,Non précisé,IT,IT,"<p>Die Klett VerlagsService GmbH ist Teil der Klett Gruppe, einem führenden Bildungsunternehmen in Europa. Als Full-Service Dienstleister für Logistik, Vertrieb, Kundenservice und Abrechnung sind wir ein starker Partner der Klett Verlage und weiterer Verlage der deutschen Medienbranche.</p>
<p><strong>FACTS ZU DEINEM DUALEN STUDIUM:</strong></p>
<ul>
<li><strong>Dauer:</strong> 3 Jahre (6 Semester), 01.09.2026 – 30.09.2029</li>
<li><strong>Deine Hochschule:</strong> Duale Hochschule Baden-Württe",1777465840,https://www.arbeitnow.com/jobs/companies/klett-verlagsservice-gmbh/duales-studium-wirtschaftsinformatik-application-management-stuttgart-13159,Arbeitnow
werkstudent-praktikant-finance-controlling-regensburg-86565,Werkstudent / Praktikant (M/W/D) Finance & Controlling,Nexis GmbH,Regensburg,,CDI,Non précisé,Non précisé,Controlling,Controlling,"<h2>Aufgaben</h2>
<ul>
<li>Mitwirkung bei der Erstellung und Aufbereitung der Monats- und Jahresabschlüsse von 3 Gesellschaften</li>
<li>Projektarbeiten zur Optimierung und Automatisierung der Prozesse in unserer Finanzabteilung, sowie zur Sicherstellung unserer Datenqualität</li>
<li>Unterstützung bei der Erstellung von Analysen und Dashboards (Kosten, Cashflow, Umsatz, etc.) für die bestehenden Unternehmen und bei Unternehmenstransaktionen</li>
<li>Mitwirkung bei der Erstellung von Reportings ",1777465839,https://www.arbeitnow.com/jobs/companies/nexis-gmbh/werkstudent-praktikant-finance-controlling-regensburg-86565,Arbeitnow
assistenz-iv-personalwesen-hamburg-52199,Assistenz (M/W/Div.) Personalwesen,Elbphilharmonie und Laeiszhalle Betriebsgesellschaft mbH,Hamburg,,CDI,Non précisé,Non précisé,HR,HR,"<p>Die Elbphilharmonie und Laeiszhalle Betriebsgesellschaft mbH sucht zum nächstmöglichen Zeitpunkt eine</p>
<p><strong>Assistenz (m/w/div.) Personalwesen</strong></p>
<p>in Teilzeit (25 Wochenstunden auf 5 Tage verteilt).</p>
<p>Als Assistenz Personalwesen unterstützt du das Team der Personalabteilung bei der Erledigung ihrer vielfältigen Aufgaben.</p>
<h2>Aufgaben</h2>
<p><strong>Zu deinem Verantwortungsbereich gehört unter anderem:</strong></p>
<ul>
<li>
<p>die Verwaltung der Bewerbungsverfah",1777465839,https://www.arbeitnow.com/jobs/companies/elbphilharmonie-und-laeiszhalle-betriebsgesellschaft-mbh/assistenz-iv-personalwesen-hamburg-52199,Arbeitnow
ai-data-engineer-dingolfing-447377,Ai & Data Engineer,Agentur Philipp GmbH,Dingolfing,,CDI,Non précisé,Non précisé,IT,IT,"<p>Die <strong>AGENTUR</strong> <strong>PHILIPP GmbH</strong> ist eine mehrfach ausgezeichnete Digital-, AI- und Design-Agentur. Wir entwickeln innovative KI-gestützte Lösungen für große Unternehmen, den Mittelstand und Startups. Unser Fokus liegt auf modernsten Technologien wie Large Language Models, Chatbots, Voicebots, Computer Vision und humanoiden Robotern.</p>
<h2>Aufgaben</h2>
<ul>
<li>Entwicklung und Integration von LLM-basierten Systemen — von der Datenpipeline bis zum produktiven Einsa",1777464045,https://www.arbeitnow.com/jobs/companies/agentur-philipp-gmbh/ai-data-engineer-dingolfing-447377,Arbeitnow
it-systemadministrator-berlin-344250,It-Systemadministrator (M/W/D),Dataciders GmbH,Berlin,,CDI,Non précisé,Non précisé,System and Network Administration,System and Network Administration,"<p>Dataciders GmbH, ein führender Dienstleister in der DACH-Region im Bereich IT-Dienstleistungen und IT-Beratung, sucht einen engagierten IT-Systemadministrator (m/w/d), um unser Team zu verstärken.</p>
<p>Mit einem Mitarbeiterstamm von fast 1000 Personen bieten wir eine dynamische Arbeitsumgebung, in der Innovation und Fachwissen im Mittelpunkt stehen. In Deiner Rolle wirst Du eine Schlüsselposition bei der Verwaltung und Optimierung unserer IT-Infrastruktur einnehmen, um unsere Vision zu unte",1777464045,https://www.arbeitnow.com/jobs/companies/dataciders-gmbh/it-systemadministrator-berlin-344250,Arbeitnow
performance-marketing-managerin-seo-sea-social-jakobsdorf-327856,"Performance Marketing Manager*In (Seo, Sea & Social)",Tom Phillip Zenker Digital Marketing Agentur GmbH,Jakobsdorf,,Remote,Non précisé,Non précisé,"Remote, Marketing Manager","Remote, Marketing Manager","<p>Wir suchen zum nächstmöglichen Zeitpunkt Unterstützung für unser Google- und Social-Media-Team.</p>
<p>Als Digital Marketing Agentur steigern wir die Sichtbarkeit unserer Kund*innen und übernehmen nicht nur die Beratung, sondern den gesamten Produktionsprozess - von der Strategie bis zur Umsetzung.</p>
<p>Dabei setzen wir bewusst auf <strong>langfristige Kundenbeziehungen und feste Teams</strong>, um planbar und ohne marktüblichen Stress arbeiten zu können. Durch digitale Zeiterfassung und tr",1777464045,https://www.arbeitnow.com/jobs/companies/tom-phillip-zenker-digital-marketing-agentur-gmbh/performance-marketing-managerin-seo-sea-social-jakobsdorf-327856,Arbeitnow
mitarbeiter-lohn-und-personalabteilung-teilzeit-radebeul-245678,Mitarbeiter (M/W/D) Lohn- Und Personalabteilung | Teilzeit,gourmetta Radebeul,Radebeul,,CDI,Non précisé,Non précisé,Recruitment and Selection,Recruitment and Selection,"<p>Bist du bereit für eine neue Herausforderung?</p>
<p>Gourmetta Radebeul ist ein dynamisches und erfolgreiches Unternehmen in der Systemgastronomie-Branche mit rund 400 Mitarbeitenden. Wir betreiben Betriebsrestaurants, Schulen &#x26; Kindergärten und liefern Menüs an Unternehmen und Senioren.</p>
<p>Zur Verstärkung unserer Personal- und Lohnbuchhaltungsabteilung suchen wir ab sofort einen engagierten Mitarbeiter oder eine engagierte Mitarbeiterin (m/w/d) in Teilzeit (25h/Woche).</p>
<h2>Aufga",1777464044,https://www.arbeitnow.com/jobs/companies/gourmetta-radebeul/mitarbeiter-lohn-und-personalabteilung-teilzeit-radebeul-245678,Arbeitnow
teamleiter-softwareentwickler-all-genders-home-office-100-kassel-110835,Teamleiter Softwareentwickler (All Genders) - Home Office 100 %,fino taxtech GmbH,Kassel,,Remote,Non précisé,Non précisé,"Remote, Software Development","Remote, Software Development","<p>fino taxtech ist ein innovatives Unternehmen an der Schnittstelle von Finanzen, Steuern und Technologie. Als Teil der fino-Gruppe entwickeln wir digitale Lösungen, die steuerliche und finanzielle Prozesse für Unternehmen, Steuerberater und Finanzinstitute deutlich vereinfachen und effizienter gestalten.</p>
<p>Ein besonderer Fokus liegt dabei auf der nahtlosen Integration in bestehende Systeme insbesondere rund um DATEV. Durch unsere Nähe zum DATEV-Ökosystem ermöglichen wir unseren Partnern e",1777464044,https://www.arbeitnow.com/jobs/companies/fino-taxtech-gmbh/teamleiter-softwareentwickler-all-genders-home-office-100-kassel-110835,Arbeitnow
projektleiter-softwareentwicklung-all-genders-home-office-100-kassel-240822,Projektleiter Softwareentwicklung (All Genders) - Home Office 100 %,fino data services GmbH,Kassel,,Remote,Non précisé,Non précisé,"Remote, Project Management","Remote, Project Management","<p>Die fino data services GmbH entwickelt datengetriebene Softwarelösungen im Finanzumfeld. Zur Verstärkung unseres Teams suchen wir einen Technischen Projektmanager (m/w/d), der Projekte an der Schnittstelle zwischen Entwicklung, Produkt und Fachbereich koordiniert und aktiv begleitet.</p>
<h2>Aufgaben</h2>
<p><strong>Projektverantwortung:</strong><br>
End-to-End-Verantwortung für Softwareprojekte – von der Anforderung bis zum Go-Live, mit Fokus auf Umsetzung und Ergebnis<br>
<strong>Anforderun",1777464044,https://www.arbeitnow.com/jobs/companies/fino-data-services-gmbh/projektleiter-softwareentwicklung-all-genders-home-office-100-kassel-240822,Arbeitnow
leitende-medizinische-fachangestellte-mfa-kassel-227929,Leitende Medizinische Fachangestellte (Mfa) (M/W/D),Dr.Baum & Kollegen,Kassel,,CDI,Non précisé,Non précisé,HR,HR,"<p><strong>Struktur. Verantwortung. Qualität.</strong></p>
<p>Du arbeitest präzise, denkst in klaren Abläufen und übernimmst gerne Verantwortung?</p>
<p>Dann bieten wir dir die Möglichkeit, nicht nur Teil unseres Teams zu sein – sondern eine zentrale Rolle in dessen Organisation und Führung zu übernehmen.</p>
<p>Für unsere moderne, privatärztliche Hautarztpraxis in Kassel suchen wir eine <strong>leitende MFA (m/w/d)</strong>, die den Praxisalltag aktiv steuert, Standards sichert und gleichzeitig",1777464042,https://www.arbeitnow.com/jobs/companies/drbaum-kollegen/leitende-medizinische-fachangestellte-mfa-kassel-227929,Arbeitnow
agile-it-projektmanager-berlin-75358,Agile It-Projektmanager (M/W/D),inno2grid GmbH,Berlin,,CDI,Non précisé,Non précisé,Project Management,Project Management,"<p>Der Bereich <strong>Digital Consulting</strong> treibt die digitale Transformation des öffentlichen Sektors, von Unternehmen und Standorten voran. Im Fokus steht die Umsetzung digitaler Lösungen zur Vernetzung von Prozessen, Systemen und Akteuren in den Bereichen Energie und Mobilität. Ziel ist es, Effizienz, Transparenz und Steuerungsfähigkeit zu erhöhen sowie belastbare Entscheidungsgrundlagen für Auftraggeber und Betreiber bereitzustellen.</p>
<p>Durch digitale Infrastrukturen und datenbas",1777462249,https://www.arbeitnow.com/jobs/companies/inno2grid-gmbh/agile-it-projektmanager-berlin-75358,Arbeitnow
redaktion-content-sparring-minijob-remote-cologne-338855,"Redaktion & Content Sparring (M/W/D) - Minijob, Remote",Kiwimo-Product GmbH,Cologne,,Remote,Non précisé,Non précisé,"Remote, Social Media Manager","Remote, Social Media Manager","<p>Unsere Marke WhyWords arbeitet an der Schnittstelle von Positionierung, Inhalt und Wirkung – mit klarem Fokus auf LinkedIn. Unsere Kund:innen sind keine anonymen Marken, sondern Persönlichkeiten mit klarer Haltung und Expertise.</p>
<p>Für die laufende Betreuung suchen wir keine klassische Redakteur:in, sondern jemanden, der oder die im direkten Austausch mit Menschen arbeitet und Inhalte im Gespräch entwickelt.</p>
<p>Die Rolle ist nah an den Kund:innen, dialogorientiert und inhaltlich anspr",1777462249,https://www.arbeitnow.com/jobs/companies/kiwimo-product-gmbh/redaktion-content-sparring-minijob-remote-cologne-338855,Arbeitnow
leitung-in-der-dorphee-kulturgastronomie-in-der-deutschen-oper-am-rhein-dusseldorf-252307,"Leitung M/W/D In Der D´Orphée Kulturgastronomie In Der Deutschen Oper Am Rhein, Düsseldorf","Ambrosia fine food, drinks & coffee GmbH & Co. KG",Düsseldorf,,CDI,Non précisé,Non précisé,HR,HR,"<p>Über uns:</p>
<p>Unsere D`Orphée Kulturgastronomie GmbH betreibt ab August 2025 die Bewirtung der Mitarbeiter*innen, sowie der Gäste in der deutschen Oper am Rhein. Neben der Pausenbewirtung und den Veranstaltungen der Oper Düsseldorf, freuen wir uns nun auch für das kulinarische Wohl der Mitarbeiter*innen der Oper zu sorgen. Wie in all unseren gastronomischen Betrieben arbeiten wir auch in der Kantine mit frischen Produkten und verarbeiten größtenteils saisonale Ware von regionalen Erzeugern",1777462249,https://www.arbeitnow.com/jobs/companies/ambrosia-fine-food-drinks-coffee-gmbh-co-kg/leitung-in-der-dorphee-kulturgastronomie-in-der-deutschen-oper-am-rhein-dusseldorf-252307,Arbeitnow
senior-devops-engineer-all-genders-berlin-482081,Senior Devops Engineer (All Genders),Distribusion Technologies,Berlin,,CDI,Non précisé,Non précisé,"Information technology, bachelor's degree","Information technology, bachelor's degree","<p><strong>Distribusion</strong> is the world’s leading ground transportation marketplace and gives travellers seamless access to ground transportation online, from search to ticket purchase. We have built a cutting-edge B2B technology platform that connects bus, rail, and ferry operators in 70+ countries with the biggest online retailers, including Google Maps and Booking.com.<br /><span style="""">We are shaping the future of travel and building the largest global network of transport providers ",1777461614,https://www.arbeitnow.com/jobs/companies/distribusion-technologies/senior-devops-engineer-all-genders-berlin-482081,Arbeitnow
it-systemadministrator-bad-iburg-11403,It-Systemadministrator (M/W/D),IngenieurNetzwerk Energie eG,Bad Iburg,,CDI,Non précisé,Non précisé,"Information technology, vocational","Information technology, vocational","<p><strong>Das sind wir</strong></p><p>Energie neu gedacht – Die iNeG ist ein unabhängiges Ingenieurbüro und erbringt Leistungen in den Bereichen Energiemanagement und Beratung, Erneuerbare Energien, Quartiersversorgung sowie Technische Gebäudeausrüstung. Mit rund 70 Mitarbeiter:innen begleiten wir unsere Kunden von der Projektentwicklung über die Planung bis hin zur Umsetzung von Bau-, Sanierungs- und Optimierungsmaßnahmen. Wir übernehmen dabei sämtliche Planungsleistungen gemäß HOAI und stehen",1777461614,https://www.arbeitnow.com/jobs/companies/ingenieurnetzwerk-energie-eg/it-systemadministrator-bad-iburg-11403,Arbeitnow
testkaufer-mystery-shopper-in-osterreich-gesucht-burscheid-179884,Testkäufer / Mystery Shopper (M/W/D) In Österreich Gesucht,ComeUnited GmbH,Burscheid,,CDI,Non précisé,Non précisé,"Market Research, Analysis","Market Research, Analysis","<p>concertare ist ein Beratungs- und Dienstleistungsunternehmen, spezialisiert auf das Thema Kundenbeziehungsmanagement. Es gibt uns seit über 20 Jahren. Unsere Auftraggeber unterstützen wir mit Lösungen, mit denen diese ihren Kundenservice verbessern.</p>
<h2>Aufgaben</h2>
<p>Für die Durchführung aktueller Projekte im Handel suchen wir engagierte, freiberufliche Mitarbeiter/innen zur gelegentlichen oder regelmäßigen Durchführung von Testberatungen, Testanrufen oder Testkäufen.</p>
<h2>Qualifika",1777460453,https://www.arbeitnow.com/jobs/companies/comeunited-gmbh/testkaufer-mystery-shopper-in-osterreich-gesucht-burscheid-179884,Arbeitnow
leitung-barchef-barchefin-koln-29842,Leitung M/W/D & Barchef/Barchefin,"Ambrosia fine food, drinks & coffee GmbH & Co. KG",Köln,,CDI,Non précisé,Non précisé,HR,HR,"<p>🎭 <strong>NEUERÖFFNUNG 2026!</strong> 🎶</p>
<p><strong>Oper &#x26; Schauspiel Köln am Offenbachplatz</strong></p>
<p>Auch wir die Gastronomie der Oper &#x26; des Schauspiel Köln starten im <strong>September 2026</strong> neu durch – und DU kannst von Anfang an dabei sein!</p>
<h2>Aufgaben</h2>
<p>Ihre Aufgaben:</p>
<ul>
<li>Freude am Gastgebersein</li>
<li>Führen, Motivieren und Mitarbeiten in einem dynamischen Team</li>
<li>Organisation, Koordination und Kontrolle des reibungslosen Serviceab",1777460453,https://www.arbeitnow.com/jobs/companies/ambrosia-fine-food-drinks-coffee-gmbh-co-kg/leitung-barchef-barchefin-koln-29842,Arbeitnow
junior-marketing-manager-cologne-443907,(Junior) Marketing Manager (M/W/D),Santos Grills GmbH,Cologne,,CDI,Non précisé,Non précisé,Marketing and Communication,Marketing and Communication,"<h2>SANTOS sucht Verstärkung!</h2>
<p>Totale BBQ-Leidenschaft und purer Spaß am Genießen: Dafür steht die SANTOS Grills GmbH schon seit 2005, seit 2021 auch als Teil der globalen ZWILLING-Familie. Wir sind absolut grillverrückt und brennen für innovative Trends genauso wie für altbewährte Features. Erstklassige Qualität, faire Preise und ein Top-Kundenservice machen SANTOS Grills online und offline zu einen der führenden Grillfachhändler Deutschlands. Und wir haben weiterhin große Pläne! Dafür s",1777460452,https://www.arbeitnow.com/jobs/companies/santos-grills-gmbh/junior-marketing-manager-cologne-443907,Arbeitnow
steuerberater-in-stuttgart-auf-wunsch-mit-partnerperspektive-gesucht-mindestens-90000eur-104577,"Steuerberater (M/W/D) In Stuttgart, Auf Wunsch Mit Partnerperspektive, Gesucht - Mindestens 90.000€",Taxtalente.de,Stuttgart,,CDI,Non précisé,Non précisé,"Directors, Chief Executives","Directors, Chief Executives","<p>TaxTalente ist die Nr. 1 Job-Matching Plattform für Jobsuchende in der Steuerberatung.</p>
<p>Sie suchen eine positive berufliche Veränderung? Sie möchten den nächsten Schritt in Ihrer Karriere gehen und streben möglicherweise sogar eine Partnerschaft in einer zukunftsorientierten Kanzlei an? Sie möchten endlich wieder in einem positiven Arbeitsumfeld arbeiten, in dem Sie finanziell und persönlich wertgeschätzt werden? Sie suchen nach Tätigkeiten, die Sie auch wirklich weiterbringen?</p>
<p>S",1777460452,https://www.arbeitnow.com/jobs/companies/taxtalentede/steuerberater-in-stuttgart-auf-wunsch-mit-partnerperspektive-gesucht-mindestens-90000eur-104577,Arbeitnow
praktikum-vereinspartnerschaften-b2b-sales-teamwear-startup-cologne-459630,Praktikum Vereinspartnerschaften & B2B Sales – Teamwear Startup (M/W/D),Prematch,Cologne,,CDI,Non précisé,Non précisé,Business Development,Business Development,"<h2>Hej! Schön dass du hier bist</h2>
<p>Als die Super-Plattform für den nicht-professionellen Fußball in Europa bringen wir Profi-Erlebnisse – von Nachrichten über Daten bis hin zu Gamification – direkt zu einer Community von über 190 Millionen Fußballern und Fans.</p>
<p>Wir sind Prematch, 2021 in Köln gegründet, ein dynamisches Startup mit smarten und „hungrigen“ Teammitgliedern. Unser Marketing- und Business-Team sitzt in Köln, Berlin &#x26; London, unser Tech- &#x26; Product-Team arbeitet r",1777460451,https://www.arbeitnow.com/jobs/companies/prematch/praktikum-vereinspartnerschaften-b2b-sales-teamwear-startup-cologne-459630,Arbeitnow
it-service-manager-munich-63586,It-Service Manager,Merkl IT GmbH,Munich,,CDI,Non précisé,Non précisé,Applications Administration,Applications Administration,"<p>Wir suchen einen <strong>IT-Service Manager</strong> (m/w/d) ab sofort, unbefristet, Vollzeit, hybrides Arbeitsmodell.</p>
<p>Du unterstützt unsere Kunden beim Betrieb von Applikationen und<br>
Services (hybrides Arbeitsmodell: beim Kunden in München, im Büro in<br>
München, im Home-Office) und stehst für Anwender mit Deinem Team als<br>
zentraler Ansprechpartner zur Verfügung. Zudem unterstützt Du Deine<br>
Kollegen bei der Planung von Releases, Wartungen oder Neuanforderungen.<br>
Doch bevo",1777460451,https://www.arbeitnow.com/jobs/companies/merkl-it-gmbh/it-service-manager-munich-63586,Arbeitnow
senior-produkt-marketing-manager-magdeburg-335202,Senior Produkt Marketing Manager (M/W/D),HM Management Services GmbH,Magdeburg,,CDI,Non précisé,Non précisé,Marketing and Communication,Marketing and Communication,"<h2>Mach aus Produktstrategie klare Marktwirkung.</h2>
<p>Bei uns sorgst du dafür, dass unsere Produkte verstanden, differenziert wahrgenommen und erfolgreich im Markt platziert werden.</p>
<p><strong>Über die HASOMED-Unternehmensgruppe</strong></p>
<p>Seit über 30 Jahren entwickeln wir in Magdeburg Software und digitale Lösungen für das Gesundheitswesen. Unter dem Dach der HASOMED Gruppe verbinden wir Erfahrung, technologische Innovation und ein gemeinsames Ziel: Produkte zu schaffen, die Thera",1777458649,https://www.arbeitnow.com/jobs/companies/hm-management-services-gmbh/senior-produkt-marketing-manager-magdeburg-335202,Arbeitnow
projektingenieur-all-genders-konstruktion-entwicklung-emsdetten-463600,Projektingenieur (All Genders) - Konstruktion & Entwicklung,Schwarte Group GmbH,Emsdetten,,CDI,Non précisé,Non précisé,Engineering,Engineering,<p>SCHWARTE JANSKY – dieser Name steht bereits fast schon synonym für den schonenden und hygienischen Transport flüssiger Lebensmittel und anderer empfindlicher Substanzen. Als Markt- und Technologieführer mit mehr als 75 Jahren Erfahrung entwickeln wir wegweisende Lösungen für die Milchsammlung und -logistik – und das auf höchstem technischen Niveau. Ergänzt wird unser Sortiment durch unsere Produkte für den Transport von Bier und anderer sensibler Flüssigkeiten sowie für die Entsorgungslogisti,1777458649,https://www.arbeitnow.com/jobs/companies/schwarte-group-gmbh/projektingenieur-all-genders-konstruktion-entwicklung-emsdetten-463600,Arbeitnow
hr-manager-in-teilzeit-biberach-150115,Hr-Manager In Teilzeit (M/W/D),Kaufmann & Kaufmann Steuerberater Partnerschaft mbB,Biberach,,CDI,Non précisé,Non précisé,HR,HR,"<p><strong>Wir stellen uns dir vor.</strong></p>
<p>Eine Kanzlei, vielschichtige Leistungsbereiche und über 40 Teammitglieder - was wie eine klassische mittelständische Steuerberatungs- und Rechtsanwaltsgesellschaft klingen mag, ist bei genauerem Betrachten vielleicht doch etwas mehr. Wir sehen den Menschen vor den Zahlen, denken und handeln fortschrittlich und arbeiten kontinuierlich daran, uns als Kanzlei und Arbeitgeber sinnvoll weiterzuentwickeln.</p>
<p>Wenn du aus Gründen wie fehlender Wer",1777458649,https://www.arbeitnow.com/jobs/companies/kaufmann-kaufmann-steuerberater-partnerschaft-mbb/hr-manager-in-teilzeit-biberach-150115,Arbeitnow
it-systemadministratorin-erlangen-172082,It-Systemadministrator:In (M/W/D),Raphael Frasch GmbH,Erlangen,,CDI,Non précisé,Non précisé,System and Network Administration,System and Network Administration,"<p>Bist du bereit, als IT-Systemadministrator:in (m/w/d) Teil unseres Teams bei Raphael Frasch GmbH in Erlangen zu werden? Wir sind ein engagiertes IT-Systemhaus im Herzen der Metropolregion Nürnberg-Fürth-Erlangen. Unser Team lebt Werte wie Zugehörigkeit, Kommunikation und Teamarbeit und betreut sowohl mittelständische Unternehmen als auch Großkunden wie die Universitätsklinik Erlangen.</p>
<p>Bei uns kannst du deine Selbstständigkeit voll ausleben und mit deinem Verantwortungsbewusstsein zum E",1777458648,https://www.arbeitnow.com/jobs/companies/raphael-frasch-gmbh/it-systemadministratorin-erlangen-172082,Arbeitnow
cro-manager-e-commerce-in-vollzeit-stuttgart-363026,Cro Manager - E-Commerce (M/W/D) In Vollzeit,Globalist GmbH,Stuttgart,,CDI,Non précisé,Non précisé,Marketing Manager,Marketing Manager,"<p>🚀 Globalist ist DIE führende Performance-Marketing-Agentur für nationale und internationale digitale Marketingstrategien, made in Stuttgart!</p>
<p>Unsere Agentur ist in Paid Search, Paid Social und Organic Search unterteilt und betreut bereits über 370 Kunden. Wir verwalten jährlich 60 Mio. € Werbebudget und kombinieren Strategie mit operativer Skalierungsexpertise. Dank direkter Google- und Meta-Schulungen setzen wir auf moderne, datengetriebene Performance-Optimierung.</p>
<p>Zu unseren Ku",1777456841,https://www.arbeitnow.com/jobs/companies/globalist-gmbh/cro-manager-e-commerce-in-vollzeit-stuttgart-363026,Arbeitnow
full-stack-entwickler-net-100-remote-frankfurt-am-main-122380,Full-Stack Entwickler (M/W/D) - .Net 100% Remote,FNTIO,Frankfurt am Main,,Remote,Non précisé,Non précisé,"Remote, Consulting, Engineering","Remote, Consulting, Engineering","<p>FNTIO sind AI-First Systems Engineers für Enterprise. Wir arbeiten seit 2022 produktiv mit AI in echten Kundenprojekten. Siemens, Deutsche Börse, Volkswagen.</p>
<p>Wir liefern Projekte mit Ergebnisverantwortung. Kein Body Leasing, keine PowerPoints. Unsere Engineers denken in Architekturen und Entscheidungen. AI übernimmt die Ausführung. Wer bei uns arbeitet, ist Produktmanager seines eigenen AI-Teams: mit Claude Code, Cursor und den Tools, die wirklich funktionieren.</p>
<h2>Aufgaben</h2>
<",1777456841,https://www.arbeitnow.com/jobs/companies/fntio/full-stack-entwickler-net-100-remote-frankfurt-am-main-122380,Arbeitnow
senior-ai-systems-engineer-aws-100-remote-frankfurt-am-main-153269,Senior Ai Systems Engineer (Aws) 100% Remote (M/W/D),FNTIO,Frankfurt am Main,,Remote,Non précisé,Non précisé,"Remote, Consulting, Engineering","Remote, Consulting, Engineering","<p>FNTIO sind AI-First Systems Engineers für Enterprise. Wir arbeiten seit 2022 produktiv mit AI in echten Kundenprojekten. Siemens, Deutsche Börse, Volkswagen.</p>
<p>Wir liefern Projekte mit Ergebnisverantwortung. Kein Body Leasing, keine PowerPoints. Unsere Engineers denken in Architekturen und Entscheidungen. AI übernimmt die Ausführung. Wer bei uns arbeitet, ist Produktmanager seines eigenen AI-Teams: mit Claude Code, Cursor und den Tools, die wirklich funktionieren.</p>
<h2>Aufgaben</h2>
<",1777456841,https://www.arbeitnow.com/jobs/companies/fntio/senior-ai-systems-engineer-aws-100-remote-frankfurt-am-main-153269,Arbeitnow
kaufmannischer-mitarbeiter-controlling-finance-hamburg-71374,Kaufmännischer Mitarbeiter Controlling / Finance (W/M/D),WK Consult,Hamburg,,CDI,Non précisé,Non précisé,Controlling,Controlling,"<p>Als <strong>kaufmännischer Mitarbeiter Controlling / Finance (w/m/d)</strong> unterstützt Du unser <strong>Financeteam</strong> mit fundierten Analysen, treibst wichtige Prozesse voran und wirkst aktiv daran mit, unser Berichtswesen zukunftsfähig weiterzuentwickeln. Bei <strong>WK Consult</strong> arbeiten wir seit mehr als 80 Jahren mit Leidenschaft an anspruchsvollen Projekten im Bauingenieurwesen. Hinter jedem erfolgreichen Projekt stehen dabei nicht nur technische Lösungen, sondern auch k",1777456841,https://www.arbeitnow.com/jobs/companies/wk-consult/kaufmannischer-mitarbeiter-controlling-finance-hamburg-71374,Arbeitnow
studentische-hilfskraft-werkstudent-talent-acquisiton-office-assistance-frankfurt-am-main-474233,Studentische Hilfskraft / Werkstudent (M/W/D) Talent Acquisiton & Office Assistance,CBRE Global Workplace Solutions / Data Center Solutions,Frankfurt am Main,,CDI,Non précisé,Non précisé,Recruitment and Selection,Recruitment and Selection,"<p><strong>ÜBER CBRE DATA CENTER SOLUTIONS</strong></p>
<p>CBRE Data Center Solutions (DCS) ist Teil der CBRE-Gruppe mit über 130.000 Mitarbeiter*innen weltweit und der weltweit führende Dienstleister für vollständig integrierte Immobilien-, Anlagen- und Technologielösungen für Rechenzentrumsbetreiber auf der ganzen Welt. Als dedizierter Geschäftsbereich innerhalb CBRE widmet sich DCS der Lösung komplexer Herausforderungen in jeder Phase des Lebenszyklus von Rechenzentren.</p>
<p>Allein in Deuts",1777456840,https://www.arbeitnow.com/jobs/companies/cbre-global-workplace-solutions-data-center-solutions/studentische-hilfskraft-werkstudent-talent-acquisiton-office-assistance-frankfurt-am-main-474233,Arbeitnow
senior-amazon-marketplace-manager-100-remote-in-d2c-scale-up-munich-85784,Senior Amazon Marketplace Manager (M/W/D) - 100% Remote In D2C Scale-Up,Health Routine,Munich,,CDI,Non précisé,Non précisé,"Management, Team Leader","Management, Team Leader","<p><strong>""Für ein erfülltes Leben, unabhängig vom Lebensalter""</strong></p>
<p>Unter diesem Motto entwickeln wir bei Health Routine natürliche Gesundheitsprodukte, die Menschen helfen, sich in jedem Lebensabschnitt wohlzufühlen. Wir sind ein 35-köpfiges dynamisches Team, welches sowohl an unserem Firmenstandort in Innsbruck, als auch Remote quer durch Deutschland &#x26; Österreich verteilt arbeitet.</p>
<p>Um unser Amazon-Geschäft auf das <strong>nächste Level</strong> zu heben, suchen wir zum",1777455036,https://www.arbeitnow.com/jobs/companies/health-routine/senior-amazon-marketplace-manager-100-remote-in-d2c-scale-up-munich-85784,Arbeitnow
retail-controller-weil-am-rhein-468049,Retail Controller (M/W/D),Work In Progress Textilhandels GmbH,Weil am Rhein,,CDI,Non précisé,Non précisé,Controlling,Controlling,"<p>Hinter der Marke Carhartt WIP steht die WIP Trading AG. Unsere Schweizer Unternehmensgruppe hat in den frühen neunziger Jahren als Lizenznehmer und europäischer Vertriebspartner des US-amerikanischen Arbeitsbekleidungsherstellers Carhartt ihren Anfang genommen. Seit dem entwickelt WIP basierend auf amerikanischen Originalen eigene Carhartt WIP Kollektionen.</p>
<p>Carhartt Work In Progress steht für den Anspruch, sich stets weiterzuentwickeln ohne die eigenen Wurzeln aus dem Blick zu verliere",1777455035,https://www.arbeitnow.com/jobs/companies/work-in-progress-textilhandels-gmbh/retail-controller-weil-am-rhein-468049,Arbeitnow
ausbildung-fachinformatiker-in-fur-anwendungsentwicklung-meerbusch-378352,Ausbildung Fachinformatiker/In Für Anwendungsentwicklung (M/W/D),EC Consulting,Meerbusch,,CDI,Non précisé,Non précisé,"SAP/ERP Consulting, Development","SAP/ERP Consulting, Development","<p>Wir sind ein inhabergeführtes Unternehmen mit flachen Strukturen. <strong>Seit über 25 Jahren</strong> digitalisieren wir bereits die Geschäftsprozesse unserer Kunden mit unseren Software- &#x26; Beratungslösungen. Du findest <strong>unsere Lösungen bei namhaften Unternehmen</strong> in den Branchen Industrie, Handel und Non-Profit.</p>
<h2>Aufgaben</h2>
<ul>
<li><strong>Konzeptionieren von Softwareanforderungen</strong></li>
<li>Anwendung von Programmierlogiken, -methoden und -sprachen</li>
",1777455035,https://www.arbeitnow.com/jobs/companies/ec-consulting/ausbildung-fachinformatiker-in-fur-anwendungsentwicklung-meerbusch-378352,Arbeitnow
mitarbeiter-finanzbuchhaltung-neuss-197751,Mitarbeiter (M/W/D) Finanzbuchhaltung,FERGO Armaturen GmbH,Neuss,,CDI,Non précisé,Non précisé,Finance,Finance,"<p>Die FERGO Armaturen GmbH ist ein wachsendes Unternehmen im Sektor der Regelungstechnik. Wir lagern, automatisieren und vertreiben Industriearmaturen europa- und weltweit. Zur Unterstützung der Finanzbuchhaltung suchen wir ab sofort eine zuverlässige Person im Bereich Finanzbuchhaltung in Teilzeit.</p>
<h2>Aufgaben</h2>
<p><strong>Ihre Aufgaben</strong></p>
<ul>
<li>Laufende Finanzbuchhaltung, insbesondere Debitoren, Kreditoren und Sachkonten</li>
<li>Kommunikation mit dem Steuerbüro</li>
<li>",1777455035,https://www.arbeitnow.com/jobs/companies/fergo-armaturen-gmbh/mitarbeiter-finanzbuchhaltung-neuss-197751,Arbeitnow
grafik-designer-cologne-65139,Grafik Designer (M/W/D),Santos Grills GmbH,Cologne,,CDI,Non précisé,Non précisé,Marketing and Communication,Marketing and Communication,"<h2>SANTOS sucht Verstärkung!</h2>
<p>Totale BBQ-Leidenschaft und purer Spaß am Genießen: Dafür steht die SANTOS Grills GmbH schon seit 2005, seit 2021 auch als Teil der globalen ZWILLING-Familie. Wir sind absolut grillverrückt und brennen für innovative Trends genauso wie für altbewährte Features. Erstklassige Qualität, faire Preise und ein Top-Kundenservice machen SANTOS Grills online und offline zu dem führenden Grillfachhändler Deutschlands. Und wir haben weiterhin große Pläne! Dafür suchen ",1777455035,https://www.arbeitnow.com/jobs/companies/santos-grills-gmbh/grafik-designer-cologne-65139,Arbeitnow
junior-it-systemadministrator-interne-it-infrastruktur-bremen-484657,Junior It Systemadministrator (M/W/D) - Interne It & Infrastruktur,MERENTIS GmbH,Bremen,,CDI,Non précisé,Non précisé,System and Network Administration,System and Network Administration,"<p>Bei MERENTIS gestalten wir seit 30 Jahren die digitale Zukunft unserer Kunden – mit smarten Lösungen, echter Beratungskompetenz und einem Team, das Digitalisierung lebt.</p>
<p>Als Verstärkung für unsere interne IT suchen wir zeitnah einen <strong>Junior IT-Systemadministrator</strong> in <strong>Vollzeit</strong>.</p>
<h2>Aufgaben</h2>
<p>Du unterstützt das M/Team bei der Betreuung unserer internen IT-Umgebung sowie der Mitarbeitenden und wirkst schrittweise an Infrastruktur- und Kundenproje",1777455034,https://www.arbeitnow.com/jobs/companies/merentis-gmbh/junior-it-systemadministrator-interne-it-infrastruktur-bremen-484657,Arbeitnow
praktikant-human-resources-am-standort-leipzig-390908,Praktikant (M/W/D) Human Resources Am Standort Leipzig,allaboutHRLaw GmbH,Leipzig,,CDI,Non précisé,Non précisé,HR,HR,"<p><strong>allaboutHRLaw</strong> GmbH ist ein dynamisches, stark wachsendes Beratungsunternehmen, welches für Start-ups, kleine und mittelständische Unternehmen ganz oder teilweise die Personalarbeit übernimmt, als HR as a service. Wir haben bereits namhafte Start-ups auf dem Weg zum „erwachsenen“ Unternehmen begleitet und betreuen unsere Kunden über Jahre hinweg. Referenzen kannst du auf unserer Website  einsehen.</p>
<p>Wir sind ein Team von hochmotivierten bundesweit tätigen HRlern mit Fokus",1777455034,https://www.arbeitnow.com/jobs/companies/allabouthrlaw-gmbh/praktikant-human-resources-am-standort-leipzig-390908,Arbeitnow
financial-controller-weil-am-rhein-409637,Financial Controller (M/W/D),Work In Progress Textilhandels GmbH,Weil am Rhein,,CDI,Non précisé,Non précisé,Controlling,Controlling,"<p>Hinter der Marke Carhartt WIP steht die WIP Trading AG. Unsere Schweizer Unternehmensgruppe hat in den frühen neunziger Jahren als Lizenznehmer und europäischer Vertriebspartner des US-amerikanischen Arbeitsbekleidungsherstellers Carhartt ihren Anfang genommen. Seit dem entwickelt WIP basierend auf amerikanischen Originalen eigene Carhartt WIP Kollektionen.</p>
<p>Carhartt Work In Progress steht für den Anspruch, sich stets weiterzuentwickeln ohne die eigenen Wurzeln aus dem Blick zu verliere",1777455033,https://www.arbeitnow.com/jobs/companies/work-in-progress-textilhandels-gmbh/financial-controller-weil-am-rhein-409637,Arbeitnow
kundenbetreuer-fur-designermobel-showroom-cologne-54469,Kundenbetreuer (M/W/D) Für Designermöbel Showroom,"Brinkdoor Ltd., London, Zweigniederlassung Erlenbach, Schweiz",Cologne,,CDI,Non précisé,Non précisé,Graphic Arts and Communication Design,Graphic Arts and Communication Design,"<p>Über die Rolle</p>
<p>Du liebst hochwertige Designermöbel, den persönlichen Kundenkontakt im Showroom und hast Freude daran, aktiv zu verkaufen?</p>
<p>Als <strong>Kundenbetreuer (m/w/d)</strong> übernimmst du eine zentrale Rolle im Vertrieb: Du berätst Kund:innen vor Ort und digital, qualifizierst Anfragen, steuerst Leads durch den Sales‑Prozess und führst sie gezielt zum Abschluss.</p>
<p>Der Samstag ist unser stärkster Verkaufstag, dafür erhältst du unter der Woche einen festen Ausgleichst",1777455033,https://www.arbeitnow.com/jobs/companies/brinkdoor-ltd-london-zweigniederlassung-erlenbach-schweiz/kundenbetreuer-fur-designermobel-showroom-cologne-54469,Arbeitnow
senior-sap-fi-co-berater-in-ulm-gesucht-rubinion-ag-240844,(Senior) Sap Fi/Co Berater (M/W/D) In Ulm Gesucht! | Rubinion Ag,Jobportal,Ulm,,CDI,Non précisé,Non précisé,"SAP/ERP Consulting, Development","SAP/ERP Consulting, Development","<p>Wir bei Rubinion glauben, dass digitale Transformation mehr ist als nur Code und Prozesse: Es geht darum, echte Mehrwerte für Menschen zu schaffen. Wir begleiten unsere Kund:innen mit Leidenschaft durch komplexe IT-Landschaften und setzen dort an, wo Standardlösungen ihre Grenzen erreichen.</p>
<p>Als Experten-Team für Finance und Controlling schlagen wir die Brücke zwischen betriebswirtschaftlichem Know-how und technologischer Innovation. Dabei begegnen wir uns auf Augenhöhe: intern wie exte",1777453241,https://www.arbeitnow.com/jobs/companies/jobportal/senior-sap-fi-co-berater-in-ulm-gesucht-rubinion-ag-240844,Arbeitnow
warehouse-associate-repair-department-tumi-unna-88438,Warehouse Associate - Repair Department (M/W/D) - Tumi Unna,TUMI,Unna,,CDI,Non précisé,Non précisé,Customer Service,Customer Service,"<p>Als Teil der Samsonite Gruppe, dem weltweit größten Unternehmen für Reisegepäck mit einer über 100-jährigen Tradition, ist <strong>TUMI eine international etablierte Lifestyle-Marke im Premium Segment für Reisegepäck, Businesstaschen und Lederaccessoires</strong>, mit über 200 eigenen Geschäften sowie über 400 Partnern des exklusiven Einzelhandels, in 65 Ländern. Es ist unsere Philosophie und Mission zugleich, Produkte zu entwickeln, die die menschliche Mobilität stilvoll ergänzen. Liebe zum ",1777453241,https://www.arbeitnow.com/jobs/companies/tumi/warehouse-associate-repair-department-tumi-unna-88438,Arbeitnow
ausbildung-fachinformatikerin-anwendungsentwicklung-2026-frechen-375706,Ausbildung Fachinformatiker*In Anwendungsentwicklung 2026 (M/W/D),consurio AG,Frechen,,CDI,Non précisé,Non précisé,IT,IT,"<p>Als ständig wachsendes Unternehmen suchen wir engagierte Mitarbeiter für unsere anspruchsvollen Projekte. Die <strong>consurio AG</strong> ist einer der führenden Versicherungsvertriebe in Deutschland. Wir versichern Menschen von A-Z mit dem passenden Tarif und einer professionellen Beratung.</p>
<p>Zum nächstmöglichen Zeitpunkt suchen wir für unseren Standort in Frechen bei Köln eine/n <strong>Ausbildung Fachinformatiker*in Anwendungsentwicklung (m/w/d)</strong>.</p>
<h2>Aufgaben</h2>
<p><st",1777453241,https://www.arbeitnow.com/jobs/companies/consurio-ag/ausbildung-fachinformatikerin-anwendungsentwicklung-2026-frechen-375706,Arbeitnow
lagermitarbeiter-mit-staplerschein-tumi-services-gmbh-unna-457521,Lagermitarbeiter Mit Staplerschein (M/W/D) - Tumi Services Gmbh Unna,TUMI,Unna,,CDI,Non précisé,Non précisé,Marketing and Communication,Marketing and Communication,"<p>Als Teil der Samsonite Gruppe, dem weltweit größten Unternehmen für Reisegepäck mit einer über 100-jährigen Tradition, ist <strong>TUMI eine international etablierte Lifestyle-Marke im Premium Segment für Reisegepäck, Businesstaschen und Lederaccessoires</strong> mit über 200 eigenen Geschäften sowie über 400 Partnern des exklusiven Einzelhandels in 65 Ländern.</p>
<p>Unser Standort in <strong>Unna</strong> ist das europäische Distributionszentrum für TUMI. Zur Erweiterung unseres Teams suche",1777453240,https://www.arbeitnow.com/jobs/companies/tumi/lagermitarbeiter-mit-staplerschein-tumi-services-gmbh-unna-457521,Arbeitnow
customer-support-specialist-medtech-saas-munich-56163,Customer Support Specialist | Medtech Saas (W/M/D),ONCARE GmbH,Munich,,CDI,Non précisé,Non précisé,IT,IT,"<p>Bei <strong>myoncare</strong> gestalten wir nicht nur Software –</p>
<p>wir bauen ein internationales <strong>Gesundheits-Ökosystem</strong>, das Versorgung neu definiert.</p>
<p>Unsere Plattform verbindet Patienten, Kliniken, Ärzte und Partner in einem einzigen, intelligenten System und schafft damit etwas, das es so noch nie gab: <strong>kontinuierliche, datensichere und personalisierte Betreuung rund um die Uhr.</strong></p>
<p>Damit unsere Software sicher, zuverlässig und wirkungsvoll im ",1777453240,https://www.arbeitnow.com/jobs/companies/oncare-gmbh/customer-support-specialist-medtech-saas-munich-56163,Arbeitnow
projektmanagerin-social-creator-marketing-intermediate-dortmund-437958,Projektmanager:In Social & Creator Marketing (Intermediate) (W/M/D),likeyaa GmbH,Dortmund,,CDI,Non précisé,Non précisé,Marketing and Communication,Marketing and Communication,"<p>Social Media ist voll von Content. Aber nur ein Teil davon bewegt wirklich etwas.</p>
<p>Genau daran arbeiten wir jeden Tag. Mit Strategien, Creator:innen und Ideen, die nicht nur Reichweite bringen, sondern Wirkung.</p>
<p>Und genau dafür suchen wir dich!</p>
<h2>Aufgaben</h2>
<ul>
<li>Eigenverantwortliche Planung, Steuerung und Umsetzung von Social- und Creator-Marketing-Kampagnen</li>
<li>Zentrale:r Ansprechpartner:in für Kund:innen während laufender Projekte</li>
<li>Koordination von Crea",1777453240,https://www.arbeitnow.com/jobs/companies/likeyaa-gmbh/projektmanagerin-social-creator-marketing-intermediate-dortmund-437958,Arbeitnow
demand-planner-all-genders-berlin-4777,Demand Planner (All Genders),Glow25 (by Primal State Performance GmbH),Berlin,,Remote,Non précisé,Non précisé,"Remote, Business Operations","Remote, Business Operations","<p><strong>Willkommen bei Glow25!</strong>
Wir sind ein dynamisches, schnell wachsendes Beauty &#x26; Pro Aging Unternehmen aus Berlin – mit einer Herzensmission: <strong>Glow-Momente</strong> schaffen. Für unsere Kund:innen, für unser Team, für alle, die sich in ihrer Haut wohlfühlen und ihre innere Schönheit strahlen lassen möchten.</p>
<p>Für uns bedeutet Arbeit mehr als nur Produktivität – sie soll inspirieren, begeistern und Freude bringen. Und genau hier kommst du ins Spiel! Wir wachsen ra",1777453240,https://www.arbeitnow.com/jobs/companies/glow25-by-primal-state-performance-gmbh/demand-planner-all-genders-berlin-4777,Arbeitnow
people-operations-specialist-all-genders-hamburg-277801,People Operations Specialist (All Genders),JAKALA Germany GmbH,Hamburg,,CDI,Non précisé,Non précisé,HR,HR,"<p>HR läuft für dich nicht einfach nur „mit“ - du sorgst dafür, dass es funktioniert, skaliert und besser wird? Dann lies weiter!</p>
<p>Denn genau darum geht es bei uns: nicht nur operatives HR sauber umzusetzen, sondern Strukturen zu schaffen, die mit dem Unternehmen wachsen. Du übernimmst eine zentrale Rolle in der Weiterentwicklung unserer People Experience entlang des gesamten Employee Lifecycles, hältst das Tagesgeschäft am Laufen und denkst gleichzeitig weiter: Wie können wir Prozesse ver",1777453240,https://www.arbeitnow.com/jobs/companies/jakala-germany-gmbh/people-operations-specialist-all-genders-hamburg-277801,Arbeitnow
quereinsteiger-als-finanzberater-in-kempten-343935,Quereinsteiger Als Finanzberater (M/W/D) In Kempten,Christoph Lang,Kempten,,CDI,Non précisé,Non précisé,"Asset, Fonds Management","Asset, Fonds Management","<p>Die TELIS Finanz AG ist ein unabhängiger Finanzdienstleister mit Fokus auf ganzheitliche Beratung privater Haushalte. Wir helfen Kunden, ihre Finanzen, Vorsorge und Vermögensplanung optimal zu gestalten. Für unseren Standort in Kempten suchen wir motivierte Quereinsteiger in der Finanzberatung.</p>
<h2>Aufgaben</h2>
<p><strong>Was erwartet Dich?</strong><br>
- Du berätst Deine Kunden ganzheitlich rund um Finanzen, Absicherung und Vermögensaufbau.<br>
- Du analysierst individuelle Situationen ",1777453239,https://www.arbeitnow.com/jobs/companies/christoph-lang/quereinsteiger-als-finanzberater-in-kempten-343935,Arbeitnow
abap-entwickler-warehouse-management-und-mobile-apps-wurzburg-403720,Abap Entwickler - Warehouse Management Und Mobile Apps (M/W/D),Flexus AG,Würzburg,,CDI,Non précisé,Non précisé,Software Development,Software Development,"<h2>Deine Aufgaben</h2>
<ul>
<li>Gemeinsam mit unseren Beratern <strong>entwickelst du maßgenaue Softwarelösungen</strong>, bei denen deine Ideen und dein Gespür für benutzerfreundliche Anwendungen gefragt sind – vom ersten Konzept bis zum Go-live.</li>
<li><strong>Hinter jeder Codezeile steht ein Ziel: das Leben der Anwender einfacher zu machen.</strong> Durch die Entwicklung innovativer Features, das Testing neuer Funktionen und die Optimierung bestehender Prozesse gestaltest du aktiv eine bes",1777453239,https://www.arbeitnow.com/jobs/companies/flexus-ag/abap-entwickler-warehouse-management-und-mobile-apps-wurzburg-403720,Arbeitnow
quereinsteiger-als-finanzberater-in-kaufbeuren-483924,Quereinsteiger Als Finanzberater (M/W/D) In Kaufbeuren,Christoph Lang,Kaufbeuren,,CDI,Non précisé,Non précisé,"Asset, Fonds Management","Asset, Fonds Management","<p>Die TELIS Finanz AG ist ein unabhängiger Finanzdienstleister mit Fokus auf ganzheitliche Beratung privater Haushalte. Wir helfen Kunden, ihre Finanzen, Vorsorge und Vermögensplanung optimal zu gestalten. Für unseren Standort in Kaufbeuren suchen wir motivierte Quereinsteiger in der Finanzberatung.</p>
<h2>Aufgaben</h2>
<p><strong>Was erwartet Dich?</strong><br>
- Du berätst Deine Kunden ganzheitlich rund um Finanzen, Absicherung und Vermögensaufbau.<br>
- Du analysierst individuelle Situation",1777453239,https://www.arbeitnow.com/jobs/companies/christoph-lang/quereinsteiger-als-finanzberater-in-kaufbeuren-483924,Arbeitnow
payroll-specialist-freiburg-im-breisgau-193224,Payroll Specialist (M/W/D),visionm GmbH,Freiburg im Breisgau,,CDI,Non précisé,Non précisé,Compensation and Benefits,Compensation and Benefits,"<p><strong>Sie lieben es, wenn Zahlen stimmen und Prozesse rundlaufen?</strong></p>
<p>Dann sind Sie bei unserem Kunden genau richtig! Wir suchen für unseren Mandanten eine engagierte Persönlichkeit, die nicht nur die Entgeltabrechnung im Griff hat, sondern auch Lust hat, moderne HR-Prozesse weiterzuentwickeln.</p>
<p>Unser Kunde ist auf die Entwicklung und Fertigung von Spezialprodukten ausgerichtet. Diese Produkte finden überwiegend industrielle Anwendungen, insbesondere in Bereichen, die hohe",1777453236,https://www.arbeitnow.com/jobs/companies/visionm-gmbh/payroll-specialist-freiburg-im-breisgau-193224,Arbeitnow
office-manager-teilzeit-munich-276003,Office Manager (M/W/D) Teilzeit,New Flag GmbH,Munich,,CDI,Non précisé,Non précisé,Administration and Secretariat,Administration and Secretariat,"<h2>Das erwartet Dich bei uns</h2>
<p>Du hast Freude daran, ein Office nicht nur zu organisieren, sondern aktiv mitzugestalten? Du behältst den Überblick, packst gerne operativ mit an und sorgst dafür, dass sich Mitarbeitende, Gäste, Lieferanten und externe Partner bei uns willkommen fühlen? Dann komm in unser Team und unterstütze uns dabei, unser Office Management professionell, effizient und mit viel Liebe zum Detail weiterzuentwickeln.</p>
<ul>
<li>Du sitzt bei uns am Empfang und bist die ers",1777453236,https://www.arbeitnow.com/jobs/companies/new-flag-gmbh/office-manager-teilzeit-munich-276003,Arbeitnow
projektmanager-wegerecht-und-flachensicherung-erneuerbare-energien-molbergen-64255,Projektmanager (M/W/D) Wegerecht Und Flächensicherung - Erneuerbare Energien,Deutscher Bauservice GmbH,Molbergen,,CDI,Non précisé,Non précisé,Project Management,Project Management,"<p>Du willst die Energiewende nicht nur begleiten – du willst sie aktiv gestalten? Dann bist du bei uns genau richtig.</p>
<p>Wir entwickeln und realisieren Projekte im Bereich Windenergie, Photovoltaik, Batteriespeicher (BESS) und Stromtrassen – und treiben damit die Energiewende aktiv voran. Für unser wachsendes Team suchen wir eine erfahrene Koordinationspersönlichkeit, die unsere Flächensicherungsprozesse strukturiert und zuverlässig steuert.</p>
<p>Bewirb Dich noch heute und komm in unser T",1777451448,https://www.arbeitnow.com/jobs/companies/deutscher-bauservice-gmbh/projektmanager-wegerecht-und-flachensicherung-erneuerbare-energien-molbergen-64255,Arbeitnow
associate-controller-frankfurt-am-main-468554,Associate Controller (M/W/D),visionm GmbH,Frankfurt am Main,,CDI,Non précisé,Non précisé,Controlling,Controlling,"<p>Als Associate Controller (m/w/d) unterstützen Sie das Operations Controlling für die Geschäftseinheiten unseres Kunden in enger Zusammenarbeit mit der kaufmännischen Geschäftsführung und den operativen Einheiten.</p>
<h2>Aufgaben</h2>
<ul>
<li>Durchführung analytischer Auswertungen des operativen Geschäfts und Erkennung von Optimierungspotenzialen</li>
<li>Entwicklung proaktiver Handlungsempfehlungen auf Basis Ihrer Analysen</li>
<li>Mitwirkung an der Betriebsplanung gemeinsam mit Senior Cont",1777451447,https://www.arbeitnow.com/jobs/companies/visionm-gmbh/associate-controller-frankfurt-am-main-468554,Arbeitnow
it-systemadministrator-cloud-und-anwendersupport-berlin-39518,It-Systemadministrator (M/W/D) Cloud- Und Anwendersupport,NORSAN (GmbH),Berlin,,CDI,Non précisé,Non précisé,Applications Administration,Applications Administration,"<p><em>Velkommen om bord</em> – Willkommen an Bord!</p>
<p><strong>Was erwartet Dich?</strong> Ein Team mit norwegischen Wurzeln – hochmotiviert und international – Hersteller der besten Omega-3 Produkte – eine Crew mit ganz viel Omega-3 Expertise – Das und vieles mehr sind wir, NORSAN.</p>
<p><strong>Unsere Mission?</strong> Wir wollen über Omega-3-Fettsäuren und deren positive Wirkungen im Körper informieren und aufklären. Gleichzeitig möchten wir die besten Omega-3 Produkte zu einer optimalen",1777451447,https://www.arbeitnow.com/jobs/companies/norsan-gmbh/it-systemadministrator-cloud-und-anwendersupport-berlin-39518,Arbeitnow
disponent-mit-polnischen-sprachkenntnissen-erfurt-400252,Disponent Mit Polnischen Sprachkenntnissen (M/W/D),Thor Industriemontagen GmbH & Co.KG,Erfurt,,CDI,Non précisé,Non précisé,HR,HR,"<p><strong>Arbeitsort: Erfurt / mobiles Arbeiten möglich</strong></p>
<p>Bei THOR dreht sich seit über 25 Jahren alles ums Handwerk und um die Menschen, die das am besten können. Wir entwickeln Fachkräfte und unterstützen unsere Kunden mit Montageteams, Schulungsmöglichkeiten für ihre Mitarbeiter oder Gesamtlösungen für Ihre Projekte.</p>
<p>Für dich ist die Zusammenarbeit mit anderen Menschen ein<br>
Glückstreffer und du findest für jede Herausforderung schnell eine<br>
Lösung? Du willst Verant",1777451447,https://www.arbeitnow.com/jobs/companies/thor-industriemontagen-gmbh-cokg/disponent-mit-polnischen-sprachkenntnissen-erfurt-400252,Arbeitnow
praktikantin-hr-recruiting-im-smart-energy-startup-cologne-344383,Praktikant:In (M/W/D) - Hr & Recruiting Im Smart Energy Startup,GreenPocket GmbH,Cologne,,CDI,Non précisé,Non précisé,HR,HR,"<p>Du begeisterst Dich für HR, willst Verantwortung übernehmen und den HR Bereich maßgeblich mitgestalten? Du möchtest Startup-Luft schnuppern und scheust Dich nicht davor, auch mal eine Extrameile mehr zu gehen? Dann werde ein Teil von GreenPocket und starte Deine Karriere im HR!</p>
<p><strong>Das sind wir</strong></p>
<p>Als agiles, grünes Startup und Spezialist für Energiemanagement- und Visualisierungssoftware beteiligen wir uns aktiv an der Gestaltung einer nachhaltigen, klimaneutralen Zuk",1777451447,https://www.arbeitnow.com/jobs/companies/greenpocket-gmbh/praktikantin-hr-recruiting-im-smart-energy-startup-cologne-344383,Arbeitnow
business-controller-frankfurt-am-main-166897,Business Controller (M/W/D),visionm GmbH,Frankfurt am Main,,CDI,Non précisé,Non précisé,Controlling,Controlling,"<p>Sie wollen nicht nur Zahlen reporten, sondern echten Einfluss auf das operative Geschäft haben? Als Business Controller (m/w/d) sind Sie Sparringspartner für die operativen Einheiten unseres Kunden und sorgen dafür, dass aus Zahlen konkrete Entscheidungen werden.</p>
<h2>Aufgaben</h2>
<ul>
<li>Übernahme des Operations Controllings unserer Geschäftseinheiten in enger Zusammenarbeit mit Geschäftsführung und Fachbereichen</li>
<li>Analyse des operativen Geschäfts, Erkennung von Abweichungen und ",1777451446,https://www.arbeitnow.com/jobs/companies/visionm-gmbh/business-controller-frankfurt-am-main-166897,Arbeitnow
senior-software-engineer-munich-346738,Senior Software Engineer (M/F/D),Avento Immobilien Services GmbH,Munich,,CDI,Non précisé,Non précisé,Software Development,Software Development,"<p>Avento is a property management company in Munich. We manage buildings on behalf of property owners.</p>
<p>We're building our own software platform to run our business better than legacy tools allow. We are fully vertically integrated, i.e. we don't sell this software - it's a tool to deliver a better service to our clients and operate more efficiently than competitors.</p>
<p>Our growth strategy: Acquire traditional property management companies, migrate them onto our platform, and scale.</",1777451446,https://www.arbeitnow.com/jobs/companies/avento-immobilien-services-gmbh/senior-software-engineer-munich-346738,Arbeitnow
customer-success-managerin-software-startup-berlin-257896,Customer Success Manager:In (M/W/D) - Software Startup,hellomateo,Berlin,,CDI,Non précisé,Non précisé,Customer Service,Customer Service,"<p><strong>Über uns</strong> 🐨</p>
<p>Wir bei <strong>hellomateo</strong> bauen die nächste Generation von Marketing- und Service-Technologie für den deutschen Mittelstand. Unsere Software kombiniert KI, Automatisierung und nutzerzentriertes Design – und wächst rasant. ✨</p>
<p><strong>Über die Rolle</strong></p>
<p>In dieser Rolle bist du die <strong>Schnittstelle zwischen Produkt und Kunde</strong>. Du begleitest neue Kund:innen beim Einstieg und hilfst bestehenden Kund:innen in Schulungen dab",1777451445,https://www.arbeitnow.com/jobs/companies/hellomateo/customer-success-managerin-software-startup-berlin-257896,Arbeitnow
it-administrator-in-greifswald-gesucht-bei-sinus-nachrichtentechnik-241033,It-Administrator In Greifswald Gesucht! | Bei Sinus Nachrichtentechnik,Jobportal,Greifswald,,CDI,Non précisé,Non précisé,IT Security,IT Security,"<p>Sinus Nachrichtentechnik ist ein führender Spezialist für sichere Kommunikationslösungen im Bereich der kritischen Infrastrukturen (KRITIS) sowie für Behörden und Organisationen mit Sicherheitsaufgaben (BOS). Seit über 30 Jahren planen, realisieren und warten wir komplexe Funk- und Leittechniksysteme. Als IT-Administrator bei uns sorgst du dafür, dass die digitalen Nervensysteme unserer Kunden und unseres eigenen Hauses reibungslos funktionieren.</p>
<p>Werde Teil eines Teams, das Verantwortu",1777451445,https://www.arbeitnow.com/jobs/companies/jobportal/it-administrator-in-greifswald-gesucht-bei-sinus-nachrichtentechnik-241033,Arbeitnow
manager-strategischer-einkauf-indirekt-hamburg-9182,Manager Strategischer Einkauf Indirekt (M/W/D),Kloepfel Group,Hamburg,,CDI,Non précisé,Non précisé,Business Development,Business Development,"<h2>Was kommt auf Dich zu?</h2>
<ul>
<li>Entwicklung und Umsetzung von Strategien für den indirekten Einkauf (z. B. IT, Marketing, Facility Management, Dienstleistungen, Energie, Versicherungen)</li>
<li>Analyse von Beschaffungsmärkten sowie Identifikation von Einsparpotenzialen</li>
<li>Steuerung und Durchführung von Ausschreibungen und Vertragsverhandlungen</li>
<li>Aufbau und Pflege langfristiger Lieferantenbeziehungen</li>
<li>Einführung und Optimierung von Einkaufsprozessen und -tools</li>
",1777451445,https://www.arbeitnow.com/jobs/companies/kloepfel-group/manager-strategischer-einkauf-indirekt-hamburg-9182,Arbeitnow
nachwuchsfuhrungskraft-junior-manager-im-versicherungswesen-buxheim-98776,Nachwuchsführungskraft / Junior Manager (M/W/D) Im Versicherungswesen,Bavaria Wirtschafts- und Informationsdienst GmbH,Buxheim,,CDI,Non précisé,Non précisé,"Management, Team Leader","Management, Team Leader","<p>Wir sind die Bavaria Wirtschafts- und Informationsdienst GmbH, ein unabhängiger Finanz- und Versicherungsmakler. Wir kennen uns super aus in Sachen Versicherungen, Finanzdienstleistungen, Altersvorsorge und Baufinanzierung.</p>
<p><strong>Und jetzt suchen wir dich als</strong></p>
<p><strong>Junior Manager (m/w/d) im Versicherungswesen.</strong></p>
<h2>Aufgaben</h2>
<ul>
<li>Lern die Basics vom täglichen Business im Versicherungs- und Maklerbereich kennen.</li>
<li>Sei aktiv dabei im Vertrie",1777449660,https://www.arbeitnow.com/jobs/companies/bavaria-wirtschafts-und-informationsdienst-gmbh/nachwuchsfuhrungskraft-junior-manager-im-versicherungswesen-buxheim-98776,Arbeitnow
motivierter-consultant-im-kommunalen-finanzwesen-gesucht-gotha-bei-der-kiv-thuringen-383685,Motivierter Consultant Im Kommunalen Finanzwesen Gesucht | Gotha | Bei Der Kiv Thüringen,Jobportal,Gotha,,CDI,Non précisé,Non précisé,"Consulting, Engineering","Consulting, Engineering","<p>Die KIV Thüringen ist der zentrale IT-Dienstleister für Kommunen im Freistaat Thüringen. Wir begleiten Städte, Gemeinden und Landkreise auf ihrem Weg in die digitale Zukunft. Als Brückenbauer zwischen moderner IT und Verwaltung sorgen wir dafür, dass E-Government-Lösungen dort ankommen, wo sie gebraucht werden: Bei den Bürgerinnen und Bürgern!</p>
<p>Werde Teil unseres Teams und gestalte den digitalen Wandel in deiner Region aktiv mit!</p>
<h2>Aufgaben</h2>
<ul>
<li><strong>Strategische Berat",1777449660,https://www.arbeitnow.com/jobs/companies/jobportal/motivierter-consultant-im-kommunalen-finanzwesen-gesucht-gotha-bei-der-kiv-thuringen-383685,Arbeitnow
senior-frontend-developer-meerbusch-297338,Senior Frontend Developer (M/W/D),Riege Software,Meerbusch,,CDI,Non précisé,Non précisé,Software Development,Software Development,"<p>Wir entwickeln mit <em>Scope</em> eine moderne, globale Softwarelösung für internationale Spediteure. Unser Ziel: eine starke, vernetzte Scope Community aufzubauen, die unsere Nutzer:innen dabei unterstützt, die komplexe Welt der Logistik effizienter, transparenter und kollaborativer zu gestalten.</p>
<p>Zur Verstärkung unseres Teams suchen wir einen engagierten <strong>Senior Frontend Developer (m/w/d)</strong>, der die Weiterentwicklung unserer Weboberfläche aktiv mitgestaltet. In dieser Ro",1777449659,https://www.arbeitnow.com/jobs/companies/riege-software/senior-frontend-developer-meerbusch-297338,Arbeitnow
quereinstieg-als-mobelverkaufer-monchengladbach-124331,Quereinstieg Als Möbelverkäufer (M/W/D),Friedhelm Schaffrath GmbH & Co. KG,Mönchengladbach,,CDI,Non précisé,Non précisé,Customer Service,Customer Service,"<p>Du möchtest Kunden zu glücklichen Küchen- und Möbelbesitzern machen? Dann bist du bei uns genau richtig!</p>
<p>Mit unseren Einrichtungshäusern und Küchenmärkten sind wir seit Jahrzehnten die „Nummer 1“ im Rheinland und sorgen auf mehr als 200.000 qm Ausstellungsfläche für eindrucksvolle Einkaufserlebnisse. Außerdem gehören wir mit rund 1.100 Mitarbeiterinnen und Mitarbeitern zu den größten Arbeitgebern der Region.</p>
<p>Für deinen Start bei uns bieten wir dir ein umfassendes Training für de",1777449659,https://www.arbeitnow.com/jobs/companies/friedhelm-schaffrath-gmbh-co-kg/quereinstieg-als-mobelverkaufer-monchengladbach-124331,Arbeitnow
serviceberaterin-giengen-217215,Serviceberater*In (M/W/D),Autohaus Walter Mulfinger GmbH,Giengen,,CDI,Non précisé,Non précisé,Customer Service,Customer Service,"<p>Für unseren Standort Giengen suchen wir für die Marke BMW zum nächstmöglichen Zeitpunkt eine*n engagierte*n</p>
<p>SERVICEBERATER*IN (m/w/d)</p>
<h2>Aufgaben</h2>
<p>• Ansprechpartner für unsere Kunden im Servicebereich</p>
<p>• Auftragsannahme und Koordination der durchzuführenden Reparaturen</p>
<p>• Verkauf von Serviceleistungen</p>
<p>• Vor- und Nachbearbeitung der Serviceleistungen</p>
<h2>Qualifikation</h2>
<p>• Kenntnisse in Kfz-Technik, bevorzugt abgeschlossene Kfz-technische Berufsau",1777447834,https://www.arbeitnow.com/jobs/companies/autohaus-walter-mulfinger-gmbh/serviceberaterin-giengen-217215,Arbeitnow
serviceberaterin-backnang-11385,Serviceberater*In (M/W/D),Autohaus Walter Mulfinger GmbH,Backnang,,CDI,Non précisé,Non précisé,Customer Service,Customer Service,"<p>Für unseren Standort Backnang suchen wir für die Marken BMW/MINI zum nächstmöglichen Zeitpunkt eine*n engagierte*n</p>
<p>SERVICEBERATER*IN (m/w/d)</p>
<h2>Aufgaben</h2>
<p>• Ansprechpartner für unsere Kunden im Servicebereich</p>
<p>• Auftragsannahme und Koordination der durchzuführenden Reparaturen</p>
<p>• Verkauf von Serviceleistungen</p>
<p>• Vor- und Nachbearbeitung der Serviceleistungen</p>
<h2>Qualifikation</h2>
<p>• Kenntnisse in Kfz-Technik, bevorzugt abgeschlossene Kfz-technische B",1777447833,https://www.arbeitnow.com/jobs/companies/autohaus-walter-mulfinger-gmbh/serviceberaterin-backnang-11385,Arbeitnow
werkstudent-finance-beratung-unternehmerisch-leistungsbasiert-hamburg-146298,"Werkstudent (M/W/D) – Finance & Beratung (Unternehmerisch, Leistungsbasiert)",Kevin Kehr,Hamburg,,CDI,Non précisé,Non précisé,"Finance, high school or equivalent","Finance, high school or equivalent","<p><span style=""color: #000000"">Du studierst und willst mehr als einen „Nebenjob“? Du willst Verantwortung, klare Ziele und ein Umfeld, in dem Leistung zählt? Dann ist diese Werkstudentenrolle dein Einstieg in die Finanzberatung, mit strukturiertem Onboarding, Coaching und einem klaren Weg in ein Trainee-Programm.</span></p><p><span style=""color: #000000"">Diese Rolle ist unternehmerisch geprägt und bietet dir die Möglichkeit, dich aktiv einzubringen, Verantwortung zu übernehmen und dich fachlich",1777447214,https://www.arbeitnow.com/jobs/companies/kevin-kehr/werkstudent-finance-beratung-unternehmerisch-leistungsbasiert-hamburg-146298,Arbeitnow
full-stack-engineer-oldenburg-484030,Full-Stack Engineer,Helios & Eos UG,Oldenburg,,CDI,Non précisé,Non précisé,Software Development,Software Development,"<p>Helios &#x26; Eos ist unser KI-Engineering-Studio aus Oldenburg — bewusst klein, technisch tief, agent-augmented. Aktuell sind wir zu dritt und bauen das Studio zum spezialisierten Partner für agentenbasierte KI-Adoption aus.</p>
<p>Unsere Kunden und Projekte sind vielfältig - von der Webappentwicklung für den globalen Asset-Manager, über das Training von 230+ Entwicklern für den internationalen FinTech-Konzern über die Prozessautomatisierung bei mehreren Mittelständlern ist alles dabei.</p>
",1777446050,https://www.arbeitnow.com/jobs/companies/helios-eos-ug/full-stack-engineer-oldenburg-484030,Arbeitnow
fullstack-developer-dusseldorf-86260,Fullstack Developer (M/W/D),Fast Forward IT GmbH,Düsseldorf,,CDI,Non précisé,Non précisé,Software Development,Software Development,"<p>Die <strong>Fast Forward IT GmbH</strong> ist eine inhabergeführte Full-Service Agentur aus Düsseldorf. Seit über zehn Jahren entwickeln wir digitale Plattformen, Kundenportale und Integrationslösungen für Unternehmen aus Branchen wie Pharma, Biotech, Maschinenbau und Versicherungen.<br>
Wir sind ein kleines, technisch geprägtes Team mit kurzen Entscheidungswegen und einer offenen Duz-Kultur. Statt großer Hierarchien und langer Abstimmungsrunden arbeiten wir direkt an den Systemen, für die wi",1777446050,https://www.arbeitnow.com/jobs/companies/fast-forward-it-gmbh/fullstack-developer-dusseldorf-86260,Arbeitnow
ai-process-automation-manager-hamburg-238124,Ai & Process Automation Manager (M/W/D),adlicious,Hamburg,,CDI,Non précisé,Non précisé,Online Marketing,Online Marketing,"<p><strong>Über adlicious</strong></p>
<p>adlicious ist einer der führenden Advertising Solutions Provider im schönen Hamburg und unsere Mission ist es, die besten Werbekampagnen für unsere Kunden zu kreieren, indem wir Media, Creative &#x26; Tech miteinander vereinen. Mit unserer einzigartigen Ad Delivery Technologie unterstützen wir führende Marken dabei, ihre Botschaft in Echtzeit über die gesamte digitale Customer Journey personalisiert an ihre Zielgruppen auszuliefern. Dafür brauchen wir ta",1777446049,https://www.arbeitnow.com/jobs/companies/adlicious/ai-process-automation-manager-hamburg-238124,Arbeitnow
engineering-manager-berlin-235999,Engineering Manager,SumUp,"Berlin, Berlin, Germany",,CDI,Non précisé,Non précisé,Non précisé,Non précisé,"<p>At SumUp, we are motivated by the purpose of leveling the playing field for small businesses. We empower small business owners by creating simple and affordable tools to manage payments, finance and customer relationships.&nbsp;</p>
<p>As an <strong>Engineering Manager,</strong> you will lead a new team focused on building the analytical and commercial foundations for SumUp's global sales channels. You will oversee the consolidation of attribution and commission models into a unified, scalabl",1777445119,https://www.arbeitnow.com/jobs/companies/sumup/engineering-manager-berlin-235999,Arbeitnow
technischer-projektleiterin-hardware-sensorik-wedel-4943,Technische*R Projektleiter*In - Hardware & Sensorik,TWK,Wedel,,CDI,Non précisé,Non précisé,Engineering,Engineering,"<p>Was wäre, wenn du nicht nur Projekte verwaltest – sondern tatsächlich verantwortest? Von der ersten Idee bis zur serienreifen Fertigung. Mit dem Überblick, der Durchsetzungsstärke und dem technischen Tiefgang, um Produkte zum Laufen zu bringen.</p>
<p><strong>Wir bei TWK</strong> entwickeln und produzieren seit über 60 Jahren im Wachstumsmarkt der Mess- und Automatisierungstechnik kundenspezifische Sensoren für den Anlagen- und Maschinenbau. Funktionale Sicherheit für Mensch und Maschine ist ",1777444234,https://www.arbeitnow.com/jobs/companies/twk/technischer-projektleiterin-hardware-sensorik-wedel-4943,Arbeitnow
entwicklungsingenieurin-im-bereich-embedded-software-wedel-324918,Entwicklungsingenieur*In Im Bereich Embedded Software,TWK,Wedel,,CDI,Non précisé,Non précisé,Engineering,Engineering,"<p>CANopen, IO-Link, Profinet, EtherCAT – du weißt nicht nur, was dahintersteckt, sondern auch, worauf es ankommt, wenn diese Schnittstellen in sicherheitsrelevanten Systemen zuverlässig funktionieren müssen. Du entwickelst Embedded Software nicht für die Schublade, sondern für Maschinen, die im Einsatz stehen. Und du willst nicht nur umsetzen, was andere spezifizieren – du willst vom Konzept bis zum Code Review mitgestalten. Genau dafür suchen wir dich.</p>
<p><strong>Wir bei TWK</strong> entwi",1777444233,https://www.arbeitnow.com/jobs/companies/twk/entwicklungsingenieurin-im-bereich-embedded-software-wedel-324918,Arbeitnow
crm-automation-marketing-manager-berlin-290724,Crm & Automation Marketing Manager (W/M/D),QUICK GREEN / Rapid Health GmbH,Berlin,,CDI,Non précisé,Non précisé,"CRM, Direct Marketing","CRM, Direct Marketing","<p><strong>QUICK GREEN</strong> ist eine schnell wachsende digitale Healthcare-Plattform in Deutschland, die Patient:innen, Ärzt:innen und Apotheken rund um die Verschreibung von medizinischem Cannabis miteinander verbindet. Nach einem erfolgreichen Proof of Concept und starker Marktresonanz gehen wir jetzt den nächsten großen Schritt: <strong>Skalierung</strong>.</p>
<p>Unser erster pragmatischer Technologie-Prototyp hat gezeigt, dass das Modell funktioniert. Jetzt investieren wir gezielt in de",1777444233,https://www.arbeitnow.com/jobs/companies/quick-green-rapid-health-gmbh/crm-automation-marketing-manager-berlin-290724,Arbeitnow
mediengestalter-in-digital-und-print-mwd-hamburg-486452,Mediengestalter/In Digital Und Print (Mwd),Bugaga Werbeagentur e.K.,Hamburg,,Remote,Non précisé,Non précisé,"Remote, Marketing and Communication","Remote, Marketing and Communication","<p>Wir sind eine junge und dynamische Werbemittelagentur aus Hamburg HafenCity und als agiles Unternehmen sind wir permanent auf der Suche nach neuen Talenten wie dich!</p>
<h2>Aufgaben</h2>
<p>Mit Promobedarf - unserem Onlineshop für Werbeartikel - versorgen wir unsere Kunden schnell und zuverlässig mit Werbemitteln aller Art. Die Philosophie von Promobedarf ist - individuelle und personalisierte Werbeartikel im Kaufprozess möglichst vereinfacht bereitzustellen. Damit unsere Kunden eine passend",1777444232,https://www.arbeitnow.com/jobs/companies/bugaga-werbeagentur-ek/mediengestalter-in-digital-und-print-mwd-hamburg-486452,Arbeitnow
client-relations-manager-b2c-100-remote-neuss-7682,Client Relations Manager (B2C) (M/W/D) | 100% Remote,smartkündigen OHG,Neuss,,Remote,Non précisé,Non précisé,"Remote, Customer Service","Remote, Customer Service","<p>Wir suchen einen Customer Success Manager (B2C) der eigenverantwortlich einen festen Kundenstamm von ca. 2.000+ Kunden betreut.</p>
<p>Du bist der zentrale Ansprechpartner und sorgst dafür, dass unsere Kunden optimal betreut werden, Lösungen erhalten und eine durchgehend positive Erfahrung mit unserem Service und unseren Produkten haben.</p>
<h2>Aufgaben</h2>
<ul>
<li>Betreuung eines festen Kundenportfolios (B2C)</li>
<li>Unterstützung bei rechtlichen Anliegen (keine Rechtsberatung erforderli",1777442430,https://www.arbeitnow.com/jobs/companies/smartkundigen-ohg/client-relations-manager-b2c-100-remote-neuss-7682,Arbeitnow
kundenbetreuungsmanager-b2c-100-remote-neuss-319903,Kundenbetreuungsmanager (B2C) | 100% Remote,smartkündigen OHG,Neuss,,Remote,Non précisé,Non précisé,"Remote, Customer Service","Remote, Customer Service","<p>Wir suchen einen Customer Success Manager (B2C) der eigenverantwortlich einen festen Kundenstamm von ca. 2.000+ Kunden betreut.</p>
<p>Du bist der zentrale Ansprechpartner und sorgst dafür, dass unsere Kunden optimal betreut werden, Lösungen erhalten und eine durchgehend positive Erfahrung mit unserem Service und unseren Produkten haben.</p>
<h2>Aufgaben</h2>
<ul>
<li>Betreuung eines festen Kundenportfolios (B2C)</li>
<li>Unterstützung bei rechtlichen Anliegen (keine Rechtsberatung erforderli",1777442429,https://www.arbeitnow.com/jobs/companies/smartkundigen-ohg/kundenbetreuungsmanager-b2c-100-remote-neuss-319903,Arbeitnow
customer-success-manager-b2c-100-remote-neuss-372699,Customer Success Manager (B2C) (M/W/D) | 100% Remote,smartkündigen OHG,Neuss,,Remote,Non précisé,Non précisé,"Remote, Customer Service","Remote, Customer Service","<p>Wir suchen einen Customer Success Manager (B2C) der eigenverantwortlich einen festen Kundenstamm von ca. 2.000+ Kunden betreut.</p>
<p>Du bist der zentrale Ansprechpartner und sorgst dafür, dass unsere Kunden optimal betreut werden, Lösungen erhalten und eine durchgehend positive Erfahrung mit unserem Service und unseren Produkten haben.</p>
<h2>Aufgaben</h2>
<ul>
<li>Betreuung eines festen Kundenportfolios (B2C)</li>
<li>Unterstützung bei rechtlichen Anliegen (keine Rechtsberatung erforderli",1777442429,https://www.arbeitnow.com/jobs/companies/smartkundigen-ohg/customer-success-manager-b2c-100-remote-neuss-372699,Arbeitnow
auszubildender-it-systemkaufmann-weilheim-496006,Auszubildender It-Systemkaufmann (M/W/D),Qfact GmbH,Weilheim,,CDI,Non précisé,Non précisé,Product Management,Product Management,"<p><strong>Deine Aufgaben</strong></p>
<ul>
<li>Beratung von Kunden zu IT-Systemen und Lösungen</li>
<li>Planung und Umsetzung von IT-Projekten</li>
<li>Erstellung von Angeboten und Kalkulationen</li>
<li>Unterstützung im Vertrieb und Einkauf von IT-Produkten</li>
<li>Betreuung und Schulung von Anwendern</li>
<li>Zusammenarbeit mit technischen Fachabteilungen</li>
</ul>
<p><strong>Dein Profil</strong></p>
<ul>
<li>Mittlere Reife, Fachabitur oder Abitur</li>
<li>Interesse an IT sowie kaufmännisch",1777474743,https://www.arbeitnow.com/jobs/companies/qfact-gmbh/auszubildender-it-systemkaufmann-weilheim-496006,Arbeitnow
application-operator-devops-engineer-linux-kubernetes-dusseldorf-148452,Application Operator / Devops Engineer – Linux & Kubernetes (M/W/D),Hochschul-IT-Services.nrw,Düsseldorf,,CDI,Non précisé,Non précisé,Development,Development,"<p>Du möchtest Anwendungen betreiben, die täglich von Tausenden Studierenden und Mitarbeitenden genutzt werden?</p>
<p>Bei HITS.nrw entwickelst und betreibst Du zentrale IT-Services für die öffentlichen Hochschulen in Nordrhein-Westfalen – vom Campusmanagementsystem HISinOne bis zu digitalen Lernplattformen.</p>
<p>Als <strong>Application Operator / DevOps Engineer</strong> sorgst Du gemeinsam mit unserem Team dafür, dass diese Anwendungen stabil, performant und sicher laufen – und entwickelst d",1777474743,https://www.arbeitnow.com/jobs/companies/hochschul-it-servicesnrw/application-operator-devops-engineer-linux-kubernetes-dusseldorf-148452,Arbeitnow
it-application-manager-campusmanagement-dusseldorf-324362,It Application Manager – Campusmanagement (M/W/D),Hochschul-IT-Services.nrw,Düsseldorf,,CDI,Non précisé,Non précisé,Applications Administration,Applications Administration,"<p>Du möchtest IT-Systeme betreuen, die täglich von Tausenden Studierenden und Mitarbeitenden genutzt werden?</p>
<p>Bei HITS.nrw entwickelst und betreibst Du zentrale IT-Services für die öffentlichen Hochschulen in Nordrhein-Westfalen – vom Campusmanagementsystem HISinOne bis zu digitalen Lernplattformen.</p>
<p>Als <strong>IT Application Manager</strong> sorgst Du gemeinsam mit unserem Team dafür, dass die Anwendungen zuverlässig, sicher und anwenderorientiert laufen und unterstützt die Hochsc",1777474743,https://www.arbeitnow.com/jobs/companies/hochschul-it-servicesnrw/it-application-manager-campusmanagement-dusseldorf-324362,Arbeitnow
mitarbeiter-im-kundenservice-vertragsmanagement-dresden-235744,Mitarbeiter (M/W/D) Im Kundenservice - Vertragsmanagement,Deutsches Rotes Kreuz Hausruf und Service in Sachsen GmbH,Dresden,,CDI,Non précisé,Non précisé,Customer Service,Customer Service,"<p>Zur Unterstützung unseres Teams suchen wir am Standort Dresden einen</p>
<p><strong>Mitarbeiter (m/w/d) im Kundenservice - Vertragsmanagement</strong></p>
<p><strong>Standort:</strong> Dresden, Bremer Straße 10D<br>
<strong>Beginn:</strong> ab sofort<br>
<strong>Umfang:</strong> Vollzeit (40 Std./Woche) oder Teilzeit (mind. 30 Std./Woche)<br>
<strong>Vertragsart:</strong> unbefristet</p>
<p><strong>Über uns</strong></p>
<p>Die DRK Hausruf und Service in Sachsen GmbH gehört zur Rotkreuzorganis",1777474743,https://www.arbeitnow.com/jobs/companies/deutsches-rotes-kreuz-hausruf-und-service-in-sachsen-gmbh/mitarbeiter-im-kundenservice-vertragsmanagement-dresden-235744,Arbeitnow
head-of-power-operations-berlin-3326,Head Of Power Operations,Terra One Climate Solutions GmbH,Berlin,,CDI,Non précisé,Non précisé,Power Engineering and Environmental Engineering,Power Engineering and Environmental Engineering,"<p><strong>Üner uns:</strong></p>
<p>Willkommen bei Terra One – einem dynamisch wachsenden Unternehmen, das sich auf die Entwicklung und den Betrieb großer Batteriespeichersysteme in Deutschland spezialisiert hat. Mit einem klaren Fokus auf Innovation und Nachhaltigkeit treibt unser Unternehmen den Ausbau der erneuerbaren Energieinfrastruktur voran, um einen wesentlichen Beitrag zur Erreichung der Klimaneutralität zu leisten.</p>
<p><strong>Unsere Mission:</strong></p>
<p>Bei Terra One beschleun",1777474743,https://www.arbeitnow.com/jobs/companies/terra-one-climate-solutions-gmbh/head-of-power-operations-berlin-3326,Arbeitnow
kaufmannischer-mitarbeiter-fur-die-buchhaltung-deggendorf-103326,Kaufmännischer Mitarbeiter Für Die  Buchhaltung (M/W/D),Nerlich & Lesser KG,Deggendorf,,CDI,Non précisé,Non précisé,Administration and Secretariat,Administration and Secretariat,"<p><strong>Sie haben</strong></p>
<ul>
<li>eine abgeschlossene kaufmännische Ausbildung, idealerweise im Bereich Steuern und/oder Rechnungswesen</li>
<li>fundierte Kenntnisse im Finanz- und Rechnungswesen, insbesondere in der laufenden Buchführung</li>
<li>eine strukturierte, sorgfältige und eigenständige Arbeitsweise</li>
<li>Kommunikationsstärke und Teamfähigkeit</li>
</ul>
<p><strong>Ihre Aufgaben</strong></p>
<ul>
<li>Buchung von Kostenrechnungen sowie Zahlungsein- und -ausgängen</li>
<li>Ab",1777474743,https://www.arbeitnow.com/jobs/companies/nerlich-lesser-kg/kaufmannischer-mitarbeiter-fur-die-buchhaltung-deggendorf-103326,Arbeitnow
teamleiter-servicecenter-munich-410439,Teamleiter Servicecenter (M/W/D),Liebwein Personalmanagement und -service GmbH,Munich,,CDI,Non précisé,Non précisé,Customer Service,Customer Service,"<p>Unser Mandant ist ein weltweit führender Dienstleistungskonzern für spezialisierte Servicelösungen. Mit einem globalen Netzwerk stellt das Unternehmen die Handlungsfähigkeit seiner Partner rund um die Uhr sicher. Für das europäische Kompetenzzentrum suchen wir zur Verstärkung des Teams am Standort München ab sofort eine motivierte Führungspersönlichkeit.</p>
<h2>Aufgaben</h2>
<ul>
<li>Fachliche Leitung und Steuerung des Servicecenter-Teams</li>
<li>Unterstützung des Managements bei der Person",1777417230,https://www.arbeitnow.com/jobs/companies/liebwein-personalmanagement-und-service-gmbh/teamleiter-servicecenter-munich-410439,Arbeitnow
senior-full-stack-engineer-berlin-267752,Senior Full Stack Engineer (M/F/D),Flix,"Berlin, Berlin, Germany",,CDI,Non précisé,Non précisé,Non précisé,Non précisé,"<p><span data-contrast=""auto"">We are seeking a talented and driven <strong>Senior </strong></span><strong><span data-contrast=""auto"">Full Stack&nbsp;Engineer (m/f/d)</span></strong><span data-contrast=""auto"">&nbsp;to join our team,&nbsp;in the Demand&nbsp;Division,&nbsp;responsible for developing our contact center applications, with the focus on scalable agent-facing interfaces and automations.&nbsp;</span><span data-ccp-props=""{&quot;335559739&quot;:0}"">&nbsp;</span></p>
<p><span data-contrast",1777409123,https://www.arbeitnow.com/jobs/companies/flix/senior-full-stack-engineer-berlin-267752,Arbeitnow
outbound-key-account-executive-switzerland-berlin-440830,Outbound Key Account Executive (Switzerland),SumUp,"Berlin, Germany",,CDI,Non précisé,Non précisé,Non précisé,Non précisé,"<h2><strong>🚀 Outbound Key Account Executive (On-Site – Berlin or Barcelona)</strong></h2>
<p><strong>This position is based in Berlin or Barcelona.</strong></p>
<p><strong>Ready to launch your sales career in one of the world's fastest-growing fintech companies?</strong><strong><br></strong>Join our high-energy team and help us bring smarter payment solutions to small businesses across the UK and Europe.</p>
<p>At <strong>SumUp</strong>, we're on a mission to empower small merchants by making p",1777409123,https://www.arbeitnow.com/jobs/companies/sumup/outbound-key-account-executive-switzerland-berlin-440830,Arbeitnow
outbound-key-account-executive-switzerland-berlin-229830,Outbound Key Account Executive (Switzerland),SumUp,"Berlin, Germany",,CDI,Non précisé,Non précisé,Non précisé,Non précisé,"<h2><strong>🚀 Outbound Key Account Executive (On-Site – Berlin)</strong></h2>
<p><strong>Ready to launch your sales career in one of the world's fastest-growing fintech companies?</strong><strong><br></strong>Join our high-energy team in Berlin and help us bring smarter payment solutions to small businesses across the UK and Europe.</p>
<p>At <strong>SumUp</strong>, we're on a mission to empower small merchants by making payments simple, accessible, and hassle-free. Today, we support over <stron",1777409123,https://www.arbeitnow.com/jobs/companies/sumup/outbound-key-account-executive-switzerland-berlin-229830,Arbeitnow
senior-frontend-engineer-identity-berlin-117673,Senior Frontend Engineer - Identity,SumUp,"Berlin, Berlin, Germany",,CDI,Non précisé,Non précisé,Non précisé,Non précisé,"<p><strong>About the team:</strong></p>
<p>As a Senior Frontend Engineer in the Identity team, you will be working on providing best-in-class authentication experiences and account protection for millions of users globally, as well as central services that enable teams and products across SumUp.</p>
<p>We're looking for someone who is adaptable, proactive, and ready to take ownership. Your primary focus will be on&nbsp;frontend development in TypeScript using React / Next.js, while forming the b",1777409122,https://www.arbeitnow.com/jobs/companies/sumup/senior-frontend-engineer-identity-berlin-117673,Arbeitnow
influencer-marketing-manager-munster-153859,Influencer Marketing Manager,paselo GmbH,Münster,,Remote,Non précisé,Non précisé,"Remote, Social Media Manager","Remote, Social Media Manager","<p>paselo ist eine der am schnellsten wachsenden D2C-Marken für Hunde-Ergänzungsfuttermittel im DACH-Raum. Wir entwickeln wissenschaftlich fundierte Produkte, die Hunden helfen — länger, aktiver und glücklicher zu leben. Hinter paselo steckt ein kleines, hochmotiviertes Team mit einer klaren Mission: das Beste für den Hund, unterstützt durch echte Wissenschaft und echte Community.</p>
<p>Wir suchen eine Person, die unsere Community nicht nur <strong>verwaltet</strong>, sondern aktiv <strong>mitg",1777408231,https://www.arbeitnow.com/jobs/companies/paselo-gmbh/influencer-marketing-manager-munster-153859,Arbeitnow
mitarbeiter-kundenservice-first-level-support-lubeck-148091,Mitarbeiter Kundenservice / First-Level-Support (M/W/D),riscLOG Solution GmbH,Lübeck,,CDI,Non précisé,Non précisé,"CRM, Direct Marketing","CRM, Direct Marketing","<p><strong>Bist Du ein Service-Profi und suchst Deinen nächsten Karriereschritt? Wir haben was für Dich in Lübeck!</strong></p>
<p>Wir suchen schnellstmöglich Verstärkung für unser Team im Kundenservice / First-Level-Support (m/w/d).</p>
<p>Was erwartet Dich? Du bist unser Gesicht zum Kunden. Du bearbeitest knackige Anfragen und bist der erste Ansprechpartner. Klingt nach Routine? Denk nochmal nach: Das ist ein unglaublich verantwortungsvoller Job, bei dem Du mit unseren Mega-Kunden zusammenarbe",1777465744,https://www.arbeitnow.com/jobs/companies/risclog-solution-gmbh/mitarbeiter-kundenservice-first-level-support-lubeck-148091,Arbeitnow
social-media-marketing-managerin-in-teilzeit-und-hybrid-in-homeoffice-jakobsdorf-412014,Social Media Marketing Manager*In In Teilzeit Und Hybrid In Homeoffice,Tom Phillip Zenker Digital Marketing Agentur GmbH,Jakobsdorf,,Remote,Non précisé,Non précisé,"Remote, Online Marketing","Remote, Online Marketing","<p>Wir suchen zum nächstmöglichen Zeitpunkt Unterstützung für unsere Social Media Redaktion (m/w/d) für die Region Mecklenburg-Vorpommern, Brandenburg und Berlin.</p>
<p>Als Digital Marketing Agentur steigern wir die Sichtbarkeit unserer Kund*innen und agieren nicht nur beratend, sondern übernehmen den kompletten Produktionsprozess.</p>
<p>Wir möchten dabei den marktüblichen Stress vermeiden und setzen deshalb bei unseren Kund*innen auf langfristige Zusammenarbeiten mit festen Teams, um eine frü",1777465744,https://www.arbeitnow.com/jobs/companies/tom-phillip-zenker-digital-marketing-agentur-gmbh/social-media-marketing-managerin-in-teilzeit-und-hybrid-in-homeoffice-jakobsdorf-412014,Arbeitnow
data-center-engineer-frankfurt-onsite-395222,Data Center Engineer - Frankfurt (Onsite),RM Staffing B.V.,Frankfurt,,CDI,Non précisé,Non précisé,"Information technology, associate's degree","Information technology, associate's degree","<p style="";"">Reboot Monkey is a global leader in IT solutions, specializing in data center management that simplifies your IT operations. We provide hosting space, future-proof upgrades, and 24/7 support through our smart or remote hands, ensuring seamless, secure, and sustainable service. Our fully remote, round-the-clock management frees businesses from supervision hassles, setting new benchmarks in data center solutions. We’re seeking skilled Freelance Data Center Technicians to join our grow",1777404012,https://www.arbeitnow.com/jobs/companies/rm-staffing-bv/data-center-engineer-frankfurt-onsite-395222,Arbeitnow
content-creator-community-builder-langweid-am-lech-375605,Content Creator/ Community Builder (M/W/D),Picmondoo GmbH,Langweid am Lech,,Remote,Non précisé,Non précisé,"Remote, Social Media Manager","Remote, Social Media Manager","<p>Wir suchen jemanden, der <strong>langfristig Lust auf dieses Projekt hat</strong>, gemeinsam mit uns eine Community aufzubauen und sich vorstellen kann, <strong>Diamond Painting sowie Malen nach Zahlen selbst als Hobby zu entdecken und zu leben</strong>.</p>
<p>Du liebst TikTok, Instagram &#x26; Trends? Du bist kreativ, hast ständig neue Ideen und weißt, welcher Content heute funktioniert?</p>
<h2>Aufgaben</h2>
<ul>
<li>Content für TikTok / Instagram erstellen</li>
<li>Reels planen, drehen &#",1777402828,https://www.arbeitnow.com/jobs/companies/picmondoo-gmbh/content-creator-community-builder-langweid-am-lech-375605,Arbeitnow
technical-co-founder-cto-dusseldorf-458043,Technical Co-Founder / Cto (M/W/D),Nationales Herz-Netz (NHN) / Deutsche Gesellschaft für Kardiologie e. V.,Düsseldorf,,CDI,Non précisé,Non précisé,"Directors, Chief Executives","Directors, Chief Executives","<p><strong>Mission &#x26; Vision</strong> Das Nationale Herz-Netz (NHN) transformiert die kardiovaskuläre Versorgung in Deutschland. Mit einer eigenen, modernen und KI-getriebenen Forschungsdatenplattform generieren wir systematisch Real-World Evidence aus der Versorgungspraxis und übersetzen diese in messbare Verbesserungen für Patient:innen. Das NHN erfasst und analysiert Behandlungsdaten sektorenübergreifend und integriert perspektivisch auch die Patient:innen selbst. Somit ermöglicht das NHN",1777401033,https://www.arbeitnow.com/jobs/companies/nationales-herz-netz-nhn-deutsche-gesellschaft-fur-kardiologie-e-v/technical-co-founder-cto-dusseldorf-458043,Arbeitnow
executive-co-founder-ceo-dusseldorf-294249,Executive Co-Founder / Ceo (M/W/D),Nationales Herz-Netz (NHN) / Deutsche Gesellschaft für Kardiologie e. V.,Düsseldorf,,CDI,Non précisé,Non précisé,"Directors, Chief Executives","Directors, Chief Executives","<p><strong>Mission &#x26; Vision</strong> Das Nationale Herz-Netz (NHN) transformiert die kardiovaskuläre Versorgung in Deutschland. Mit einer eigenen, modernen und KI-getriebenen Forschungsdatenplattform generieren wir systematisch Real-World Evidence aus der Versorgungspraxis und übersetzen diese in messbare Verbesserungen für Patient:innen. Das NHN erfasst und analysiert Behandlungsdaten sektorenübergreifend und integriert perspektivisch auch die Patient:innen selbst. Somit ermöglicht das NHN",1777401032,https://www.arbeitnow.com/jobs/companies/nationales-herz-netz-nhn-deutsche-gesellschaft-fur-kardiologie-e-v/executive-co-founder-ceo-dusseldorf-294249,Arbeitnow
performance-marketing-manager-paid-social-all-genders-cologne-78259,Performance Marketing Manager (Paid Social) - All Genders,ADBAKER,Cologne,,CDI,Non précisé,Non précisé,Marketing and Communication,Marketing and Communication,"<h2>join the team</h2>
<p>High Budgets. Hoher Impact. Klare Verantwortung.</p>
<p>Als Performance Marketing Manager bei ADBAKER steuerst du 6- bis 7-stellige Paid Social Budgets für unterschiedliche Brands und entwickelst Strategien, die profitables Wachstum liefern.</p>
<h2>der task</h2>
<ul>
<li>Als Performance Marketing Manager verantwortest du Paid Social Accounts für unterschiedliche Brands und steuerst 6- bis 7-stellige Werbebudgets mit klarem Fokus auf profitables Wachstum</li>
<li>Du den",1777399232,https://www.arbeitnow.com/jobs/companies/adbaker/performance-marketing-manager-paid-social-all-genders-cologne-78259,Arbeitnow
pricing-yield-manager-berlin-375057,Pricing & Yield Manager (F/M/D),Nox Mobility,Berlin,,CDI,Non précisé,Non précisé,Business Intelligence,Business Intelligence,"<p>Nox is aiming to become the best alternative to short-haul flights by soon offering premium overnight trains across Europe. With a radically redesigned interior and onboard experience, people travel in style, saving time being asleep. We now search for the most passionate and talented people out there to bring the first of many more Nox trains on the tracks.</p>
<p>We believe in strong teams through diversity, fresh thinking, and a shared commitment to build something meaningful. Apart from t",1777399231,https://www.arbeitnow.com/jobs/companies/nox-mobility/pricing-yield-manager-berlin-375057,Arbeitnow
creative-director-creative-lead-ai-first-hands-on-berlin-159619,"Creative Director / Creative Lead (Ai-First, Hands-On)",XOUXOU GmbH,Berlin,,CDI,Non précisé,Non précisé,Marketing and Communication,Marketing and Communication,"<p>We are looking for a Creative Director or Creative Lead who not only conceptualizes, but executes. The focus is on scalable content creation using AI, with this role playing a central part in the next growth phase of XOUXOU. The goal is to build a distinctive, culturally relevant visual language that can be produced efficiently. You will work closely with founders, marketing, and product teams to create a system that consistently delivers high-quality creative output.</p>
<h2>Tasks</h2>
<p>• ",1777413543,https://www.arbeitnow.com/jobs/companies/xouxou-gmbh/creative-director-creative-lead-ai-first-hands-on-berlin-159619,Arbeitnow
performance-marketing-managerin-seo-sea-social-jakobsdorf-41274,"Performance Marketing Manager*In (Seo, Sea & Social)",Tom Phillip Zenker Digital Marketing Agentur GmbH,Jakobsdorf,,Remote,Non précisé,Non précisé,"Remote, Marketing Manager","Remote, Marketing Manager","<p>Wir suchen zum nächstmöglichen Zeitpunkt Unterstützung für unser Google- und Social-Media-Team.</p>
<p>Als Digital Marketing Agentur steigern wir die Sichtbarkeit unserer Kund*innen und übernehmen nicht nur die Beratung, sondern den gesamten Produktionsprozess - von der Strategie bis zur Umsetzung.</p>
<p>Dabei setzen wir bewusst auf <strong>langfristige Kundenbeziehungen und feste Teams</strong>, um planbar und ohne marktüblichen Stress arbeiten zu können. Durch digitale Zeiterfassung und tr",1777397434,https://www.arbeitnow.com/jobs/companies/tom-phillip-zenker-digital-marketing-agentur-gmbh/performance-marketing-managerin-seo-sea-social-jakobsdorf-41274,Arbeitnow
junior-2d-designer-mit-lust-auf-motion-live-berlin-412651,Junior 2D Designer (M/W/D) – Mit Lust Auf Motion & Live,CBE DIGIDEN AG,Berlin,,CDI,Non précisé,Non précisé,Graphic Arts and Communication Design,Graphic Arts and Communication Design,"<h2>Hi, wir sind CBE DIGIDEN!</h2>
<p>​​​​​Du kannst 2D‑Design, hast Spaß an Animationen und willst sehen, wie deine Gestaltung auf großen Bühnen zum Leben erwacht? Generative KI &#x26; neue Design-Tools wecken deinen Ehrgeiz? Dann komm zu uns!</p>
<p>Wir suchen einen Junior 2D Designer (m/w/d), der/die das klassische 2D‑Handwerk beherrscht und Lust auf Motion Design mit After Effects und Live‑Events hat.</p>
<h2>Was du bei uns machst</h2>
<ul>
<li>Gestaltung von Rückwänden &#x26; Grafiken im Ra",1777397434,https://www.arbeitnow.com/jobs/companies/cbe-digiden-ag/junior-2d-designer-mit-lust-auf-motion-live-berlin-412651,Arbeitnow
social-media-community-outreach-manager-berlin-313120,Social Media & Community Outreach Manager,User Rights GmbH,Berlin,,CDI,Non précisé,Non précisé,Social Media Manager,Social Media Manager,"<p>User Rights setzt sich für den Schutz von Grundrechten auf Social Media ein. Wenn Inhalte zu Unrecht gesperrt oder verbotene Inhalte nicht gelöscht werden, unterstützt User Rights bei der Durchsetzung dieser Rechte.</p>
<p>Als Deutschlands erste unabhängige Streitbeilegungsstelle für Social-Media-Plattformen gestalten wir den rechtlichen Rahmen des digitalen Raums aktiv mit – und tragen so zum Schutz von Grundrechten und Demokratie im Internet bei.Wir suchen ab sofort eine:n Social Media &#x2",1777480143,https://www.arbeitnow.com/jobs/companies/user-rights-gmbh/social-media-community-outreach-manager-berlin-313120,Arbeitnow
finanzbuchhalter-passau-448523,Finanzbuchhalter (M/W/D),Jobbusters® GmbH,Passau,,CDI,Non précisé,Non précisé,Finance,Finance,"<p>Für unseren renommierten Auftraggeber, ein international tätiges Unternehmen suchen wir zum nächstmöglichen Zeitpunkt einen erfahrenen Finanzbuchhalter (m/w/d) in unbefristeter Festanstellung.</p>
<p>In dieser Position haben Sie die Möglichkeit bei Eignung und Interesse, nach einer Einarbeitungsphase Verantwortung für die Betreuung eines eigenen Teams zu übernehmen.</p>
<p>Bei entsprechender Weiterbildung besteht die Möglichkeit, sich zum Bilanzbuchhalter weiterzuentwickeln.</p>
<p>Freuen Sie",1777480143,https://www.arbeitnow.com/jobs/companies/jobbusters-gmbh/finanzbuchhalter-passau-448523,Arbeitnow
finanzbuchhalter-passau-65894,Finanzbuchhalter (M/W/D),PRIME HR Agentur®,Passau,,CDI,Non précisé,Non précisé,Finance,Finance,"<p>Für unseren renommierten Auftraggeber, ein international tätiges Unternehmen<br>
suchen wir zum nächstmöglichen Zeitpunkt einen<br>
erfahrenen Finanzbuchhalter (m/w/d) in unbefristeter Festanstellung.</p>
<p>In dieser Position haben Sie die Möglichkeit bei Eignung und Interesse, nach einer Einarbeitungsphase Verantwortung für die Betreuung eines eigenen Teams zu übernehmen.</p>
<p>Bei entsprechender<br>
Weiterbildung besteht die Möglichkeit, sich zum Bilanzbuchhalter<br>
weiterzuentwickeln.</",1777474743,https://www.arbeitnow.com/jobs/companies/prime-hr-agentur/finanzbuchhalter-passau-65894,Arbeitnow
junior-consultant-digitalisierung-im-hr-personal-traunreut-136161,Junior Consultant (M/W/D) Digitalisierung Im Hr / Personal,9toThrive GmbH,Traunreut,,Remote,Non précisé,Non précisé,"Remote, Consulting","Remote, Consulting","<p>Die 9toThrive GmbH berät und unterstützt Unternehmen bei der Digitalisierung von HR-Prozessen sowie bei der Integration und Optimierung von HR-Software. Als modernes Startup mit geballter Expertise in IT-Beratung und HR-Transformation machen wir Personalbereiche fit für die Zukunft.</p>
<h2>Aufgaben</h2>
<ul>
<li>Du betreust Kundenprojekte zur Implementierung von HR-Systemen - vom Kick-off bis zum Go-Live</li>
<li>Du analysierst Kundenanforderungen und übersetzt sie in tragfähige Lösungskonze",1777474743,https://www.arbeitnow.com/jobs/companies/9tothrive-gmbh/junior-consultant-digitalisierung-im-hr-personal-traunreut-136161,Arbeitnow
technischer-immobilienmanager-wohnimmobilien-auf-eigentumerseite-bis-ca-80000-eur-jahresgehalt-und-dienstwagen-leipzig-106633,Technischer Immobilienmanager (M/W/D) Wohnimmobilien Auf Eigentümerseite | Bis Ca. 80.000 € Jahresgehalt Und Dienstwagen,QTalents - Real Estate Recruiting,Leipzig,,CDI,Non précisé,Non précisé,Engineering,Engineering,"<p><em>Technisches Immobilienmanagement | Eigentümerseite | Wohnimmobilien im Bestand | mit Dienstwagen</em></p>
<p>Sie sind technisch versiert, gerne nah am Objekt und steuern Maßnahmen nicht nur aus der Distanz, sondern auch operativ? Sie möchten <strong>auf Eigentümerseite</strong> Verantwortung übernehmen und den <strong>Wohnimmobilienbestand aktiv weiterentwickeln</strong>?</p>
<p>Dann bietet Ihnen diese Position eine spannende Perspektive.</p>
<p>Unser Mandant ist ein etabliertes, deutschl",1777474743,https://www.arbeitnow.com/jobs/companies/qtalents-real-estate-recruiting/technischer-immobilienmanager-wohnimmobilien-auf-eigentumerseite-bis-ca-80000-eur-jahresgehalt-und-dienstwagen-leipzig-106633,Arbeitnow
machine-learning-engineer-berlin-303955,Machine Learning Engineer,Phantasma Labs,Berlin,,Remote,Non précisé,Non précisé,"Remote, Engineering","Remote, Engineering","<p>At Phantasma Labs, we’re building smart software that helps factories plan better. Our AI co-pilot helps factories schedule production more efficiently, adapt to changes faster, and make the most of available resources, without needing tons of data or complicated tools. Instead of relying on massive historical datasets, our models are trained in simulated factory environments using reinforcement learning, which helps us find better solutions much faster than traditional systems. We work with ",1777474743,https://www.arbeitnow.com/jobs/companies/phantasma-labs/machine-learning-engineer-berlin-303955,Arbeitnow
2nd-level-applications-supporter-iam-frankfurt-am-main-278731,2Nd Level Applications Supporter Iam (M/W/D),evoila Frankfurt GmbH,Frankfurt am Main,,CDI,Non précisé,Non précisé,Applications Administration,Applications Administration,"<p>Zur Verstärkung unseres Teams in Frankfurt a.M. suchen wir einen 2nd Level Applications Supporter (m/w/d) für den Bereich IAM.</p>
<p>In dieser Rolle stellst du gemeinsam mit deinem Team den stabilen und reibungslosen Betrieb sowie den technischen Support der Identity- und Access-Management-Plattform One Identity Manager im 2nd-Level-Support bei unserem Kunden sicher.</p>
<p>Ihr fungiert als zentrale Anlaufstelle für technische Störungen, Berechtigungsprobleme und komplexe Anfragen aus den Fa",1777474743,https://www.arbeitnow.com/jobs/companies/evoila-frankfurt-gmbh/2nd-level-applications-supporter-iam-frankfurt-am-main-278731,Arbeitnow
data-analyst-data-engineer-berlin-391419,Data Analyst / Data Engineer,Rahantech GmbH,Berlin,,CDI,Non précisé,Non précisé,"Data Processing, Data Engineer","Data Processing, Data Engineer","<h2>Tasks</h2>
<ul>
<li>You create dashboards and advise diverse stakeholders to find answers to their business questions by utilizing the latest technologies</li>
<li>You work with large volumes of data in relational databases, create custom analyses and optimize SQL queries</li>
<li>You design and implement automated data flows (ETL) and perform extensive data migrations</li>
<li>Develop, optimize and maintain data storage solutions, including relational and NoSQL databases</li>
<li>Develop pr",1777456743,https://www.arbeitnow.com/jobs/companies/rahantech-gmbh/data-analyst-data-engineer-berlin-391419,Arbeitnow
devops-engineer-in-voll-oder-teilzeit-stuttgart-461146,Devops Engineer (M/W/D) In Voll- Oder Teilzeit,iconCXM GmbH,Stuttgart,,Remote,Non précisé,Non précisé,"Remote, IT","Remote, IT","<p>Du hast Lust auf Mitgestaltung? Dann bist du bei uns genau richtig!</p>
<h2>Aufgaben</h2>
<ul>
<li>Du gestaltest gemeinsam mit unserem DevOps-Team die interne IT- und Entwicklungsinfrastruktur aktiv weiter</li>
<li>Du unterstützt beim Betrieb und Ausbau unserer Build-, Test- und Deployment-Pipelines sowie der zugrunde liegenden Cloud- und Systemlandschaften</li>
<li>Du automatisierst wiederkehrende Prozesse und entwickelst unsere Toolchain und internen Abläufe kontinuierlich weiter</li>
<li>D",1777456743,https://www.arbeitnow.com/jobs/companies/iconcxm-gmbh/devops-engineer-in-voll-oder-teilzeit-stuttgart-461146,Arbeitnow
head-of-growth-performance-marketing-frankfurt-am-main-194797,Head Of Growth & Performance Marketing (M/W/D),movme GmbH,Frankfurt am Main,,CDI,Non précisé,Non précisé,Marketing and Communication,Marketing and Communication,"<p>Du denkst in ROAS, CPA und skalierbaren Funnels – und willst ein wachsendes Mobilitätsunternehmen kanalübergreifend auf das nächste Level bringen?</p>
<p>movme steht für eine neue Form der Mobilität: Mit unserem digitalen Auto-Abo bieten wir eine flexible Alternative zu Kauf und Leasing – für Privat- und Geschäftskunden.</p>
<p>Wir wachsen aktuell stark über Vertrieb und erste Marketingkanäle und wollen jetzt unser gesamtes Performance Marketing strukturiert skalieren – über B2C und B2B hinwe",1777456743,https://www.arbeitnow.com/jobs/companies/movme-gmbh/head-of-growth-performance-marketing-frankfurt-am-main-194797,Arbeitnow
marketing-manager-digital-healthcare-munich-446356,Marketing Manager - Digital Healthcare (M/W/D),ONCARE GmbH,Munich,,CDI,Non précisé,Non précisé,Marketing Manager,Marketing Manager,"<p>Bei myoncare schaffen wir eines der innovativsten Gesundheits-Ökosysteme weltweit. Unsere Plattform verbindet Patienten, Kliniken, Ärzte und Partner in einem einzigen digitalen System und ermöglicht etwas, das es bisher nicht gab: <strong>kontinuierliche, personalisierte Gesundheitsbegleitung – sicher, skalierbar und global.</strong></p>
<p>Doch echte Innovation braucht Sichtbarkeit. Deshalb suchen wir jemanden, der nicht nur Marketing denkt, sondern Marketing baut. Jemanden, der Technologien",1777456743,https://www.arbeitnow.com/jobs/companies/oncare-gmbh/marketing-manager-digital-healthcare-munich-446356,Arbeitnow
erfahrener-customer-solution-consultant-managerin-fur-software-beratung-und-entwicklung-cologne-492738,Erfahrene*R Customer Solution Consultant / Manager*In Für Software-Beratung Und Entwicklung (M/W/D),Coduct Solutions GmbH,Cologne,,CDI,Non précisé,Non précisé,Product Management,Product Management,"<p>Ein ungewöhnlicher Jobtitel? Genauso besondere Menschen suchen wir.</p>
<p>Du begleitest <strong>Kundenprobleme, Projekte und</strong> <strong>Lösungen</strong> <strong>End</strong>‑<strong>to</strong>‑<strong>End</strong> – von der ersten Fragestellung bis zur produktiven Umsetzung. Du verstehst wie Menschen und Kunden*innen ticken, aber auch wie Software und Cloud funktionieren.</p>
<p>Bei uns bedeutet <strong>Solution</strong> <strong>Management</strong>: Du bekommst ein <strong>Kunden</st",1777456743,https://www.arbeitnow.com/jobs/companies/coduct-solutions-gmbh/erfahrener-customer-solution-consultant-managerin-fur-software-beratung-und-entwicklung-cologne-492738,Arbeitnow
operations-manager-berlin-9486,Operations Manager (M/W/D),Enter by baupal GmbH,Berlin,,CDI,Non précisé,Non précisé,Customer Service,Customer Service,"<h2>FIXING THE PLANET BY MAKING HOMES CARBON-FREE!</h2>
<p>Mit einer Finanzierung von über 40 Mio. Euro von erstklassigen Investoren wie COATUE, Foundamental &#x26; Target Global arbeiten wir am größten Hebel im europäischen Klimaschutz – dem Gebäudebestand der privaten Eigenheimbesitzer. Mit maßgeschneiderten Lösungen für Millionen von Hausbesitzern setzen wir energetische Sanierungsvorhaben ganzheitlich um und bilden somit die Infrastruktur für klimaneutrales Wohnen.</p>
<h2>Deine Aufgaben</h2",1777456743,https://www.arbeitnow.com/jobs/companies/enter-by-baupal-gmbh/operations-manager-berlin-9486,Arbeitnow
erfahrener-customer-solution-consultant-managerin-fur-software-beratung-und-entwicklung-berlin-273949,Erfahrene*R Customer Solution Consultant / Manager*In Für Software-Beratung Und Entwicklung (M/W/D),Coduct Solutions GmbH,Berlin,,CDI,Non précisé,Non précisé,Product Management,Product Management,"<p>Ein ungewöhnlicher Jobtitel? Genauso besondere Menschen suchen wir.</p>
<p>Du begleitest <strong>Kundenprobleme, Projekte und</strong> <strong>Lösungen</strong> <strong>End</strong>‑<strong>to</strong>‑<strong>End</strong> – von der ersten Fragestellung bis zur produktiven Umsetzung. Du verstehst wie Menschen und Kunden*innen ticken, aber auch wie Software und Cloud funktionieren.</p>
<p>Bei uns bedeutet <strong>Solution</strong> <strong>Management</strong>: Du bekommst ein <strong>Kunden</st",1777456743,https://www.arbeitnow.com/jobs/companies/coduct-solutions-gmbh/erfahrener-customer-solution-consultant-managerin-fur-software-beratung-und-entwicklung-berlin-273949,Arbeitnow
automation-ai-operations-spezialist-fullremote-moglich-berlin-238007,Automation & Ai Operations Spezialist (Fullremote Möglich),Deutsche Pflegegemeinschaft Sankt Josef GmbH (Berlin),Berlin,,CDI,Non précisé,Non précisé,Software Development,Software Development,"<p><strong>Standort:</strong> Remote / flexibel <strong>Start:</strong> Ab sofort</p>
<p>Du willst Teil eines echten StartUps sein, das Leben rettet und gleichzeitig Menschen entlastet? Bei uns bekommst du beides: elektrisierende Atmosphäre, Barista-Kaffee im Office und die Chance, mit deinem Einsatz wirklich etwas zu bewegen.</p>
<p>Unser Angebot ist einzigartig: <strong>lebensrettende, sturzsichere Hausnotrufsysteme – komplett kostenfrei</strong> <strong>für Menschen mit Pflegegrad</strong> un",1777451346,https://www.arbeitnow.com/jobs/companies/deutsche-pflegegemeinschaft-sankt-josef-gmbh-berlin/automation-ai-operations-spezialist-fullremote-moglich-berlin-238007,Arbeitnow
software-entwickler-karlsruhe-28793,Software Entwickler (M/W/D),Knowtion GmbH,Karlsruhe,,CDI,Non précisé,Non précisé,Software Development,Software Development,"<p>Wir suchen Softwareentwickler (m/w/d) zur Definition und Realisierung mathematisch anspruchsvoller Algorithmen der Sensorfusion und automatischen Datenanalyse in sicherheitskritischen Anwendungen mit Kenntnissen im Bereich des maschinellen Lernens / KI-Methoden.</p>
<p>Wir sind ein innovatives Software-Engineering-Unternehmen, das 2011 als Spin-off des Karlsruher Instituts für Technologie (KIT) gegründet wurde. Seitdem entwickeln wir in enger Zusammenarbeit mit unseren Kunden aus verschiedene",1777451345,https://www.arbeitnow.com/jobs/companies/knowtion-gmbh/software-entwickler-karlsruhe-28793,Arbeitnow
werkstudent-software-entwicklung-fur-komplexe-systeme-karlsruhe-7281,Werkstudent Software Entwicklung Für Komplexe Systeme (M/W/D),Knowtion GmbH,Karlsruhe,,CDI,Non précisé,Non précisé,Software Development,Software Development,"<p>Wir suchen eine/n Werkstudent/in zur Umsetzung mathematisch anspruchsvoller Algorithmen in verschiedenen Anwendungsprojekten zur automatisierten Analyse und Verarbeitung von Daten.</p>
<p>Wir sind ein innovatives Software-Engineering-Unternehmen, das 2011 als Spin-off des Karlsruher Instituts für Technologie (KIT) gegründet wurde. Seitdem entwickeln wir in enger Zusammenarbeit mit unseren Kunden aus verschiedenen Branchen maßgeschneiderte Softwarelösungen – von fehlertoleranten Embedded-Syste",1777451345,https://www.arbeitnow.com/jobs/companies/knowtion-gmbh/werkstudent-software-entwicklung-fur-komplexe-systeme-karlsruhe-7281,Arbeitnow
finanzbuchhalter-nuremberg-87433,Finanzbuchhalter (M/W/D),Jobbusters® GmbH,Nuremberg,,CDI,Non précisé,Non précisé,Finance,Finance,"<p><strong>Zahlenjäger/in &#x26; Geistervertreiber/in der Buchhaltung gesucht!</strong></p>
<p>📍 <em>Standort: Nürnberg</em></p>
<p>🕰️ <em>Eintritt: so schnell wie dein Taschenrechner rechnet</em></p>
<p>📄 <em>Beschäftigungsart: Vollzeit</em></p>
<p>Du spürst es genau – da spukt noch etwas im Zahlenwerk. Ein offener Posten hier, ein Buchungsdifferenzchen dort. Du lässt dich nicht so leicht erschrecken? Dann lies weiter!</p>
<p><strong>Unser A Partner</strong> ist ein familiengeführtes Unternehme",1777451345,https://www.arbeitnow.com/jobs/companies/jobbusters-gmbh/finanzbuchhalter-nuremberg-87433,Arbeitnow
finanzbuchhalter-nuremberg-221033,Finanzbuchhalter (M/W/D),Jobbusters® GmbH,Nuremberg,,CDI,Non précisé,Non précisé,Finance,Finance,"<p>Unser Mandant ist eine etablierte Unternehmens- und Corporate-Finance-Beratung mit Standorten in Düsseldorf und Nürnberg. Der Fokus der Tätigkeit liegt auf dem deutschen Mittelstand.</p>
<p>Neben klassischer Managementberatung sowie Restrukturierungs- und Sanierungsprojekten begleitet das Unternehmen seine Mandanten bei Unternehmenstransaktionen, Finanzierungen und Nachfolgeregelungen. Dabei steht eine diskrete, verlässliche und partnerschaftliche Zusammenarbeit im Mittelpunkt.</p>
<h2>Aufgab",1777451345,https://www.arbeitnow.com/jobs/companies/jobbusters-gmbh/finanzbuchhalter-nuremberg-221033,Arbeitnow
auftragsmanagement-projektkoordination-disposition-photovoltaik-warmepumpen-energiesysteme-1komma5-hamburg-260760,"Auftragsmanagement / Projektkoordination / Disposition (M/W/D) - Photovoltaik, Wärmepumpen & Energiesysteme - 1Komma5° Hamburg",1KOMMA5˚,Hamburg,,CDI,Non précisé,Non précisé,Project Management,Project Management,"<h2>1KOMMA5°</h2>
<p>Bei <strong>1KOMMA5°</strong> verfolgen wir eine Vision: <strong>Living on wind and sunlight forever for free</strong>. Dafür bauen wir mit Heartbeat AI das Energiesystem der Zukunft. Bist du dabei?<br>
Wir bringen regionales Handwerk und skalierbare Software zusammen: Solar, Speicher, Wärmepumpe und E-Mobilität denken wir nicht einzeln, sondern steuern sie als intelligentes, integriertes Gesamtsystem in unserem virtuellen Kraftwerk. Direkt verbunden mit dem Strommarkt – in ",1777451345,https://www.arbeitnow.com/jobs/companies/1komma50/auftragsmanagement-projektkoordination-disposition-photovoltaik-warmepumpen-energiesysteme-1komma5-hamburg-260760,Arbeitnow
werkstudentin-grafikdesign-munich-7782,Werkstudent*In Grafikdesign,happybrush,Munich,,CDI,Non précisé,Non précisé,Graphic Arts and Communication Design,Graphic Arts and Communication Design,"<h2>Lust auf eine neue Herausforderung?</h2>
<p>Du studierst Grafikdesign, Kommunikationsdesign, Digitale Medien oder Vergleichbares, bist ein kreativer Kopf und Design ist deine große Leidenschaft? Du möchtest praktische Erfahrung während deines Studiums sammeln und dabei in einem dynamischen Start-up auf den Putz hauen? Dann bist du bei uns genau richtig! Unser Team freut sich auf deine Unterstützung im Bereich <strong>Grafik Design</strong>zum nächstmöglichen Zeitpunkt (befristet auf 5 Monate",1777451345,https://www.arbeitnow.com/jobs/companies/happybrush/werkstudentin-grafikdesign-munich-7782,Arbeitnow
buchhalter-grobenzell-235721,Buchhalter (M/W/D),Jobbusters® GmbH,Gröbenzell,,CDI,Non précisé,Non précisé,Finance,Finance,"<p>Wir bieten Ihnen die Chance, sich vielseitig einzubringen und Verantwortung zu übernehmen – in einem Unternehmen mit Herz, welches wir persönlich sehr gut kennen und die inhaberführte, freundliche Kultur wertschätzen.</p>
<p>Unser Partner setzt sich leidenschaftlich für Menschen, Qualität und Leistung ein – fast so, als ob uns eine unsichtbare Kraft antreibt. Werden Sie Teil der Erfolgsgeschichte und tauchen Sie ein in die Welt der Innovation, die so geheimnisvoll und faszinierend ist wie die",1777386651,https://www.arbeitnow.com/jobs/companies/jobbusters-gmbh/buchhalter-grobenzell-235721,Arbeitnow
performance-marketing-manager-marketplaces-vollzeit-100-homeoffice-grafschaft-379703,"Performance Marketing Manager Marketplaces (M/W/D) - Vollzeit, 100 % Homeoffice",Nutrition-Plus Germany e.K.,Grafschaft,,Remote,Non précisé,Non précisé,"Remote, Online Marketing","Remote, Online Marketing","<p>Wir bei nutri+ glauben an eine Welt, in der Tiere respektiert werden und niemand zurückgelassen wird. Deshalb setzen wir uns nicht nur für hochwertige vegane Produkte ein, sondern unterstützen aktiv den Tierschutz. Unsere Online-Shops und Marktplätze wachsen – und damit auch die Möglichkeiten, noch mehr Menschen zu erreichen.<br>
Damit unsere Produkte auf den wichtigsten Marktplätzen sichtbar bleiben und weiterwachsen, suchen wir dich als Performance Marketing Manager Marketplaces (m/w/d).</p",1777386651,https://www.arbeitnow.com/jobs/companies/nutrition-plus-germany-ek/performance-marketing-manager-marketplaces-vollzeit-100-homeoffice-grafschaft-379703,Arbeitnow
finanzbuchhalter-munich-177148,Finanzbuchhalter (M/W/D),Jobbusters® GmbH,Munich,,CDI,Non précisé,Non précisé,Finance,Finance,"<p>Wir bieten Ihnen die Chance, sich vielseitig einzubringen und Verantwortung zu übernehmen – in einem Unternehmen mit Herz, welches wir persönlich sehr gut kennen und die inhaberführte, freundliche Kultur wertschätzen.</p>
<p>Unser Partner setzt sich leidenschaftlich für Menschen, Qualität und Leistung ein – fast so, als ob uns eine unsichtbare Kraft antreibt. Werden Sie Teil der Erfolgsgeschichte und tauchen Sie ein in die Welt der Innovation, die so geheimnisvoll und faszinierend ist wie die",1777386650,https://www.arbeitnow.com/jobs/companies/jobbusters-gmbh/finanzbuchhalter-munich-177148,Arbeitnow
senior-backend-web-developer-munich-68189,Senior Backend Web Developer (M/F/D),Principia Mentis GmbH,Munich,,CDI,Non précisé,Non précisé,Web Development,Web Development,"<p>At Principia Mentis, we build and run ChangeMaker, one of the world's leading SaaS tools for managing large-scale business transformation projects. Our customers include globally operating Fortune 500 companies and big international business consulting firms. Our company has been privately owned and managed since its foundation in 2012 and we pride ourselves in never having sought VC funding.</p>
<p>ChangeMaker is currently on its 5th iteration, running on TypeScript, NodeJS, GraphQL and Post",1777386650,https://www.arbeitnow.com/jobs/companies/principia-mentis-gmbh/senior-backend-web-developer-munich-68189,Arbeitnow
weg-buchhalter-zahlengeist-mit-herz-gesucht-munich-134283,Weg-Buchhalter (M/W/D) Zahlengeist Mit Herz Gesucht!,Jobbusters® GmbH,Munich,,CDI,Non précisé,Non précisé,Finance,Finance,"<p>Mit Ihrem scharfen Spürsinn für WEG-Buchhaltung und Ihrer freundlichen, bodenständigen Art sind Sie für Kolleginnen, Kollegen und Eigentümer ein vertrauensvoller Ansprechpartner – fast wie ein guter Hausgeist, der stets zur Stelle ist, wenn Klarheit in die Zahlenwelt gebracht werden muss.</p>
<p>Unser Kunde – ein traditionsreiches, familiengeführtes Immobilienunternehmen mit über 45 Jahren Erfahrung im Raum München – sucht genau Sie, um die Buchhaltung seiner Eigentümergemeinschaften zu betre",1777384852,https://www.arbeitnow.com/jobs/companies/jobbusters-gmbh/weg-buchhalter-zahlengeist-mit-herz-gesucht-munich-134283,Arbeitnow
partnership-expansion-manager-startup-monchengladbach-161266,Partnership & Expansion Manager (M/W/D) | Startup,eprogo GmbH,Mönchengladbach,,CDI,Non précisé,Non précisé,Recruitment and Selection,Recruitment and Selection,"<p><strong>Über uns:</strong><br>
Mit unserer Marke innovalo bauen wir Innovations-Startups auf, die aufgrund ihrer zukunftsweisenden Geschäftsfelder von Bund und Ländern gefördert werden.</p>
<p>Unser Ansatz ist klar auf Wachstum ausgerichtet – und genau hier kommst du ins Spiel:</p>
<p><strong>Dein Fokus liegt auf der aktiven Gewinnung von Resellern, Kooperationspartnern und Franchisenehmern sowie dem Aufbau eines skalierbaren, leistungsstarken Partnernetzwerks.</strong></p>
<p>Du arbeitest di",1777384852,https://www.arbeitnow.com/jobs/companies/eprogo-gmbh/partnership-expansion-manager-startup-monchengladbach-161266,Arbeitnow
marketplace-manager-amazon-shopify-pliening-336398,Marketplace Manager Amazon & Shopify (M/W/D),Verlagshaus Schlosser,Pliening,,CDI,Non précisé,Non précisé,Marketing Manager,Marketing Manager,"<p><strong>Das sind wir</strong></p>
<p>Wir sind ein wachstumsorientiertes Unternehmen mit schnellen Entscheidungen, klaren Verantwortlichkeiten und dem Anspruch, Themen nicht nur zu verwalten, sondern messbar nach vorne zu bringen. Bei uns gibt es keine endlosen Abstimmungsschleifen, sondern direkte Umsetzung, kurze Wege und echten Gestaltungsspielraum.</p>
<p>Unser Standort ist in <strong>85652 Pliening</strong>, östlich von München.<br>
<strong>Home-Office ist bei dieser Stelle möglich.</stro",1777384851,https://www.arbeitnow.com/jobs/companies/verlagshaus-schlosser/marketplace-manager-amazon-shopify-pliening-336398,Arbeitnow
devops-engineer-wurzburg-475100,Devops Engineer (M/W/D),Noxum GmbH,Würzburg,,CDI,Non précisé,Non précisé,System and Network Administration,System and Network Administration,"<p>Suchst du ein Umfeld, in dem du dich fachlich entwickeln und langfristig etwas aufbauen kannst? Willkommen bei <strong>Noxum</strong>!</p>
<p>Als etabliertes IT-Unternehmen mit Standorten in Würzburg und Indien entwickeln und betreiben wir seit 1996 eigene Softwareprodukte, die bei namhaften Kunden im Einsatz sind. Die Teams arbeiten standortübergreifend eng zusammen und ergänzen sich seit 2016 in der Entwicklung und im Betrieb unserer Produkte, wodurch Englisch im Arbeitsalltag selbstverstän",1777384851,https://www.arbeitnow.com/jobs/companies/noxum-gmbh/devops-engineer-wurzburg-475100,Arbeitnow
entgeltabrechner-personalsachbearbeiter-mit-erfahrung-bei-homeoffice-anteil-stuttgart-263989,Entgeltabrechner / Personalsachbearbeiter (W/M/D) Mit Erfahrung Bei Homeoffice-Anteil,Fischer & Partner Gesellschaft für Personal mbH,Stuttgart,,CDI,Non précisé,Non précisé,Compensation and Benefits,Compensation and Benefits,"<p>Für ein wirtschaftlich gut aufgestelltes Dienstleistungsunternehmen mit acht Standorten deutschlandweit, über 400 Mitarbeitenden und Stammsitz <strong>im südlichen Stuttgart</strong> suchen wir Sie als</p>
<p><strong>GEHALTSABRECHNER / ENTGELTABRECHNER INKL. PERSONALSACHBEARBEITUNG (w/m/d) mit mindestens 8 Jahren Berufserfahrung</strong>.</p>
<p>Ihr neuer Arbeitgeber bietet Ihnen einen <strong>Homeoffice-Anteil</strong> von einem Tag pro Woche nach erfolgreicher Einarbeitung bei <strong>sehr ",1777384850,https://www.arbeitnow.com/jobs/companies/fischer-partner-gesellschaft-fur-personal-mbh/entgeltabrechner-personalsachbearbeiter-mit-erfahrung-bei-homeoffice-anteil-stuttgart-263989,Arbeitnow
senior-frontend-engineer-berlin-476165,Senior Frontend Engineer (F/M/D),BirdRave GmbH,Berlin,,CDI,Non précisé,Non précisé,Web Development,Web Development,"<p><strong>Birdrave GmbH</strong> is a small, engineering-driven team based in Berlin that builds software with passion. We build powerful platforms for complex use cases, from running the backbone of a massage studio powerhouse to powering multi-million dollar sports betting platforms. On top of that, we support early-stage companies in building their products. AI isn't a buzzword for us, it's a core part of our daily workflow. We experiment with it, integrate it, and build with it.</p>
<p><str",1777384850,https://www.arbeitnow.com/jobs/companies/birdrave-gmbh/senior-frontend-engineer-berlin-476165,Arbeitnow
referent-der-geschaftsfuhrung-finance-operations-reporting-morfelden-walldorf-13336,Referent Der Geschäftsführung Finance Operations & Reporting (M/W/D),Finnofleet GmbH,Mörfelden-Walldorf,,CDI,Non précisé,Non précisé,Finance,Finance,"<p><strong>Komm an Bord unserer FINNOFLEET Crew</strong></p>
<p>Zur Verstärkung unseres Teams suchen wir zum nächstmöglichen Zeitpunkt:<br>
<strong>Referent Finance Operations &#x26; Reporting (m/w/d)</strong></p>
<p><strong>Standort Mörfelden-Walldorf / Hybrid | Vollzeit | ab sofort</strong></p>
<p>Als Referent der Geschäftsführung Finance Operations &#x26; Reporting (m/w/d) unterstützt du die Geschäftsführung bei der Steuerung finanzieller und operativer Themen. Du erstellst und entwickelst Ma",1777384850,https://www.arbeitnow.com/jobs/companies/finnofleet-gmbh/referent-der-geschaftsfuhrung-finance-operations-reporting-morfelden-walldorf-13336,Arbeitnow
servicemanager-teutschenthal-120547,Servicemanager (M/W/D),Universal Brandschutz Service GmbH,Teutschenthal,,CDI,Non précisé,Non précisé,"Management, Team Leader","Management, Team Leader","<p>Die Universal Brandschutz Service GmbH ist ein wachsendes Unternehmen im vorbeugenden Brandschutz mit aktuell über 35 Mitarbeitern – und einem klaren Ziel: <strong>den Aufbau einer deutschlandweit leistungsfähigen Serviceorganisation.</strong></p>
<p>Unser Fokus liegt auf <strong>Effizienz, Qualität und Service</strong>. Dafür entwickeln wir unsere Strukturen, Prozesse und Systeme konsequent weiter – und genau hier kommst du ins Spiel.</p>
<p>Wir suchen keinen klassischen Serviceleiter, sonde",1777384849,https://www.arbeitnow.com/jobs/companies/universal-brandschutz-service-gmbh/servicemanager-teutschenthal-120547,Arbeitnow
java-fullstack-entwickler-morfelden-walldorf-100126,Java Fullstack Entwickler (M/W/D),Finnofleet GmbH,Mörfelden-Walldorf,,CDI,Non précisé,Non précisé,IT,IT,"<p><strong>Komm an Bord unserer FINNOFLEET Crew</strong></p>
<p>Zur Verstärkung unseres Teams suchen wir zum nächstmöglichen Zeitpunkt:</p>
<p>Java Fullstack Entwickler (m/w/d)</p>
<p>Du willst Fullstack entwickeln – von performanten Backend-Services bis hin zu stabilen und modernen ULS? Du bewegst dich sicher zwischen bestehenden Frontend-Technologien wie JSF und modernen Web-Stacks?</p>
<p>Dann bist du bei uns genau richtig. Wir entwickeln mit FINNOFLEET eine Plattform für digitale Finanzproze",1777384848,https://www.arbeitnow.com/jobs/companies/finnofleet-gmbh/java-fullstack-entwickler-morfelden-walldorf-100126,Arbeitnow
full-stack-java-kotlin-engineer-team-payments-munich-114312,Full-Stack (Java/Kotlin) Engineer (M/F/D) - Team Payments,Flix,"Munich, Bavaria, Germany",,CDI,Non précisé,Non précisé,Non précisé,Non précisé,"<p style=""line-height: 1.4;""><span style=""font-size: 12pt;"">At Flix, we offer a tech-driven environment where innovation meets real-world impact, with competitive pay, strong growth opportunities, and a culture of collaboration and ownership. &nbsp;</span></p>
<p><span style=""font-size: 12pt; font-family: helvetica, arial, sans-serif;""><span data-contrast=""auto"">As a </span><strong><span data-contrast=""auto"">Full-stack&nbsp;Engineer</span></strong><span data-contrast=""auto""> with a strong backen",1777383920,https://www.arbeitnow.com/jobs/companies/flix/full-stack-java-kotlin-engineer-team-payments-munich-114312,Arbeitnow
full-stack-java-kotlin-engineer-team-payments-berlin-262646,Full-Stack (Java/Kotlin) Engineer (M/F/D) - Team Payments,Flix,"Berlin, Berlin, Germany",,CDI,Non précisé,Non précisé,Non précisé,Non précisé,"<p style=""line-height: 1.4;""><span style=""font-size: 12pt;"">At Flix, we offer a tech-driven environment where innovation meets real-world impact, with competitive pay, strong growth opportunities, and a culture of collaboration and ownership. &nbsp;</span></p>
<p><span style=""font-size: 12pt; font-family: helvetica, arial, sans-serif;""><span data-contrast=""auto"">As a </span><strong><span data-contrast=""auto"">Full-stack&nbsp;Engineer</span></strong><span data-contrast=""auto""> with a strong backen",1777383920,https://www.arbeitnow.com/jobs/companies/flix/full-stack-java-kotlin-engineer-team-payments-berlin-262646,Arbeitnow
service-assistent-mitarbeiter-im-werkstattburo-bad-sackingen-177497,Service-Assistent / Mitarbeiter Im Werkstattbüro (M/W/D),ReMo - Reifen & Motoren,Bad Säckingen,,CDI,Non précisé,Non précisé,Customer Service,Customer Service,"<p>Wir bei <strong>ReMo Reifen und Motoren</strong> in Bad Säckingen halten die Region mobil. Als moderner Meisterbetrieb verbinden wir Leidenschaft für Technik mit echtem Kundenservice. Warum du zu uns kommen solltest? Weil wir ein Team auf Augenhöhe sind, kurze Entscheidungswege lieben und bei uns jeder Einzelne zählt – inklusive modernem Arbeitsplatz und einer Atmosphäre, in der die Arbeit Spaß macht. Wir bieten dir nicht nur einen spannenden Mix aus Technik und Verwaltung, sondern auch die W",1777383046,https://www.arbeitnow.com/jobs/companies/remo-reifen-motoren/service-assistent-mitarbeiter-im-werkstattburo-bad-sackingen-177497,Arbeitnow
vertriebsdisponentin-am-standort-dresden-272426,Vertriebsdisponent*In Am Standort Dresden,Annette Wittram - AWi Personalvermittlung und Bewerbercoaching,Dresden,,CDI,Non précisé,Non précisé,"Management, Team Leader","Management, Team Leader","<p><strong><em>Sie suchen eine neue berufliche Perspektive mit Entwicklungspotential? Dann lassen Sie uns einmal in Kontakt treten.</em></strong></p>
<p><strong>Als erfolgreiche Vermittlerin innerhalb der Personaldienstleistungsbranche begleite ich nunmehr seit fast 30 Jahren</strong> Bewerber und Unternehmen aus diesem Branchensegment bei der Zusammenführung. Lassen auch Sie sich ""an die Hand nehmen"" und zu Ihrem neuen Traumjob führen... <strong>und bis dahin lehnen Sie sich einfach entspannt z",1777383046,https://www.arbeitnow.com/jobs/companies/annette-wittram-awi-personalvermittlung-und-bewerbercoaching/vertriebsdisponentin-am-standort-dresden-272426,Arbeitnow
niederlassungsleiterin-branchmanagerin-am-standort-dresden-208420,Niederlassungsleiter*In -  Branchmanager*In Am Standort Dresden,Annette Wittram - AWi Personalvermittlung und Bewerbercoaching,Dresden,,CDI,Non précisé,Non précisé,"Management, Team Leader","Management, Team Leader","<p><strong><em>Sie suchen eine neue berufliche Perspektive mit Entwicklungspotential? Dann lassen Sie uns einmal in Kontakt treten.</em></strong></p>
<p><strong>Als erfolgreiche Vermittlerin innerhalb der Personaldienstleistungsbranche begleite ich nunmehr seit fast 30 Jahren</strong> Bewerber und Unternehmen aus diesem Branchensegment bei der Zusammenführung. Lassen auch Sie sich ""an die Hand nehmen"" und zu Ihrem neuen Traumjob führen... <strong>und bis dahin lehnen Sie sich einfach entspannt z",1777383046,https://www.arbeitnow.com/jobs/companies/annette-wittram-awi-personalvermittlung-und-bewerbercoaching/niederlassungsleiterin-branchmanagerin-am-standort-dresden-208420,Arbeitnow
senior-subscription-manager-all-genders-berlin-49171,(Senior) Subscription Manager (All Genders),mammaly,Berlin,,CDI,Non précisé,Non précisé,Marketing and Communication,Marketing and Communication,"<p><strong>About mammaly</strong></p>
<p>We are mammaly! - und unsere Mission sind gesunde und glückliche Hunde! Deshalb entwickeln wir Premium Supplements für Hunde, die ein langes und gutes Leben ermöglichen.<br>
Gegründet in 2020, ist mammaly bereits jetzt das führende Pet Supplement Startup in Deutschland. Darauf ruhen wir uns nicht aus, denn Tierwohl liegt uns am Herzen: Wir fördern mit innovativen Lösungen die Gesundheit und Lebensqualität unserer Hunde. Außerdem, fühlen wir uns verpflicht",1777383045,https://www.arbeitnow.com/jobs/companies/mammaly/senior-subscription-manager-all-genders-berlin-49171,Arbeitnow
social-media-lead-berlin-360916,Social Media Lead (M/W/D),FRAUEN100 Media GmbH,Berlin,,CDI,Non précisé,Non précisé,Marketing and Communication,Marketing and Communication,"<p>FRAUEN100 ist die führende Plattform für strukturelle Gleichberechtigung in Deutschland.</p>
<p>Wir setzen gesellschaftliche Themen auf die Agenda, schaffen Öffentlichkeit und arbeiten eng mit politischen und wirtschaftlichen Entscheidungsträger*innen zusammen.</p>
<h2>Aufgaben</h2>
<p><strong>Die Stelle</strong></p>
<p>Du verantwortest unsere FRAUEN100 Kanäle ganzheitlich – von der strategischen Weiterentwicklung bis zur täglichen operativen Umsetzung. Du steuerst Inhalte, koordinierst inter",1777383045,https://www.arbeitnow.com/jobs/companies/frauen100-media-gmbh/social-media-lead-berlin-360916,Arbeitnow
niederlassungsleiterin-branchmanagerin-am-standort-leipzig-415905,Niederlassungsleiter*In -  Branchmanager*In Am Standort Leipzig,Annette Wittram - AWi Personalvermittlung und Bewerbercoaching,Leipzig,,CDI,Non précisé,Non précisé,"Management, Team Leader","Management, Team Leader","<p><strong><em>Sie suchen eine neue berufliche Perspektive mit Entwicklungspotential? Dann lassen Sie uns einmal in Kontakt treten.</em></strong></p>
<p><strong>Als erfolgreiche Vermittlerin innerhalb der Personaldienstleistungsbranche begleite ich nunmehr seit fast 30 Jahren</strong> Bewerber und Unternehmen aus diesem Branchensegment bei der Zusammenführung. Lassen auch Sie sich ""an die Hand nehmen"" und zu Ihrem neuen Traumjob führen... <strong>und bis dahin lehnen Sie sich einfach entspannt z",1777383045,https://www.arbeitnow.com/jobs/companies/annette-wittram-awi-personalvermittlung-und-bewerbercoaching/niederlassungsleiterin-branchmanagerin-am-standort-leipzig-415905,Arbeitnow
werkstudentin-social-media-content-berlin-451340,Werkstudent:In Social Media & Content (M/W/D),Piggyback,Berlin,,CDI,Non précisé,Non précisé,Social Media Manager,Social Media Manager,"<p><strong>Mit Piggyback bauen wir eine sehr besondere Boutique Social Media Beratungsagentur auf.</strong></p>
<p>Unser Ziel ist es, Marken, die uns begeistern, dabei zu helfen, auf Social Media richtig durchzustarten.</p>
<p>Das machen wir, indem wir zunächst Social Media Strategien entwickeln und dann in die Teams als Interim-Verstärkung im Rahmen unseres Accelerator-Programms hineingehen. Gemeinsam mit ihnen entwickeln wir in kurzen Projekten von 9–12 Monaten Content sowie Kanäle weiter, opt",1777383044,https://www.arbeitnow.com/jobs/companies/piggyback/werkstudentin-social-media-content-berlin-451340,Arbeitnow
chief-of-staff-all-genders-berlin-82787,Chief Of Staff (All Genders),mammaly,Berlin,,CDI,Non précisé,Non précisé,Business Consulting,Business Consulting,"<p><strong>About mammaly</strong></p>
<p>We are mammaly! - und unsere Mission sind gesunde und glückliche Hunde! Deshalb entwickeln wir Premium Supplements für Hunde, die ein langes und gutes Leben ermöglichen.<br>
Gegründet in 2020, ist mammaly bereits jetzt das führende Pet Supplement Startup in Deutschland. Darauf ruhen wir uns nicht aus, denn Tierwohl liegt uns am Herzen: Wir fördern mit innovativen Lösungen die Gesundheit und Lebensqualität unserer Hunde. Außerdem, fühlen wir uns verpflicht",1777383044,https://www.arbeitnow.com/jobs/companies/mammaly/chief-of-staff-all-genders-berlin-82787,Arbeitnow
praktikum-affiliate-marketing-all-genders-berlin-19993,Praktikum - Affiliate Marketing (All Genders),mammaly,Berlin,,CDI,Non précisé,Non précisé,Marketing Assistant,Marketing Assistant,"<h2>Tasks</h2>
<ul>
<li><strong>Creator Management &#x26; Akquise:</strong> Du betreust unsere bestehenden Affiliate-Partner und identifizierst proaktiv neue, passende Profile, um unser Netzwerk strategisch auszubauen.</li>
<li><strong>Kampagnen-Management &#x26; Tracking:</strong> Du unterstützt bei der technischen Aufsetzung von Kampagnen und stellst sicher, dass Performance-Daten korrekt erfasst werden (idealerweise bringst du erste Erfahrung mit Affiliate-Netzwerken mit).</li>
<li><strong>Re",1777383044,https://www.arbeitnow.com/jobs/companies/mammaly/praktikum-affiliate-marketing-all-genders-berlin-19993,Arbeitnow
senior-lifecycle-manager-subscription-all-genders-berlin-413218,(Senior) Lifecycle Manager - Subscription (All Genders),mammaly,Berlin,,CDI,Non précisé,Non précisé,Marketing and Communication,Marketing and Communication,"<p><strong>About mammaly</strong></p>
<p>We are mammaly! - und unsere Mission sind gesunde und glückliche Hunde! Deshalb entwickeln wir Premium Supplements für Hunde, die ein langes und gutes Leben ermöglichen.<br>
Gegründet in 2020, ist mammaly bereits jetzt das führende Pet Supplement Startup in Deutschland. Darauf ruhen wir uns nicht aus, denn Tierwohl liegt uns am Herzen: Wir fördern mit innovativen Lösungen die Gesundheit und Lebensqualität unserer Hunde. Außerdem, fühlen wir uns verpflicht",1777383044,https://www.arbeitnow.com/jobs/companies/mammaly/senior-lifecycle-manager-subscription-all-genders-berlin-413218,Arbeitnow
senior-performance-marketing-manager-paid-social-all-genders-berlin-295240,(Senior) Performance Marketing Manager - Paid Social (All Genders),mammaly,Berlin,,Remote,Non précisé,Non précisé,"Remote, Marketing Manager","Remote, Marketing Manager","<p><strong>About mammaly</strong></p>
<p>We are mammaly! - und unsere Mission sind gesunde und glückliche Hunde! Deshalb entwickeln wir Premium Supplements für Hunde, die ein langes und gutes Leben ermöglichen.<br>
Gegründet in 2020, ist mammaly bereits jetzt das führende Pet Supplement Startup in Deutschland. Darauf ruhen wir uns nicht aus, denn Tierwohl liegt uns am Herzen: Wir fördern mit innovativen Lösungen die Gesundheit und Lebensqualität unserer Hunde. Außerdem, fühlen wir uns verpflicht",1777383043,https://www.arbeitnow.com/jobs/companies/mammaly/senior-performance-marketing-manager-paid-social-all-genders-berlin-295240,Arbeitnow
inhouse-head-of-software-development-hybrid-remote-grossraum-stuttgart-420483,Inhouse Head Of Software Development - Hybrid Remote Großraum Stuttgart (M/W/D),DWWA Personalberatung GmbH,Stuttgart,,CDI,Non précisé,Non précisé,Software Development,Software Development,"<p><strong>Inhouse Head of Software Development - Hybrid Remote Großraum Stuttgart (m/w/d)</strong></p>
<p>Du suchst einen Job als Inhouse Head of Software Development? Du suchst ein Umfeld, in dem du nicht nur verwaltest, sondern aktiv Strukturen aufbaust, Teams entwickelst und Softwareentwicklung in die „neue Welt“ führst?</p>
<h2>Aufgaben</h2>
<ul>
<li>Gratis Karriereberatung: Wir zeigen Dir Karriere- und Verdienstmöglichkeiten auf. Ganz ehrlich und objektiv.</li>
<li>Wertvolles Insider Know-",1777397342,https://www.arbeitnow.com/jobs/companies/dwwa-personalberatung-gmbh/inhouse-head-of-software-development-hybrid-remote-grossraum-stuttgart-420483,Arbeitnow
senior-abap-entwickler-refnr-46646-frankfurt-am-main-440857,Senior Abap-Entwickler (M/W/D) (Ref.Nr.: 46646),Wavestone Germany AG,Frankfurt am Main,,CDI,Non précisé,Non précisé,IT,IT,"<p>Wir suchen einen Senior Solution Architect für ein agiles Projekt im Bereich der Instandhaltungsinfrastruktur. Die Position umfasst die Implementierung technischer Komponenten innerhalb einer SAP-Landschaft (S/4HANA, BW4HANA) sowie die architektonische Beratung und Begleitung von Migrationsprozessen.</p>
<p><strong>Key Facts</strong><br>
Start: 18.05.2026<br>
Dauer: Nicht bekannt<br>
Auslastung: 100 %<br>
Einsatzart:<br>
Einsatzort: Frankfurt am Main<br>
Einsatzland: Deutschland</p>
<p><stron",1777381259,https://www.arbeitnow.com/jobs/companies/wavestone-germany-ag/senior-abap-entwickler-refnr-46646-frankfurt-am-main-440857,Arbeitnow
steuerfachangestellte-r-siegen-245253,Steuerfachangestellte/R (M/W/D),8P Steuerberatung - Wirtschaftsprüfung - Rechtsberatung,Siegen,,CDI,Non précisé,Non précisé,Finance,Finance,"<p><strong>Die 8P Partnerschaft mit Leidenschaft für Lösungen!</strong></p>
<p><strong>8P</strong>: <strong>acht Partner</strong>, mehr als 40 Berufsträger, insgesamt 150 Mitarbeiterinnen und Mitarbeiter - Steuerberater, Wirtschaftsprüfer, Rechtsanwälte und Fachkräfte. Wir sind eine unabhängig, dynamisch wachsende Kanzlei mit mehr als 50 Jahren Historie. Im Kern betreuen und beraten wir inhabergeführte mittelständische Familienunternehmen - bei komplexen, internationalen Fragen auch gemeinsam mi",1777381259,https://www.arbeitnow.com/jobs/companies/8p-steuerberatung-wirtschaftsprufung-rechtsberatung/steuerfachangestellte-r-siegen-245253,Arbeitnow
werkstudent-people-finance-hanover-343371,Werkstudent People & Finance (M/W/D),Yoffi Digital,Hanover,,CDI,Non précisé,Non précisé,Recruitment and Selection,Recruitment and Selection,"<p>Yoffi Digital ist eine Shopify-Agentur mit dem Mindset einer Software-Firma: kein Abarbeiten von Tickets, sondern echtes Mitdenken und Mitgestalten. Wir begleiten Marken von Shop-Setup über Migration bis zur datengetriebenen Optimierung.</p>
<h2>Aufgaben</h2>
<p>Als Werkstudent:in im Bereich People &#x26; Finance sorgst du dafür, dass im Hintergrund alles reibungslos läuft. Die Rolle ist ideal für dich, wenn du einen flexiblen Job suchst, bei dem du eigenständig arbeiten kannst und gleichzeit",1777381258,https://www.arbeitnow.com/jobs/companies/yoffi-digital/werkstudent-people-finance-hanover-343371,Arbeitnow
praktikant-in-im-kundenservice-berlin-245135,Praktikant/In Im Kundenservice (M/W/D),Tiens,Berlin,,CDI,Non précisé,Non précisé,Customer Service,Customer Service,"<p><strong>Tianshi GmbH</strong> ist Teil der <strong>Tiens Group</strong>, eines multinationalen Konzerns, der sich auf Gesundheits-, Wellness- und Lifestyle-Produkte spezialisiert hat. Mit Geschäftsaktivitäten in über 224 Ländern hat die TIENS Group Niederlassungen in 117 Ländern und Regionen aufgebaut und strategische Partnerschaften mit führenden Unternehmen weltweit etabliert. Die Region Europa ist derzeit in mehr als 20 Märkten aktiv.</p>
<p>Tianshi GmbH setzt sich dafür ein, die Lebensqua",1777381258,https://www.arbeitnow.com/jobs/companies/tiens/praktikant-in-im-kundenservice-berlin-245135,Arbeitnow
software-developer-python-in-kundenprojekten-karlsruhe-stuttgart-mannheim-und-umgebung-ggfs-remote-73469,"Software Developer Python In Kundenprojekten (W/M/D) - Karlsruhe / Stuttgart / Mannheim Und Umgebung, Ggfs. Remote",KENBUN IT AG,Karlsruhe,,CDI,Non précisé,Non précisé,Software Development,Software Development,"<p>Wir sind die KENBUN IT AG, ein IT-Unternehmen aus Karlsruhe mit dem Fokus auf Künstliche Intelligenz und digitale Sprachassistenzsysteme. Als smarter Innovationstreiber gestalten wir die digital-intelligente Welt von morgen. Wir bringen state-of-the-art KI-Technologien zur Produktreife und machen unsere Kunden fit für die digitale Transformation. Zu unseren zukunftssicheren Lösungen gehören Voice-Technologie, wie unser natürlichsprachliches Assistenzsystem KIDOU, und unsere hochskalierbare KI",1777487344,https://www.arbeitnow.com/jobs/companies/kenbun-it-ag/software-developer-python-in-kundenprojekten-karlsruhe-stuttgart-mannheim-und-umgebung-ggfs-remote-73469,Arbeitnow
werkstudenten-beteiligungsanalyst-berlin-271754,Werkstudenten Beteiligungsanalyst (M/W/D),DWLBohrung GmbH,Berlin,,CDI,Non précisé,Non précisé,Finance,Finance,"<h2>dreifuerst consulting</h2>
<p>Mittelständische Beteiligungsgesellschaft mit Standort in Berlin-Mitte möchte das Targeting und das Controlling von Portfoliounternehmen verstärken. Wir suchen einen engagierten</p>
<h2>Ihre Aufgaben</h2>
<ul>
<li>Aktive Mitarbeit im mittelständischen Beteiligungsgeschäft</li>
<li>Identifikation und betriebswirtschaftliche Analyse von Targets</li>
<li>Marktrecherchen innerhalb verschiedener Branchen nach Unternehmenskandidaten für strategische Mehrheitsbeteiligu",1777487344,https://www.arbeitnow.com/jobs/companies/dwlbohrung-gmbh/werkstudenten-beteiligungsanalyst-berlin-271754,Arbeitnow
tlm-simulation-architect-aachen-86968,Tlm Simulation Architect,MachineWare GmbH,Aachen,,CDI,Non précisé,Non précisé,Software Development,Software Development,<p>MachineWare is an innovative and fast-growing start-up spun out of the Institute of Communication Technologies and Embedded Systems at RWTH Aachen University in 2022. We specialize in high-performance full-system simulation solutions that enable early software development and verification for cutting-edge hardware and embedded systems. Our team combines academic excellence with practical innovation to redefine simulation technology. Join us to shape the future of high-performance simulation t,1777487344,https://www.arbeitnow.com/jobs/companies/machineware-gmbh/tlm-simulation-architect-aachen-86968,Arbeitnow
junior-it-projektmanager-hanover-383283,Junior It Projektmanager (M/W/D),Yoffi Digital,Hanover,,CDI,Non précisé,Non précisé,Software Development,Software Development,"<p>Yoffi Digital ist eine Shopify-Agentur mit dem Mindset einer Software-Firma: kein Abarbeiten von Tickets, sondern echtes Mitdenken und Mitgestalten. Wir begleiten Marken von Shop-Setup über Migration bis zur datengetriebenen Optimierung. Und wir brennen dafür, dass unsere Kund:innen wirklich wachsen.</p>
<p>2022 von zwei Freunden gegründet, bauen wir die Agentur seitdem kontinuierlich weiter auf. Wir arbeiten direkt, eigenverantwortlich und mit hohem Anspruch an unsere Ergebnisse. Unser Team ",1777487344,https://www.arbeitnow.com/jobs/companies/yoffi-digital/junior-it-projektmanager-hanover-383283,Arbeitnow
projektmanager-fokus-bpo-dresden-294452,Projektmanager (Fokus Bpo) (M/W/D),Spectos GmbH,Dresden,,CDI,Non précisé,Non précisé,Project Management,Project Management,"<p>Für die Erweiterung unseres Teams im Bereich Projects &#x26; Operations suchen wir für eine(n) zuverlässige(n)</p>
<p><strong>Projektmanager (Fokus BPO) (m/w/d).</strong></p>
<p>Wenn Du eine neue Herausforderung in einem agilen, innovativen, internationalen und leistungsstarken Umfeld suchst, ist dieser Job ideal für Dich.</p>
<h2>Aufgaben</h2>
<p>Als Projektmanager für unsere BPO-Lösungen (Business Process Outsourcing) bist du die zentrale Schnittstelle und der vertrauenswürdige Berater für ",1777487344,https://www.arbeitnow.com/jobs/companies/spectos-gmbh/projektmanager-fokus-bpo-dresden-294452,Arbeitnow
freie-mitarbeiter-fur-bevolkerungsbefragungen-bochum-418053,Freie Mitarbeiter (M/W/D) Für Bevölkerungsbefragungen,Foerster & Thelen Marktforschung,Bochum,,CDI,Non précisé,Non précisé,"Market Research, Analysis","Market Research, Analysis","<p>Zur Unterstützung unseres Teams suchen wir freiberufliche Mitarbeiter, die uns bei Befragungen im Bereich der Bevölkerungsbefragungen unterstützen.</p>
<h2>Aufgaben</h2>
<ul>
<li>Sie führen Befragungen mit Personen aus Ihrem Umfeld zu aktuellen Themen aus den Bereichen Politik, Soziales, Gesundheit, Kultur und Umwelt.</li>
</ul>
<p><strong>PROJEKTINFORMATIONEN:</strong></p>
<ul>
<li>Aktionszeiten: wiederkehrend, ganzjährig</li>
<li>Aktionsorte: Mecklenburg-Vorpommern, Sachsen und Brandenburg<",1777474744,https://www.arbeitnow.com/jobs/companies/foerster-thelen-marktforschung/freie-mitarbeiter-fur-bevolkerungsbefragungen-bochum-418053,Arbeitnow
e-commerce-manager-in-breidenbach-212009,E-Commerce-Manager/In,BIGBOXX GmbH & Co. KG,Breidenbach,,CDI,Non précisé,Non précisé,Online Marketing,Online Marketing,"<p>Die BIGBOXX GmbH &#x26; Co. KG ist ein Anbieter für hochwertige Stahlmöbel und Betriebseinrichtungen – vom Spind über Stahlregale bis hin zu Werkstatt- und Büromöbeln. Das Unternehmen mit Sitz in Breidenbach betreibt einen B2B-Onlineshop mit über 20.000 Artikeln für Büro, Lager, Werkstatt und Sozialräume.</p>
<p>Als Tochterunternehmen der C+P Möbelsysteme GmbH &#x26; Co. KG profitieren wir von der Erfahrung eines der führenden Stahlmöbelhersteller Europas – und bauen gleichzeitig unseren E‑Co",1777474744,https://www.arbeitnow.com/jobs/companies/bigboxx-gmbh-co-kg/e-commerce-manager-in-breidenbach-212009,Arbeitnow
junior-it-systemadministrator-herzlich-willkommen-cologne-469804,Junior It Systemadministrator (M/W/D) Herzlich Willkommen,Intercon Solutions GmbH,Cologne,,CDI,Non précisé,Non précisé,System and Network Administration,System and Network Administration,"<p>Du hast deine ersten Schritte in der IT gemacht und möchtest jetzt richtig durchstarten? Du arbeitest gern mit Windows-Systemen und suchst ein Team, das dich unterstützt und fördert? Dann freuen wir uns darauf, dich kennenzulernen!</p>
<h2>Aufgaben</h2>
<ul>
<li>Unterstützung beim Betrieb und der Weiterentwicklung von Windows Server- und Clientumgebungen</li>
<li>Mitarbeit bei der Administration von Active Directory, Benutzer- und Rechteverwaltung</li>
</ul>
<h2>Qualifikation</h2>
<ul>
<li>Du",1777474744,https://www.arbeitnow.com/jobs/companies/intercon-solutions-gmbh/junior-it-systemadministrator-herzlich-willkommen-cologne-469804,Arbeitnow
freiberufliche-mitarbeiter-fur-mobile-datenerfassung-bochum-268969,Freiberufliche Mitarbeiter (M/W/D) Für Mobile Datenerfassung,Foerster & Thelen Marktforschung,Bochum,,CDI,Non précisé,Non précisé,Marketing and Communication,Marketing and Communication,"<p>Zur Unterstützung unseres Teams suchen wir technikaffine Mitarbeiter, die uns bei der Erfassung von Produkten im Einzelhandel unterstützen.</p>
<h2>Aufgaben</h2>
<ul>
<li>Aktionsorte: 04758 Oschatz, 04769 Mügeln, 04749 Ostrau, 01587 Riesa</li>
<li>Aktionszeitraum: ganzjährig, in den Öffnungszeiten der Standorte</li>
<li>Aktionstage: Freie Zeiteinteilung zwischen Montag und Donnerstag</li>
<li>Thema: Produkte in Verbraucher-, Lebensmittel-, Supermärkten oder Drogerien mit Hilfe eines Barcodesc",1777474744,https://www.arbeitnow.com/jobs/companies/foerster-thelen-marktforschung/freiberufliche-mitarbeiter-fur-mobile-datenerfassung-bochum-268969,Arbeitnow
marketing-manager-polen-am-standort-berlin-361461,Marketing Manager Polen (M/W/D) Am Standort Berlin,NORSAN (GmbH),Berlin,,CDI,Non précisé,Non précisé,Marketing Manager,Marketing Manager,"<p><em>Velkommen om bord</em> – Willkommen an Bord!</p>
<p><strong>Was erwartet Dich?</strong> Ein Team mit norwegischen Wurzeln – hochmotiviert und international – Hersteller der besten Omega-3 Produkte – eine Crew mit ganz viel Omega-3 Expertise – Das und vieles mehr sind wir, NORSAN.</p>
<p><strong>Unsere Mission?</strong> Wir wollen über Omega-3-Fettsäuren und deren positive Wirkungen im Körper informieren und aufklären. Gleichzeitig möchten wir die besten Omega-3 Produkte zu einer optimalen",1777474744,https://www.arbeitnow.com/jobs/companies/norsan-gmbh/marketing-manager-polen-am-standort-berlin-361461,Arbeitnow
studentische-hilfskraft-veranstaltungsorganisation-dptv-campus-berlin-teilzeit-223469,"Studentische Hilfskraft (M/W/D) Veranstaltungsorganisation – Dptv Campus, Berlin (Teilzeit)",DPtV Deutsche PsychotherapeutenVereinigung,Berlin,,CDI,Non précisé,Non précisé,Project Management,Project Management,"<h2>STELLENBESCHREIBUNG</h2>
<p>Über das berufspolitische Engagement hinaus, bietet die DPtV im Rahmen ihrer Fortbildungsakademie DPtV CAMPUS Raum für fachlichen Austausch und Diskussion mit jährlich etwa 150 Fortbildungsveranstaltungen für die Berufsgruppe.</p>
<p>Für unsere Bundesgeschäftsstelle in Berlin suchen wir ab sofort zur Unterstützung des DPtV CAMPUS Teams – vorerst befristet auf zwei Jahre – eine</p>
<p><strong>studentische Hilfskraft (m/w/d) im Bereich Veranstaltungsorganisation in ",1777474744,https://www.arbeitnow.com/jobs/companies/dptv-deutsche-psychotherapeutenvereinigung/studentische-hilfskraft-veranstaltungsorganisation-dptv-campus-berlin-teilzeit-223469,Arbeitnow
mediengestalter-in-teilzeit-gottingen-362694,Mediengestalter (M/W/D) In Teilzeit,Nette GmbH,Göttingen,,CDI,Non précisé,Non précisé,Marketing and Communication,Marketing and Communication,"<p>Die <strong>Nette GmbH</strong> ist ein mittelständisches, inhabergeführtes Familienunternehmen mit Standorten in Nord- und Mitteldeutschland. Wir vertreiben täglich voller Leidenschaft nachhaltige Verpackungslösungen für den Außerhausmarkt und den Lebensmitteleinzelhandel (LEH). Im Fokus stehen dabei hochwertige Mehrweg- und Einwegverpackungen für Take-away und Delivery, für Food und Getränke.</p>
<p><strong>Zur Verstärkung unseres Standortes Göttingen suchen wir ab sofort eine/n</strong></p",1777474744,https://www.arbeitnow.com/jobs/companies/nette-gmbh/mediengestalter-in-teilzeit-gottingen-362694,Arbeitnow
java-entwickler-darmstadt-237909,Java-Entwickler (M/W/D),streamboost GmbH,Darmstadt,,CDI,Non précisé,Non précisé,Software Development,Software Development,"<p>Du bist leidenschaftlicher Java-Entwickler (m/w/d) und suchst nach der nächsten großen Herausforderung? Dann bist du bei uns genau richtig! Bei streamboost GmbH in Darmstadt gestaltest du als Backend-Spezialist für Echtzeit-AdTech die Zukunft des Marketings auf Twitch. Seit 2020 treiben wir die Werbewelt mit innovativen Tools und cleveren Datenauswertungen voran und ermöglichen Unternehmen, junge Zielgruppen authentisch und in Echtzeit zu erreichen. Unsere Mission ist es, nicht nur die Nr. 1 ",1777456743,https://www.arbeitnow.com/jobs/companies/streamboost-gmbh/java-entwickler-darmstadt-237909,Arbeitnow
fullstack-developer-schwerpunkt-power-platform-darmstadt-102751,Fullstack-Developer (M/W/D) - Schwerpunkt Power Platform,acoris AG,Darmstadt,,CDI,Non précisé,Non précisé,Software Development,Software Development,"<p>Die acoris AG ist ein innovativer IT-Dienstleister rund um Microsoft 365 und moderne Zusammenarbeit.</p>
<p>Dich erwarten flexible Arbeitszeiten, echtes Teamwork und eine offene, wertschätzende Unternehmenskultur. Wir fördern deine Entwicklung aktiv – mit Weiterbildung, modernen Tools und spannenden Projekten.</p>
<h2>Aufgaben</h2>
<ul>
<li>Du begleitest den gesamten Entwicklungsprozess – von der Anforderungsanalyse über die technische Umsetzung bis hin zum Testing und Go-Live.</li>
<li>Du en",1777451346,https://www.arbeitnow.com/jobs/companies/acoris-ag/fullstack-developer-schwerpunkt-power-platform-darmstadt-102751,Arbeitnow
finanzbuchhalter-in-siegen-40758,Finanzbuchhalter/In (M/W/D),8P Steuerberatung - Wirtschaftsprüfung - Rechtsberatung,Siegen,,CDI,Non précisé,Non précisé,Finance,Finance,"<p><strong>Die 8P Partnerschaft mit Leidenschaft für Lösungen!</strong></p>
<p><strong>8P</strong>: acht Partner, mehr als 40 Berufsträger, insgesamt 150 Mitarbeiterinnen und Mitarbeiter - Steuerberater, Wirtschaftsprüfer, Rechtsanwälte und Fachkräfte. Wir sind eine unabhängig, dynamisch wachsende Kanzlei mit mehr als 50 Jahren Historie. Im Kern betreuen und beraten wir inhabergeführte mittelständische Familienunternehmen - bei komplexen, internationalen Fragen auch gemeinsam mit unserem Allianc",1777451346,https://www.arbeitnow.com/jobs/companies/8p-steuerberatung-wirtschaftsprufung-rechtsberatung/finanzbuchhalter-in-siegen-40758,Arbeitnow
it-systemengineer-mit-schwerpunkt-microsoft-365-cologne-163860,It Systemengineer Mit Schwerpunkt Microsoft 365 (M/W/D),Medialine EuroTrade AG,Cologne,,CDI,Non précisé,Non précisé,System and Network Administration,System and Network Administration,"<p>Diese Position ist für unsere Gesellschaft CYBERDYNE Informationstechnologie GmbH zu besetzen.</p>
<p>Wir sind CYBERDYNE – ein spezialisierter Managed Services Provider für anspruchsvolle ITLösungen im Mittelstand.</p>
<p>Als Teil der Medialine Group gehören wir zu einer der führenden IT-Unternehmensgruppen in Deutschland. Diese Kombination aus mittelständischer Agilität und Konzernstärke ermöglicht es uns, unseren Kunden leistungsfähige, skalierbare und zukunftssichere Lösungen anzubieten. W",1777451346,https://www.arbeitnow.com/jobs/companies/medialine-eurotrade-ag/it-systemengineer-mit-schwerpunkt-microsoft-365-cologne-163860,Arbeitnow
ausbildung-zum-fachinformatiker-fur-anwendungsentwicklung-in-dortmund-keine-uberstunden-56505,Ausbildung Zum Fachinformatiker Für Anwendungsentwicklung (M/W/D) In Dortmund - Keine Überstunden,EXWE GmbH,Dortmund,,CDI,Non précisé,Non précisé,IT,IT,"<p><strong>Entwickle Software, die wirklich genutzt wird.</strong></p>
<p>Bei EXWE - Experts in Webtechnologies - entwickelst du individuelle Web- und E-Commerce-Lösungen, die Unternehmen digital voranbringen. Wir glauben: Großartige Software entsteht, wenn Menschen mit Leidenschaft, Kreativität und klarem Kopf arbeiten, nicht durch Überstunden.</p>
<p><strong>Dein Platz bei EXWE</strong></p>
<p>Bei uns triffst du auf ein buntes Team aus mehr als 15 Entwickler:innen, Projektmanager:innen und Kre",1777451346,https://www.arbeitnow.com/jobs/companies/exwe-gmbh/ausbildung-zum-fachinformatiker-fur-anwendungsentwicklung-in-dortmund-keine-uberstunden-56505,Arbeitnow
newsroom-editor-media-analyst-in-teilzeit-50-berlin-oder-remote-160278,Newsroom Editor / Media Analyst (W/M/D) In Teilzeit (50%) - Berlin Oder Remote,cognita Deutschland GmbH,Berlin,,Remote,Non précisé,Non précisé,"Remote, Marketing and Communication","Remote, Marketing and Communication","<h2>Dein Profil</h2>
<p>Zur Verstärkung unseres Teams suchen wir eine analytisch denkende Persönlichkeit mit Interesse an datenbasierter Medienanalyse und neuen Technologien. Die Rolle eignet sich sowohl <strong>für Berufseinsteiger:innen als auch für Studierende (ca. 20h/Woche)</strong>, die praktische Erfahrung im Bereich Media Analytics sammeln möchten.</p>
<p>Der Fokus der Position liegt auf der <strong>Arbeit in der Spätschicht</strong> sowie der strukturierten Auswertung und Aufbereitung v",1777451346,https://www.arbeitnow.com/jobs/companies/cognita-deutschland-gmbh/newsroom-editor-media-analyst-in-teilzeit-50-berlin-oder-remote-160278,Arbeitnow
senior-it-administrator-schwerpunkt-microsoft-bremen-486257,Senior It Administrator - Schwerpunkt Microsoft (M/W/D),Wiethe Content GmbH,Bremen,,CDI,Non précisé,Non précisé,IT,IT,"<p>Die führende Content-Agentur, für die Fashion- und Lifestyle-Branche in Europa mit Kunden wie adidas, Zalando, P&#x26;C u.v.m. Das sind wir: die Wiethe Content GmbH.</p>
<p>In den Bereichen Foto, Film und CGI sind wir Marktführer und kreieren medienübergreifend immer neuen Content, der unseren Kunden zielgruppenspezifisch<br>
ausgespielt wird.</p>
<p>Unser Hauptsitz ist unser 11.000 qm großes Fotostudio in Bremen, in dem wir aktuell ca. 200 Mitarbeiter beschäftigen.</p>
<p>Für unseren Standor",1777372262,https://www.arbeitnow.com/jobs/companies/wiethe-content-gmbh/senior-it-administrator-schwerpunkt-microsoft-bremen-486257,Arbeitnow
senior-it-manager-id134-volunteer-unpaid-munich-298186,"Senior It Manager (M/W/D) (Id134) - Volunteer, Unpaid",EUSMS gGmbH,Munich,,Remote,Non précisé,Non précisé,"Remote, Management, Team Leader","Remote, Management, Team Leader","<p>EUSMS gGmbH is a passionate team of change-makers dedicated to making a profound impact in Kenya, East Africa, and beyond. Our organization stands for five core pillars: Entrepreneurship, Stoicism, Mindfulness, Universal ethical principles, and Skepticism. We empower entrepreneurs to scale their ventures, create jobs, and drive economic growth while focusing on social entrepreneurship, development aid, equal rights, education, environmental protection, and support for people in need.</p>
<p>o",1777372261,https://www.arbeitnow.com/jobs/companies/eusms-ggmbh/senior-it-manager-id134-volunteer-unpaid-munich-298186,Arbeitnow
venture-capital-internship-at-b2venture-direct-investments-june-2026-berlin-243293,Venture Capital Internship @ B2Venture Direct Investments (M/F/D) - June 2026,b2venture GmbH,Berlin,,CDI,Non précisé,Non précisé,Finance,Finance,"<p><strong>b2venture's Direct Investments Team</strong> is looking for a Visiting Analyst (m/f/d) to join our team as an <strong>Intern as of June 2026 for 4 months.</strong></p>
<p>Founded in 2000, b2venture is one of the most experienced venture capital firms in Europe. The group makes early-stage investments through its dedicated funds and stage-agnostic investments through its direct investment track. b2venture is supported by a strong community of angel investors, fostering the firm’s passi",1777372261,https://www.arbeitnow.com/jobs/companies/b2venture-gmbh/venture-capital-internship-at-b2venture-direct-investments-june-2026-berlin-243293,Arbeitnow
industriemechaniker-als-instandhalter-bis-zu-42000-eur-wolfsburg-457253,Industriemechaniker Als Instandhalter (M/W/D) | Bis Zu 42.000 €,Riverstate Premium Recruiting,Wolfsburg,,CDI,Non précisé,Non précisé,"Building, Supply, Safety Services Engineering","Building, Supply, Safety Services Engineering","<p>Wasser ist einer der wichtigsten Rohstoffe, mehr noch: sauberes Wasser ist überlebensnotwendig. Helfen Sie also mit, für sauberes Wasser zu sorgen, und finden Sie gleichzeitig Ihren Traumjob! Ein weltweit agierendes Chemieunternehmen, das sich auf nachhaltige Systemlösungen für alle Aufgaben spezialisiert hat, die bei der industriellen Wasseraufbereitung anfallen, sucht Sie als Industriemechaniker für Instandhaltung. Starten sie durch in einem spannenden und innovativen Arbeitsumfeld im Berei",1777388342,https://www.arbeitnow.com/jobs/companies/riverstate-premium-recruiting/industriemechaniker-als-instandhalter-bis-zu-42000-eur-wolfsburg-457253,Arbeitnow
controller-greifswald-153679,Controller (M/W/D),Personalberatung Susan Lange,Greifswald,,CDI,Non précisé,Non précisé,Finance,Finance,"<p>Die Personalberatung Susan Lange in Rostock ist spezialisiert auf die Direktsuche und Vermittlung von kaufmännischen Fachkräften. Für Bewerber ist unser gesamter Service kostenfrei.</p>
<p>Im Auftrag unseres Kunden, ein mittelständisches Industrieunternehmen aus der regionalen Wirtschaft, suchen wir zum nächstmöglichen Termin einen</p>
<p><strong>Controller (m/w/d)</strong></p>
<h2>Aufgaben</h2>
<ul>
<li>Unterstützung der Abteilung Buchhaltung im operativen Bereich</li>
<li>Erstellung von Mon",1777372259,https://www.arbeitnow.com/jobs/companies/personalberatung-susan-lange/controller-greifswald-153679,Arbeitnow
personalrecruiter-hr-in-stuttgart-298732,Personalrecruiter Hr (M/W/D) In Stuttgart,prognum Automotive GmbH,Stuttgart,,CDI,Non précisé,Non précisé,HR,HR,"<p>Du brennst für die Mobilität von morgen? Dann bist Du bei uns genau richtig!</p>
<p>Bei PROGNUM sind wir als etablierter Ingenieur- und Beratungsdienstleister darauf spezialisiert, in vielseitigen Automotive-Projekten neue Maßstäbe zu setzen. Wir arbeiten an den wegweisenden Technologien von morgen – sei es im autonomen Fahren, Elektromobilität, Connectivity, Infotainment oder darüber hinaus.</p>
<p>Sichere Dir die Pole-Position und starte mit uns durch!</p>
<h2>Aufgaben</h2>
<p><strong>Das e",1777372259,https://www.arbeitnow.com/jobs/companies/prognum-automotive-gmbh/personalrecruiter-hr-in-stuttgart-298732,Arbeitnow
junior-fullstack-developer-berlin-9369,Junior/Mid-Level Fullstack Developer (M/W/D),dsb Deutsche Sanierungsberatung GmbH,Berlin,,CDI,Non précisé,Non précisé,Software Development,Software Development,"<p>Du willst nicht nur Tickets abarbeiten, sondern verstehen, wie ein Produkt wirklich funktioniert, von der Datenbank bis ins UI? Bei uns arbeitest du als Fullstack Developer mit TypeScript entlang des gesamten Stacks mit React, Nest.js und PostgreSQL und siehst direkt, welchen Impact dein Code hat.</p>
<p>Wir bauen keine überengineerten Konstrukte, sondern pragmatische, skalierbare Lösungen und suchen dafür jemanden, der Lust hat mitzudenken, sich weiterzuentwickeln und Schritt für Schritt meh",1777417144,https://www.arbeitnow.com/jobs/companies/dsb-deutsche-sanierungsberatung-gmbh/junior-fullstack-developer-berlin-9369,Arbeitnow
werkstudent-hr-recruiting-in-stuttgart-320344,Werkstudent (M/W/D) Hr Recruiting In Stuttgart,prognum Automotive GmbH,Stuttgart,,CDI,Non précisé,Non précisé,Recruitment and Selection,Recruitment and Selection,"<p>Du brennst für die Mobilität von morgen? Dann bist Du bei uns genau richtig!</p>
<p>Bei PROGNUM sind wir als etablierter Ingenieur- und Beratungsdienstleister darauf spezialisiert, in vielseitigen Automotive-Projekten neue Maßstäbe zu setzen. Wir arbeiten an den wegweisenden Technologien von morgen – sei es im autonomen Fahren, Elektromobilität, Connectivity, Infotainment oder darüber hinaus.</p>
<p>Sichere Dir die Pole-Position und starte mit uns durch!</p>
<h2>Aufgaben</h2>
<p><strong>Das e",1777370453,https://www.arbeitnow.com/jobs/companies/prognum-automotive-gmbh/werkstudent-hr-recruiting-in-stuttgart-320344,Arbeitnow
technical-data-manager-augsburg-42188,Technical Data Manager (M/W/D),BMF Media Information Technology GmbH,Augsburg,,Remote,Non précisé,Non précisé,"Remote, Technical Documentation","Remote, Technical Documentation","<p>BMF Group</p>
<p>Die BMF Group ist ein Full Stack Serviceprovider mit Niederlassungen in Augsburg und Bardowick (bei Lüneburg). Seit über 35 Jahren begleiten wir europaweit Kunden im Mobilitäts‑, Räder‑ und Reifenmarkt: von Werkstätten und Einzelhändlern bis hin zu Herstellern, Industrie und Großhandel. Was uns besonders macht ist unser Team. Bei uns arbeiten KollegInnen am Anfang ihrer Karriere genauso wie erfahrene ExpertInnen mit langjährigem Know‑how - eine frische Mischung aus guten Idee",1777370453,https://www.arbeitnow.com/jobs/companies/bmf-media-information-technology-gmbh/technical-data-manager-augsburg-42188,Arbeitnow
technical-data-manager-augsburg-432744,Technical Data Manager (M/W/D),BMF Media Information Technology GmbH,Augsburg,,CDI,Non précisé,Non précisé,Technical Documentation,Technical Documentation,"<p>BMF Group</p>
<p>Die BMF Group ist ein Full Stack Serviceprovider mit Niederlassungen in Augsburg und Bardowick (bei Lüneburg). Seit über 35 Jahren begleiten wir europaweit Kunden im Mobilitäts‑, Räder‑ und Reifenmarkt: von Werkstätten und Einzelhändlern bis hin zu Herstellern, Industrie und Großhandel. Was uns besonders macht ist unser Team. Bei uns arbeiten KollegInnen am Anfang ihrer Karriere genauso wie erfahrene ExpertInnen mit langjährigem Know‑how - eine frische Mischung aus guten Idee",1777370452,https://www.arbeitnow.com/jobs/companies/bmf-media-information-technology-gmbh/technical-data-manager-augsburg-432744,Arbeitnow
abteilungsleiter-department-manager-dusseldorf-194782,Abteilungsleiter / Department Manager (M/W/D),LPP Deutschland GmbH,Düsseldorf,,CDI,Non précisé,Non précisé,"Management, Team Leader","Management, Team Leader","<p><strong>​​​​​​​Für unseren Store in Düsseldorf suchen wir ab sofort einen Department Manager / Abteilungsleiter (m/w/d) in Vollzeit.</strong></p>
<p>Du bist eine leidenschaftliche Führungskraft, die etwas bewegen möchte. Du betreust ein motiviertes Team und managst die Herausforderungen deiner Abteilung eines großen Fashion-Stores.</p>
<p>Reserved ist eines der am schnellsten wachsenden Fashion-Unternehmen. Wir kombinieren die neuesten Modetrends mit zukunftsweisenden Technologien.</p>
<h2>Au",1777370452,https://www.arbeitnow.com/jobs/companies/lpp-deutschland-gmbh/abteilungsleiter-department-manager-dusseldorf-194782,Arbeitnow
abteilungsleiter-department-manager-oberhausen-43857,Abteilungsleiter / Department Manager (M/W/D),LPP Deutschland GmbH,Oberhausen,,CDI,Non précisé,Non précisé,"Management, Team Leader","Management, Team Leader","<p>​​​​​​​Für unseren Reserved Store in Oberhausen (Westfield Centro) suchen wir ab sofort einen Department Manager / Abteilungsleiter (m/w/d) in Vollzeit.</p>
<p>Du bist eine leidenschaftliche Führungskraft, die etwas bewegen möchte. Du betreust ein motiviertes Team und managst die Herausforderungen deiner Abteilung eines großen Fashion-Stores.</p>
<p>Reserved ist eines der am schnellsten wachsenden Fashion-Unternehmen. Wir kombinieren die neuesten Modetrends mit zukunftsweisenden Technologien.",1777370452,https://www.arbeitnow.com/jobs/companies/lpp-deutschland-gmbh/abteilungsleiter-department-manager-oberhausen-43857,Arbeitnow
senior-it-project-manager-bochum-49071,Senior It-Project Manager (M/W/D),think about IT GmbH,Bochum,,CDI,Non précisé,Non précisé,IT,IT,"<p>Die thinkGROUP ist eine erfolgreiche Systemhausgruppe, die ständig nach Innovation strebt und großen Wert auf die kontinuierliche Optimierung unserer internen Prozesse legt. Die Nutzung modernster Technologien ist kein Selbstzweck, sondern die Ausprägung unseres Innovationsgeistes und gelebter Kundenorientierung. Hervorragender IT-Service bedarf optimaler Systeme. Unser motiviertes Team gibt täglich sein Bestes, um unsere Kunden immer wieder neu zu begeistern.</p>
<p>Wir suchen Dich zum nächs",1777368638,https://www.arbeitnow.com/jobs/companies/think-about-it-gmbh/senior-it-project-manager-bochum-49071,Arbeitnow
mitarbeiter-auftragsdisposition-steuerung-bochum-139691,Mitarbeiter Auftragsdisposition & - Steuerung (M/W/D),think about IT GmbH,Bochum,,CDI,Non précisé,Non précisé,IT,IT,"<p>Die thinkGROUP ist eine erfolgreiche Systemhausgruppe, die ständig nach Innovation strebt und großen Wert auf die kontinuierliche Optimierung unserer internen Prozesse legt. Die Nutzung modernster Technologien ist kein Selbstzweck, sondern die Ausprägung unseres Innovationsgeistes und gelebter Kundenorientierung. Hervorragender IT-Service bedarf optimaler Systeme. Unser motiviertes Team gibt täglich sein Bestes, um unsere Kunden immer wieder neu zu begeistern.</p>
<p>Wir suchen Dich zum nächs",1777368638,https://www.arbeitnow.com/jobs/companies/think-about-it-gmbh/mitarbeiter-auftragsdisposition-steuerung-bochum-139691,Arbeitnow
werkstudentin-digital-marketing-performance-advertising-cologne-82530,Werkstudent:In (M/W/D) Digital Marketing & Performance Advertising,luna-park GmbH - Digital Marketing Agentur,Cologne,,CDI,Non précisé,Non précisé,Online Marketing,Online Marketing,"<p>Wir sind lunapark – eine Digital Marketing Agentur mit Fokus auf SEO, SEA, Social Ads, Programmatic, Analytics und datengetriebene Marketingstrategien. Seit über 25 Jahren unterstützen wir Unternehmen dabei, Sichtbarkeit, Leads und Wachstum über starke Online-Kampagnen zu erzielen.</p>
<h2>Aufgaben</h2>
<p>Für unser Ads-Team suchen wir einen <strong><em>Werkstudenten:</em>****in</strong> (m/w/d), der/die Lust hat, tief in die Welt der datengetriebenen Online-Werbung einzutauchen und praktisch",1777368638,https://www.arbeitnow.com/jobs/companies/luna-park-gmbh-digital-marketing-agentur/werkstudentin-digital-marketing-performance-advertising-cologne-82530,Arbeitnow
werkstudent-customer-success-berlin-465248,Werkstudent (M/W/D) Customer Success,BST Media GmbH,Berlin,,CDI,Non précisé,Non précisé,Product Management,Product Management,"<p>Du hast Lust, die Digitalisierung der Bau- und Logistikbranche im DACH-Raum aktiv mitzugestalten? Du bist ein Organisationstalent mit einem Auge für Design? Dann unterstütze uns im Bereich Customer Success, dabei, unsere Kunden glücklich zu machen und unsere Prozesse aufs nächste Level zu heben!</p>
<p>Wir stellen uns eine Welt vor, in der alle gewerblichen Mitarbeitenden nahtlos digital integriert sind – unabhängig von ihren technischen Vorkenntnissen. Daher unterstützen wir Unternehmen in d",1777368638,https://www.arbeitnow.com/jobs/companies/bst-media-gmbh/werkstudent-customer-success-berlin-465248,Arbeitnow
team-lead-finanzbuchhaltung-bochum-492370,Team Lead Finanzbuchhaltung (M/W/D),think about IT GmbH,Bochum,,CDI,Non précisé,Non précisé,Finance,Finance,"<p>Die thinkGROUP ist eine erfolgreiche Systemhausgruppe, die ständig nach Innovation strebt und großen Wert auf die kontinuierliche Optimierung unserer internen Prozesse legt. Die Nutzung modernster Technologien ist kein Selbstzweck, sondern die Ausprägung unseres Innovationsgeistes und gelebter Kundenorientierung. Hervorragender IT-Service bedarf optimaler Systeme. Unser motiviertes Team gibt täglich sein Bestes, um unsere Kunden immer wieder neu zu begeistern.</p>
<p>Wir suchen Dich zum nächs",1777368638,https://www.arbeitnow.com/jobs/companies/think-about-it-gmbh/team-lead-finanzbuchhaltung-bochum-492370,Arbeitnow
mitarbeiter-technical-services-bochum-433382,Mitarbeiter Technical Services (M/W/D),think about IT GmbH,Bochum,,CDI,Non précisé,Non précisé,IT,IT,"<p>Wir suchen Dich zum nächstmöglichen Zeitpunkt als Teammitglied unseres Fachbereichs Technical Services in <strong>Bochum.</strong> Werde Teil der thinkGROUP und unterstütze uns als <strong>Mitarbeiter Technical Services (m/w/d).</strong></p>
<h2>Aufgaben</h2>
<ul>
<li>Instandsetzung von IT-Komponenten</li>
<li>Umbau und Erweiterung von Arbeitsplatz-Hardware</li>
<li>Installation und Konfiguration von Hardware im Client- und Serverbereich</li>
<li>selbstständige Softwareinstallation</li>
<li>L",1777368637,https://www.arbeitnow.com/jobs/companies/think-about-it-gmbh/mitarbeiter-technical-services-bochum-433382,Arbeitnow
supportexpertin-finanzbuchhaltungssoftware-frankfurt-am-main-136126,Supportexpert:In Finanzbuchhaltungssoftware,Seiwert GmbH,Frankfurt am Main,,CDI,Non précisé,Non précisé,Helpdesk,Helpdesk,"<p>Für unser wachsendes Team suchen wir einen engagierten Fibu &#x26; ERP Support Specialist (m/w/d), der über fundierte technische Kenntnisse verfügt und unser Unternehmen dabei unterstützt, unseren Kunden einen erstklassigen Support zu bieten. Wir laden auch Quereinsteiger, wie z.B. IT-Manager aus KMU oder der Industrie, ein, sich zu bewerben! Wenn Sie Erfahrung im Umgang mit ERP-Systemen haben oder sich in einem technischen Umfeld gut zurechtfinden, freuen wir uns auf Ihre Bewerbung!</p>
<p>D",1777368637,https://www.arbeitnow.com/jobs/companies/seiwert-gmbh/supportexpertin-finanzbuchhaltungssoftware-frankfurt-am-main-136126,Arbeitnow
marketing-lead-focus-ai-berlin-384060,Marketing Lead - Focus Ai (M/F/D),aleno Deutschland GmbH,Berlin,,CDI,Non précisé,Non précisé,Marketing and Communication,Marketing and Communication,"<p><strong>Rahmenbedingungen</strong></p>
<p><strong>Arbeitsort:</strong> Berlin<br>
<strong>Start:</strong> Ab sofort<br>
<strong>Vollzeit</strong>, flexible Arbeitszeiten**</p>
<p>Das erwartet dich:**</p>
<p>aleno wächst – und das Marketing soll diese Wachstumskurve nicht begleiten, sondern antreiben. Dafür suchen wir jemanden, der es vollständig übernimmt: Verantwortung, Strategie und Umsetzung. Nicht verwalten, sondern gestalten, aufbauen und liefern.<br>
Du entwickelst die Marketingstrategi",1777368637,https://www.arbeitnow.com/jobs/companies/aleno-deutschland-gmbh/marketing-lead-focus-ai-berlin-384060,Arbeitnow
teamleiter-call-center-koln-208323,Teamleiter (M/W/D) Call Center,Avedo - Eine Marke der Ströer X GmbH,Köln,,CDI,Non précisé,Non précisé,"Customer service, call center, high school or equivalent","Customer service, call center, high school or equivalent","<p>Du hast Vorerfahrung in der Branche sowie in der Führung von einem Team? Dann bist du hier genau richtig! Für unseren Standort<strong> Avedo Köln </strong>suchen wir dich als<strong> Teamleiter (m/w/d)</strong> in Vollzeit. </p><p><strong><span style=""color: #ff5a10""><br />Deine Benefits</span></strong></p><ul><li><p>sicherer Arbeitsplatz und Festanstellung in Vollzeit</p></li><li><p>professionelle Einarbeitung und Coachings für deine persönliche Weiterentwicklung</p></li><li><p>bei Avedo has",1777368014,https://www.arbeitnow.com/jobs/companies/avedo-eine-marke-der-stroer-x-gmbh/teamleiter-call-center-koln-208323,Arbeitnow
senior-mechanical-engineer-cryogenics-vacuum-hamburg-85762,Senior Mechanical Engineer – Cryogenics & Vacuum,eleQtron GmbH,Hamburg,,CDI,Non précisé,Non précisé,"Engineering, bachelor's degree","Engineering, bachelor's degree","<p style="";""><strong><span style=""color: #121317"">eleQtron</span></strong><span style=""color: #121317""> develops and operates full-stack quantum computers based on trapped-ion technology. Quantum computing is a new computing paradigm rapidly approaching commercial viability. Our unique approach combines laser-cooled trapped ions with microwave control and tailored magnetic fields. Our next-generation computing machines under development will be able to find solutions to problems that are out of ",1777368014,https://www.arbeitnow.com/jobs/companies/eleqtron-gmbh/senior-mechanical-engineer-cryogenics-vacuum-hamburg-85762,Arbeitnow
werkstudent-retail-media-onsite-campaign-management-berlin-470949,Werkstudent (M/W/D) Retail Media Onsite – Campaign Management,idealo internet GmbH,Berlin,,CDI,Non précisé,Non précisé,"Advertising, college coursework completed","Advertising, college coursework completed","<p><span style=""color: #000000"">Als Werkstudent:in unterstützt du unser Retail Media Onsite Team bei der Umsetzung von Werbekampagnen auf idealo. Du bekommst einen praxisnahen Einstieg in die Welt von Ad Tech, Kampagnensteuerung und datengetriebenem Marketing – und übernimmst dabei Schritt für Schritt eigene Verantwortung. </span></p><p style="";""></p><h3>Deine Aufgaben </h3><p style="";""></p><ul><li><p>Unterstützung bei der Umsetzung von Onsite-Werbekampagnen über unseren Ad Server (manuell und a",1777368014,https://www.arbeitnow.com/jobs/companies/idealo-internet-gmbh/werkstudent-retail-media-onsite-campaign-management-berlin-470949,Arbeitnow
microsoft-azure-intune-specialist-bochum-126653,Microsoft Azure / Intune Specialist (M/W/D),think about IT GmbH,Bochum,,CDI,Non précisé,Non précisé,IT,IT,"<p>Wir suchen Dich zum nächstmöglichen Zeitpunkt als Teammitglied für unseren Standort <strong>Bochum.</strong> Werde Teil der thinkGROUP und unterstütze uns als <strong>Microsoft Azure / Intune Specialist (m/w/d).</strong></p>
<h2>Aufgaben</h2>
<ul>
<li>Planung, Umsetzung und Betrieb von Microsoft Azure- und Microsoft Intune-Lösungen für unsere Kunden</li>
<li>Beratung zu und Implementierung von M365-Services, Azure AD, Conditional Access, Autopilot, Endpoint Manager, u.v.m.</li>
<li>Administra",1777366847,https://www.arbeitnow.com/jobs/companies/think-about-it-gmbh/microsoft-azure-intune-specialist-bochum-126653,Arbeitnow
security-engineer-bochum-235482,Security Engineer (M/W/D),think about IT GmbH,Bochum,,CDI,Non précisé,Non précisé,IT,IT,"<p>Wir suchen Dich zum nächstmöglichen Zeitpunkt als Teammitglied für unseren Standort <strong>Bochum.</strong> Werde Teil der thinkGROUP und unterstütze uns als <strong>Security Engineer (m/w/d).</strong></p>
<h2>Aufgaben</h2>
<ul>
<li>Planung, Umsetzung und Weiterentwicklung von Sicherheitskonzepten für unsere Kundeninfrastruktur</li>
<li>Durchführung von Risikoanalysen, Schwachstellen-Scans und Penetrationstest</li>
<li>Aufbau, Konfiguration und Betrieb von Sicherheitslösungen</li>
<li>Incide",1777366847,https://www.arbeitnow.com/jobs/companies/think-about-it-gmbh/security-engineer-bochum-235482,Arbeitnow
it-system-engineer-bochum-117953,It-System Engineer (M/W/D),think about IT GmbH,Bochum,,CDI,Non précisé,Non précisé,IT,IT,"<p>Die thinkGROUP ist eine erfolgreiche Systemhausgruppe, die ständig nach Innovation strebt und großen Wert auf die kontinuierliche Optimierung unserer internen Prozesse legt. Die Nutzung modernster Technologien ist kein Selbstzweck, sondern die Ausprägung unseres Innovationsgeistes und gelebter Kundenorientierung. Hervorragender IT-Service bedarf optimaler Systeme. Unser motiviertes Team gibt täglich sein Bestes, um unsere Kunden immer wieder neu zu begeistern.</p>
<p>Wir suchen Dich zum nächs",1777366846,https://www.arbeitnow.com/jobs/companies/think-about-it-gmbh/it-system-engineer-bochum-117953,Arbeitnow
full-stack-java-kotlin-entwicklerin-im-kolner-startup-cologne-274509,Full Stack Java/Kotlin-Entwickler:In (M/W/D) - Im Kölner Startup,GreenPocket GmbH,Cologne,,CDI,Non précisé,Non précisé,Software Development,Software Development,"<p>Du willst mehr sein als ein Byte im Datenmeer? Du möchtest gerne mit Leidenschaft Verantwortung in agilen Teams übernehmen und aktiv mit uns dazu beitragen, die Klimawende voranzutreiben? Dann sollten wir uns unbedingt kennenlernen!</p>
<p><strong>Das sind wir</strong></p>
<p>Als agiles, grünes Startup und Spezialist für Energiemanagement- und Visualisierungssoftware beteiligen wir uns aktiv an der Gestaltung einer nachhaltigen, klimaneutralen Zukunft. So ist es unsere Mission, mit intuitiver",1777366846,https://www.arbeitnow.com/jobs/companies/greenpocket-gmbh/full-stack-java-kotlin-entwicklerin-im-kolner-startup-cologne-274509,Arbeitnow
praktikantin-finance-controlling-im-kolner-startup-cologne-334090,Praktikant:In (M/W/D) Finance & Controlling Im Kölner Startup,GreenPocket GmbH,Cologne,,CDI,Non précisé,Non précisé,Controlling,Controlling,"<p>Du brennst für Zahlen? Controlling und Finanzen sind für Dich mehr als bloße Begriffe – sie sind Deine Leidenschaft? Du suchst eine herausfordernde Position, bei der Du Dein finanztechnisches Geschick unter Beweis stellen und kontinuierlich weiterentwickeln kannst? Dann bist Du bei uns genau richtig!</p>
<p><strong>Das sind wir</strong></p>
<p>Als agiles, grünes Startup und Spezialist für Energiemanagement- und Visualisierungssoftware beteiligen wir uns aktiv an der Gestaltung einer nachhalti",1777366846,https://www.arbeitnow.com/jobs/companies/greenpocket-gmbh/praktikantin-finance-controlling-im-kolner-startup-cologne-334090,Arbeitnow
api-und-schnittstellenentwicklerin-im-kolner-startup-cologne-358908,Api- Und Schnittstellenentwickler:In (M/W/D) Im Kölner Startup,GreenPocket GmbH,Cologne,,CDI,Non précisé,Non précisé,IT,IT,"<p>Als agiles, grünes Startup und Spezialist für Energiemanagement- und Visualisierungssoftware beteiligen wir uns aktiv an der Gestaltung einer nachhaltigen, klimaneutralen Zukunft. So ist es unsere Mission, mit intuitiver, KI-getriebener Software das Management des Energieverbrauchs so einfach zu machen, dass es für wirklich jeden – egal ob Unternehmen oder Privathaushalt – zu einer Selbstverständlichkeit wird und Energieversorger und Unternehmenskunden wirksam sowohl Energieverbrauch als auch",1777366846,https://www.arbeitnow.com/jobs/companies/greenpocket-gmbh/api-und-schnittstellenentwicklerin-im-kolner-startup-cologne-358908,Arbeitnow
praktikantin-produktmanagement-im-kolner-startup-cologne-47243,Praktikant:In (M/W/D) Produktmanagement Im Kölner Startup,GreenPocket GmbH,Cologne,,CDI,Non précisé,Non précisé,Product Management,Product Management,"<p>Bist Du ein Techi mit einer Vorliebe für die Energiewirtschaft? Reizt es Dich, den Markt und die Konkurrenz zu analysieren und zu verstehen? Sei Teil unseres Teams und bringe Schwung in die Optimierung und Weiterentwicklung unserer Produkte!</p>
<p><strong>Das sind wir</strong></p>
<p>Als agiles, grünes Startup und Spezialist für Energiemanagement- und Visualisierungssoftware beteiligen wir uns aktiv an der Gestaltung einer nachhaltigen, klimaneutralen Zukunft. So ist es unsere Mission, mit i",1777366846,https://www.arbeitnow.com/jobs/companies/greenpocket-gmbh/praktikantin-produktmanagement-im-kolner-startup-cologne-47243,Arbeitnow
praktikantin-projektmanagement-im-smart-energy-startup-cologne-166859,Praktikant:In (M/W/D) Projektmanagement Im Smart Energy Startup,GreenPocket GmbH,Cologne,,CDI,Non précisé,Non précisé,Project Management,Project Management,"<p>Du möchtest ins Projektmanagement eintauchen und dabei selbstständig und eigenverantwortlich Themen bearbeiten? Du hast Lust, Dich mit Projektcontrolling, Analysen und Ressourcenplanung zu beschäftigen? Dann starte jetzt bei GreenPocket durch!</p>
<p><strong>Das sind wir</strong></p>
<p>Als agiles, grünes Startup und Spezialist für Energiemanagement- und Visualisierungssoftware beteiligen wir uns aktiv an der Gestaltung einer nachhaltigen, klimaneutralen Zukunft. So ist es unsere Mission, mit",1777366845,https://www.arbeitnow.com/jobs/companies/greenpocket-gmbh/praktikantin-projektmanagement-im-smart-energy-startup-cologne-166859,Arbeitnow
praktikantin-marketing-eventmanagement-im-smart-energy-startup-cologne-170225,Praktikant:In (M/W/D) Marketing & Eventmanagement Im Smart Energy Startup,GreenPocket GmbH,Cologne,,CDI,Non précisé,Non précisé,Marketing and Communication,Marketing and Communication,"<p>Marketingkampagnen planen, Social Media koordinieren und Events vorbereiten – das klingt wie Musik in Deinen Ohren? SEO, SEA und Content Creation sind für Dich keine Fremdwörter? Dann starte jetzt bei GreenPocket durch!</p>
<p><strong>Das sind wir</strong></p>
<p>Als agiles, grünes Startup und Spezialist für Energiemanagement- und Visualisierungssoftware beteiligen wir uns aktiv an der Gestaltung einer nachhaltigen, klimaneutralen Zukunft. So ist es unsere Mission, mit intuitiver, KI-getriebe",1777366845,https://www.arbeitnow.com/jobs/companies/greenpocket-gmbh/praktikantin-marketing-eventmanagement-im-smart-energy-startup-cologne-170225,Arbeitnow
praktikantin-inhouse-consulting-business-development-im-smart-energy-startup-cologne-337201,Praktikant:In (M/W/D) - Inhouse Consulting & Business Development Im Smart Energy Startup,GreenPocket GmbH,Cologne,,CDI,Non précisé,Non précisé,Business Development,Business Development,"<p>Du hast ein Gespür für aktuelle Trends und interessierst Dich für Energiemanagement? Du setzt Dich gerne mit strategisch wichtigen Themen im Bereich KI-Einsatz im Energiemanagement oder IoT auseinander? Dann bewirb Dich bei uns und unterstütze uns bei der strategischen Weiterentwicklung unseres Unternehmens!</p>
<p><strong>Das sind wir</strong></p>
<p>Als agiles, grünes Startup und Spezialist für Energiemanagement- und Visualisierungssoftware beteiligen wir uns aktiv an der Gestaltung einer n",1777366845,https://www.arbeitnow.com/jobs/companies/greenpocket-gmbh/praktikantin-inhouse-consulting-business-development-im-smart-energy-startup-cologne-337201,Arbeitnow
praktikant-prozessoptimierung-ki-automatisierung-essen-363234,Praktikant (M/W/D) Prozessoptimierung & Ki-Automatisierung,evolve+adapt GmbH,Essen,,CDI,Non précisé,Non précisé,IT,IT,"<p><strong>Schwerpunkt: Smart Workflows &#x26; Data Reporting</strong></p>
<p>📍 <strong>Essen (Rüttenscheid) | ⏰ Vollzeit oder Teilzeit | 🚀 E-Commerce Agentur</strong></p>
<p>Wir skalieren Marken auf Amazon. Das bedeutet: Viele Daten, viele Berichte, viele Prozesse. Wir wollen nicht ""härter"" arbeiten, sondern smarter. Deshalb suchen wir dich: Einen Kopf, der Spaß daran hat, interne Abläufe zu durchleuchten, KI-Tools sinnvoll einzubinden und Datenströme (z. B. zwischen Schnittstellen) zu automati",1777366845,https://www.arbeitnow.com/jobs/companies/evolveadapt-gmbh/praktikant-prozessoptimierung-ki-automatisierung-essen-363234,Arbeitnow
react-developerin-im-kolner-startup-cologne-82706,React Developer:In (M/W/D) Im Kölner Startup,GreenPocket GmbH,Cologne,,CDI,Non précisé,Non précisé,Software Development,Software Development,"<p>Du willst mehr sein als ein Byte im Datenmeer? Du möchtest gerne mit Leidenschaft Verantwortung in agilen Teams übernehmen und aktiv mit uns dazu beitragen, die Klimawende voranzutreiben? Dann sollten wir uns unbedingt kennenlernen!</p>
<p><strong>Über uns</strong></p>
<p>Als agiles, grünes Startup und Spezialist für Energiemanagement- und Visualisierungssoftware beteiligen wir uns aktiv an der Gestaltung einer nachhaltigen, klimaneutralen Zukunft. So ist es unsere Mission, mit intuitiver, KI",1777382944,https://www.arbeitnow.com/jobs/companies/greenpocket-gmbh/react-developerin-im-kolner-startup-cologne-82706,Arbeitnow
praktikant-intern-fur-ki-automatisierung-munich-331159,Praktikant / Intern (M/W/D) Für Ki & Automatisierung,feld.energy GmbH,Munich,,CDI,Non précisé,Non précisé,Project Management,Project Management,"<h2>Deine Mission</h2>
<p>Als Praktikant (m/w/d) für KI &#x26; Automatisierung arbeitest du eng mit unserem Verantwortlichen für unsere Tool- und Systemlandschaft zusammen und unterstützt Teams dabei, operative Herausforderungen mit KI, Automatisierung und Software zu lösen.<br>
Du baust nicht nur Konzepte – du setzt sie um. Schnell, pragmatisch und mit echtem Impact.<br>
Perfekt für ambitionierte Persönlichkeiten, die nicht nur über KI sprechen, sondern mit ihr bauen wollen.</p>
<h2>Über uns</h",1777366844,https://www.arbeitnow.com/jobs/companies/feldenergy-gmbh/praktikant-intern-fur-ki-automatisierung-munich-331159,Arbeitnow
hr-payroll-specialist-mitarbeiter-entgeltabrechnung-straubing-99900,Hr Payroll Specialist / Mitarbeiter Entgeltabrechnung. (M/W/D),ODAV AG,Straubing,,CDI,Non précisé,Non précisé,HR,HR,"<p>Wir suchen zum nächstmöglichen Zeitpunkt einen HR Payroll Specialist / Mitarbeiter Entgeltabrechnung. (m/w/d)</p>
<p>Als innovativer Technologiepartner des Handwerks unterstützt die ODAV AG seit über 50 Jahren Handwerksbetriebe und deren Organisationen mit hochwertigen Software-Lösungen und IT-Dienstleistungen.</p>
<h2>Aufgaben</h2>
<ul>
<li>Eigenverantwortliche Abwicklung von monatlichen Entgeltabrechnungen, Melde-Bescheinigungswesen, Pflege von Personalstammdaten, etc.</li>
<li>Persönliche ",1777487344,https://www.arbeitnow.com/jobs/companies/odav-ag/hr-payroll-specialist-mitarbeiter-entgeltabrechnung-straubing-99900,Arbeitnow
data-integration-api-engineer-bi-data-automation-hamburg-66228,Data Integration & Api Engineer M/W/D - Bi & Data Automation,loyos bi GmbH,Hamburg,,Remote,Non précisé,Non précisé,"Remote, Software Development","Remote, Software Development","<p>loyos bi ist ein wachsendes SaaS-Unternehmen aus Hamburg. Unsere Financial Management Suite und HR Reporting Suite auf Basis von Microsoft Power BI ermöglichen es Unternehmen, Finanz- und HR-Daten klar, verständlich und visuell modern auszuwerten. Mit viel Gestaltungsfreiheit, wenig Hierarchien und echter Begeisterung für Technologie bauen wir ein Unternehmen, das datengetriebene Entscheidungen ermöglicht – pragmatisch, effizient und zukunftsgerichtet.</p>
<p>Wir arbeiten remote-first und bie",1777487344,https://www.arbeitnow.com/jobs/companies/loyos-bi-gmbh/data-integration-api-engineer-bi-data-automation-hamburg-66228,Arbeitnow
technischer-produktdesignerin-wedel-11870,Technische*R Produktdesigner*In,TWK,Wedel,,CDI,Non précisé,Non précisé,Engineering,Engineering,"<p>Du weißt, was es bedeutet, wenn aus einem leeren Bildschirm ein reales Produkt wird – ein Bauteil, das sitzt, eine Baugruppe, die funktioniert, eine Zeichnung, die in der Fertigung nicht nachgefragt werden muss. Genau das ist dein Ding. Du denkst in 3D, bevor der erste Fräser anläuft, und du verstehst, dass gute Konstruktion weit mehr ist als schöne Modelle – sie ist die Grundlage für alles, was danach kommt. In Wedel bei Hamburg suchen wir jemanden, der diesen Anspruch lebt und unsere Produk",1777487344,https://www.arbeitnow.com/jobs/companies/twk/technischer-produktdesignerin-wedel-11870,Arbeitnow
ausbildung-zum-fachinformatiker-fur-systemintegration-leipzig-459499,Ausbildung Zum Fachinformatiker Für Systemintegration (M/W/D) - Leipzig,Medialine EuroTrade AG,Leipzig,,CDI,Non précisé,Non précisé,IT,IT,"<p>Die Medialine AG steht als Full-Service IT-Systemhaus für maßgeschneiderte Lösungen für den gehobenen Mittelstand. Seit fast zwanzig Jahren verlassen sich unsere Kunden auf unsere Expertise und unser Know-how in den Bereichen IT Infrastructure, Managed &#x26; Cloud Services sowie Business Solutions.</p>
<h2>Aufgaben</h2>
<p>Im Rahmen Deiner Ausbildung <strong>(ab August 2026)</strong> arbeitest Du in einem engagierten Team und lernst die verschiedenen Funktionsbereiche eines Systemhauses kenn",1777487344,https://www.arbeitnow.com/jobs/companies/medialine-eurotrade-ag/ausbildung-zum-fachinformatiker-fur-systemintegration-leipzig-459499,Arbeitnow
senior-performance-marketing-manager-remote-in-de-all-genders-cologne-92673,Senior Performance Marketing Manager (Remote In De) - All Genders,ADBAKER,Cologne,,Remote,Non précisé,Non précisé,"Remote, Marketing and Communication","Remote, Marketing and Communication","<h2>join the team</h2>
<p>High Budgets. Hoher Impact. Klare Verantwortung.</p>
<p>Als Senior Performance Marketing Manager bei ADBAKER steuerst du 6- bis 7-stellige Paid Social Budgets für unterschiedliche Brands und entwickelst Strategien, die profitables Wachstum liefern.</p>
<p>Meta und TikTok sind dein Spielfeld – Daten deine Entscheidungsgrundlage. Du testest, skalierst und optimierst entlang des gesamten Funnels und bringst sowohl Kunden als auch unser Team auf ein neues Performance-Level.",1777487344,https://www.arbeitnow.com/jobs/companies/adbaker/senior-performance-marketing-manager-remote-in-de-all-genders-cologne-92673,Arbeitnow
software-entwicklungsingenieur-fur-hochfrequenz-testsysteme-netzwerkanalyse-memmingen-163152,Software-Entwicklungsingenieur (M/W/X) Für Hochfrequenz-Testsysteme (Netzwerkanalyse),K-tronik GmbH,Memmingen,,CDI,Non précisé,Non précisé,Software Development,Software Development,"<h2>Projektbeschreibung:</h2>
<p>Technologie begeistert Sie? Uns auch! Zur Verstärkung unseres Expertenteams bei unserem Kunden aus der Messtechnik suchen wir einen Software-Entwicklungsingenieur (m/w/x) für Hochfrequenz-Testsysteme (Netzwerkanalyse) in Festanstellung bei K-tronik. Wir freuen uns darauf, Sie persönlich kennenzulernen – und gemeinsam mit Leidenschaft und Teamgeist an spannenden Projekten und zukunftsweisenden Technologien zu arbeiten.</p>
<h2>Aufgaben:</h2>
<ul>
<li>Mit Ihrer Pas",1777487344,https://www.arbeitnow.com/jobs/companies/k-tronik-gmbh/software-entwicklungsingenieur-fur-hochfrequenz-testsysteme-netzwerkanalyse-memmingen-163152,Arbeitnow
senior-backend-engineer-python-azure-schnittstellen-lagerautomation-massing-139183,Senior Backend Engineer (Python / Azure) - Schnittstellen & Lagerautomation,Altruan GmbH,Massing,,CDI,Non précisé,Non précisé,Software Development,Software Development,"<p>Über uns</p>
<p>Altruan ist ein wachsendes Handels- und Logistik-Unternehmen mit Sitz in Massing (Rottal-Inn). Wir betreiben einen vollautomatisierten AutoStore-Lager­betrieb, verkaufen über mehr als zehn Marktplätze und eigene Shops, und unsere SaaS-Landschaft (Weclapp, Shopify, Marketplaces, Pulpo WMS, Pulse WCS, MongoDB, Azure) wird durch ein internes Backend-Team verbunden und weiterentwickelt.</p>
<p>Wir suchen einen erfahrenen Senior, der diese kritische Integrations- und Automatisierun",1777487344,https://www.arbeitnow.com/jobs/companies/altruan-gmbh/senior-backend-engineer-python-azure-schnittstellen-lagerautomation-massing-139183,Arbeitnow
ai-backend-engineer-heidelberg-233373,Ai Backend Engineer (F/M/D),paretos GmbH,Heidelberg,,CDI,Non précisé,Non précisé,Software Development,Software Development,"<p><strong>paretos</strong> is the leading AI-based Decision Intelligence platform for effective, data-driven decisions across entire enterprises. Our Business Agents make it possible to evaluate complex data volumes, predict scenarios, and derive optimal actions — from demand forecasting and replenishment to strategic C-level decisions. All through a code-free interface, with no prior data science knowledge required.<br>
paretos is an inclusive company with equal opportunities for all. Our cult",1777478344,https://www.arbeitnow.com/jobs/companies/paretos-gmbh/ai-backend-engineer-heidelberg-233373,Arbeitnow
bi-platform-data-automation-engineer-powerbi-power-automate-microsoft-fabric-hamburg-108979,"Bi Platform & Data Automation Engineer(M/W/D) - Powerbi, Power Automate & Microsoft Fabric",loyos bi GmbH,Hamburg,,Remote,Non précisé,Non précisé,"Remote, IT","Remote, IT","<p>loyos bi ist ein wachsendes SaaS-Unternehmen aus Hamburg. Unsere Financial Management Suite und HR Reporting Suite auf Basis von Microsoft Power BI ermöglichen es Unternehmen, Finanz- und HR-Daten klar, verständlich und visuell modern auszuwerten. Mit viel Gestaltungsfreiheit, wenig Hierarchien und echter Begeisterung für Technologie bauen wir ein Unternehmen, das datengetriebene Entscheidungen ermöglicht – pragmatisch, effizient und zukunftsgerichtet.</p>
<p>Wir arbeiten remote-first und bie",1777478344,https://www.arbeitnow.com/jobs/companies/loyos-bi-gmbh/bi-platform-data-automation-engineer-powerbi-power-automate-microsoft-fabric-hamburg-108979,Arbeitnow
it-system-engineer-bochum-127928,It-System Engineer (M/W/D),think about IT GmbH,Bochum,,CDI,Non précisé,Non précisé,IT,IT,"<p>Die thinkGROUP ist eine erfolgreiche Systemhausgruppe, die ständig nach Innovation strebt und großen Wert auf die kontinuierliche Optimierung unserer internen Prozesse legt. Die Nutzung modernster Technologien ist kein Selbstzweck, sondern die Ausprägung unseres Innovationsgeistes und gelebter Kundenorientierung. Hervorragender IT-Service bedarf optimaler Systeme. Unser motiviertes Team gibt täglich sein Bestes, um unsere Kunden immer wieder neu zu begeistern.</p>
<p>Wir suchen Dich zum nächs",1777363254,https://www.arbeitnow.com/jobs/companies/think-about-it-gmbh/it-system-engineer-bochum-127928,Arbeitnow
grafikdesigner-grosswallstadt-34221,Grafikdesigner (M/W/X),Kernenergie GmbH,Großwallstadt,,CDI,Non précisé,Non précisé,Graphic Arts and Communication Design,Graphic Arts and Communication Design,"<p>Wer wir sind:</p>
<p>KERNenergie – saubere Energie aus nachwachsenden Rohstoffen! Kein Spruch der Atomlobby, sondern unser Auftrag für einen individuellen Mix aus Nüssen, Kernen und Früchten. KERNenergie ist Deutschlands exklusiver Anbieter für Nüsse aus den besten Anbaugebieten der Welt.</p>
<p>Wir suchen in Voll- oder Teilzeit mit mind. 30 Stunden/Woche einen</p>
<p><strong>Grafikdesigner (m/w/x) – Schwerpunkt eCommerce – Meta, Google &#x26; Amazon</strong></p>
<h2>Aufgaben</h2>
<ul>
<li>En",1777478344,https://www.arbeitnow.com/jobs/companies/kernenergie-gmbh/grafikdesigner-grosswallstadt-34221,Arbeitnow
hr-business-partner-hamburg-142391,Hr Business Partner (M/F/D),EVIDENT Europe GmbH,Hamburg,,CDI,Non précisé,Non précisé,"Directors, Chief Executives","Directors, Chief Executives","<p>Headquartered in Tokyo, Japan, Evident employs around 4,500 people at a total of 57 locations worldwide. Evident Europe, headquartered in Hamburg, Germany, employs approximately 770 people in 16 countries. The product portfolio includes a wide range of microscope systems used in clinical diagnostics, medical and basic research, as well as in various industrial areas. In addition, Evident offers videoscopes, products for non-destructive testing techniques and for X-ray fluorescence analysis.</",1777478344,https://www.arbeitnow.com/jobs/companies/evident-europe-gmbh/hr-business-partner-hamburg-142391,Arbeitnow
mitarbeiterin-marketing-ibbenburen-237610,Mitarbeiter*In Marketing,Hof Löbke GmbH & Co. KG,Ibbenbüren,,CDI,Non précisé,Non précisé,Marketing and Communication,Marketing and Communication,"<p><strong>DAS SIND WIR</strong><br>
Der Hof Löbke ist ein kreatives, innovatives <strong>Familienunternehmen</strong>. Seit den 80er Jahren sind wir im Obst-/Gemüseanbau tätig und haben den Hof in den vergangenen 40 Jahren – mit Hilfe unserer geschätzten Mitarbeiter*innen – zu dem gemacht, was er heute ist: ein überregional bekannter <strong>QS-zertifizierter Obstbaufachbetrieb</strong> mit Hof-Manufaktur, Hof-Laden, Hof-Restaurant &#x26; Café, Hof-Backstube, Hof-Spielpark,<br>
Alpaka-Zucht, un",1777478344,https://www.arbeitnow.com/jobs/companies/hof-lobke-gmbh-co-kg/mitarbeiterin-marketing-ibbenburen-237610,Arbeitnow
sap-berater-hamburg-427415,Sap Berater (M/W/D),JetztJob,Hamburg,,CDI,Non précisé,Non précisé,Business Consulting,Business Consulting,"<h2>Jobbeschreibung</h2>
<h1>SAP Berater (m/w/d)</h1>
<p>Für ein hanseatisches Unternehmen im Herzen der Hamburger Altstadt wird ein erfahrener SAP Berater (m/w/d) im Bereich Archivierung gesucht. Die Position bietet Ihnen ein modernes Arbeitsumfeld, ein kollegiales Team und vielfältige Entwicklungsmöglichkeiten in einem innovativen SAP-Nischenprodukt.</p>
<h2><strong>Ihre Vorteile</strong></h2>
<ul>
<li><strong>Unbefristeter Vertrag:</strong> Sicherheit in einem etablierten Unternehmen</li>
<li",1777478344,https://www.arbeitnow.com/jobs/companies/jetztjob/sap-berater-hamburg-427415,Arbeitnow
individualkundenberater-kopfstellenfiliale-neureut-mit-einem-arbeitszeitumfang-von-85-bis-100-karlsruhe-474017,Individualkundenberater (M/W/D) Kopfstellenfiliale Neureut Mit Einem Arbeitszeitumfang Von 85% Bis 100%,Sparkasse Karlsruhe,Karlsruhe,,CDI,Non précisé,Non précisé,Finance,Finance,"<p><strong>Mit einer Bilanzsumme von über 12 Mrd. €, ca. 1.300 Mitarbeitenden und einer über 213-jährigen Unternehmensgeschichte sind wir eines der größten und das älteste selbstständige Finanzdienstleistungsinstitut unserer Region. Gemessen an der Bilanzsumme ist die Sparkasse Karlsruhe die fünftgrößte Sparkasse in Baden-Württemberg und gehört zu den 25 größten Sparkassen in Deutschland. Wir überzeugen unsere Kunden vor Ort und digital mit individueller Beratung und bestem Service. Unser Erfolg",1777478344,https://www.arbeitnow.com/jobs/companies/sparkasse-karlsruhe/individualkundenberater-kopfstellenfiliale-neureut-mit-einem-arbeitszeitumfang-von-85-bis-100-karlsruhe-474017,Arbeitnow
sachbearbeiter-lohnbuchhaltung-moers-363361,Sachbearbeiter (W/M/D) Lohnbuchhaltung,"Wolfarth, Willems & Kollegen Steuerberatungs GmbH",Moers,,CDI,Non précisé,Non précisé,Administration,Administration,"<p>Wir sind eine Steuerberatungsgesellschaft mit Hauptsitz in Moers mit einem stetig wachsenden Mandantenstamm. Schwerpunktmäßig betreuen wir Mandanten aus dem Bereich Medizin- und Heilberufe, aber auch andere Branchen sind bei uns selbstverständlich vertreten. Sechs Steuerberater und über 50 Mitarbeiter sorgen für die qualifizierte und kompetente Betreuung unserer Mandanten.</p>
<h2>Aufgaben</h2>
<ul>
<li>Erstellung und Abwicklung der monatlichen Lohn- und Gehaltsabrechnungen für unsere Mandant",1777478344,https://www.arbeitnow.com/jobs/companies/wolfarth-willems-kollegen-steuerberatungs-gmbh/sachbearbeiter-lohnbuchhaltung-moers-363361,Arbeitnow
junior-projektmanager-pos-erfahrung-handels-experience-von-vorteil-cologne-308333,Junior Projektmanager (M/W/D) / Pos-Erfahrung & Handels-Experience Von Vorteil,REVO GmbH,Cologne,,CDI,Non précisé,Non précisé,Marketing and Communication,Marketing and Communication,"<p>Namhafte Kunden. Lebendige Marken. Projekte, die man wirklich sieht – im Laden, am Regal, direkt beim Menschen. Du bringst erste echte Erfahrung mit, denkst strukturiert und willst mehr als nur mitlaufen. Dann bist du bei uns richtig.</p>
<p>Was du bei uns vorfindest:</p>
<ul>
<li>Spannende Projekte für namhafte Kunden mit echter Sichtbarkeit am POS.</li>
<li>Eigenverantwortliches Arbeiten und die Chance, eigene Ideen einzubringen und umzusetzen.</li>
<li>KI-optimierte Prozesse, die dir Routi",1777460345,https://www.arbeitnow.com/jobs/companies/revo-gmbh/junior-projektmanager-pos-erfahrung-handels-experience-von-vorteil-cologne-308333,Arbeitnow
training-operations-intern-werkstudentin-berlin-61014,Training Operations Intern / Werkstudent:In,Bots and People Product GmbH,Berlin,,Remote,Non précisé,Non précisé,"Remote, Business Operations","Remote, Business Operations","<p>Hi there, if you genuinely love project planning and management, live and breathe Excel, and want to use AI to automate the work you do every day, keep on reading :)</p>
<p>You will help diligently run the operational backbone of how Bots &#x26; People delivers trainings. That means planning sessions with our trainer network, keeping projects on track, sending out purchase orders, and checking invoices. The part most people would find dry is the part you will actually enjoy, because you like ",1777460345,https://www.arbeitnow.com/jobs/companies/bots-and-people-product-gmbh/training-operations-intern-werkstudentin-berlin-61014,Arbeitnow
scientist-verschlusssysteme-qualitatssicherung-pharma-in-ludwigshafen-am-rhein-1688-141393,Scientist (M/W/D) Verschlusssysteme / Qualitätssicherung Pharma In Ludwigshafen Am Rhein (1688),BRÜGGEN ENGINEERING GmbH,Ludwigshafen,,CDI,Non précisé,Non précisé,Engineering,Engineering,"<p><strong>Ihre Karriere in der Qualitätssicherung pharmazeutischer Systeme.</strong></p>
<p>Mit BRÜGGEN ENGINEERING arbeiten Sie an der Entwicklung und Bewertung von Verschlusssystemen für parenterale Arzneimittel. Sie begleiten innovative Produkte im pharmazeutischen Umfeld und tragen zur Sicherstellung der Qualität und Integrität moderner Verpackungssysteme bei.</p>
<h2>Aufgaben</h2>
<ul>
<li><strong>Entwicklungstests:</strong> Sie planen und führen Tests zur Entwicklung von Verschlusssysteme",1777460345,https://www.arbeitnow.com/jobs/companies/bruggen-engineering-gmbh/scientist-verschlusssysteme-qualitatssicherung-pharma-in-ludwigshafen-am-rhein-1688-141393,Arbeitnow
associate-scientist-proteinanalytik-antikorper-pharma-in-ludwigshafen-am-rhein-1689-238007,Associate Scientist (M/W/D) Proteinanalytik / Antikörper Pharma In Ludwigshafen Am Rhein (1689),BRÜGGEN ENGINEERING GmbH,Ludwigshafen,,CDI,Non précisé,Non précisé,Engineering,Engineering,"<p><strong>Ihre Karriere in der pharmazeutischen Analytik.</strong></p>
<p>Mit BRÜGGEN ENGINEERING arbeiten Sie in der quantitativen Analytik von Proteinen und Antikörper-Bestimmung im regulierten Umfeld. Sie unterstützen dabei klinische und toxikokinetische Studien und tragen zur Qualitätssicherung moderner biopharmazeutischer Produkte bei.</p>
<h2>Aufgaben</h2>
<ul>
<li><strong>Analytik:</strong> Sie planen und führen bioanalytische Analysen im Bereich Proteinanalytik und Antikörper-Bestimmung",1777451346,https://www.arbeitnow.com/jobs/companies/bruggen-engineering-gmbh/associate-scientist-proteinanalytik-antikorper-pharma-in-ludwigshafen-am-rhein-1689-238007,Arbeitnow
konstrukteur-georgensgmund-363794,Konstrukteur (M/W/D),JVK Filtration Systems GmbH,Georgensgmünd,,CDI,Non précisé,Non précisé,Engineering,Engineering,"<p>Werde Teil vom JVK-Team!</p>
<p>JVK Filtration Systems ist der Branchenexperte für Filter-Lösungen. Unsere Filterelemente für die Fest-Flüssig-Trennung setzen Standards in der Kunststoffverarbeitungsindustrie. Mit unserem Know-how in der Materialwissenschaft und unserer ständigen Innovationsbereitschaft sind wir der bevorzugte Lieferant für Investitionsgüterhersteller weltweit. Unser Erfolg basiert auf unserem Engagement für Spitzenleistungen und unsere Fähigkeit, Kundenanforderungen zu erfül",1777451346,https://www.arbeitnow.com/jobs/companies/jvk-filtration-systems-gmbh/konstrukteur-georgensgmund-363794,Arbeitnow
senior-backend-engineer-golang-bank-berlin-169219,Senior Backend Engineer (Golang) - Bank,SumUp,"Berlin, Germany",,CDI,Non précisé,Non précisé,Non précisé,Non précisé,"<p>At SumUp, the&nbsp;<strong>Global Bank team </strong>builds the core infrastructure and services that give merchants a digital bank account, helping small businesses manage their money easily and reliably.&nbsp;</p>
<p>The <strong>Balance Management Squad</strong> sits at the core of the <strong>Global Bank </strong>Platform. Right now, our team is completing a major milestone: consolidating and modernizing our balance management system in Europe. The next big step is creating a global transa",1777358720,https://www.arbeitnow.com/jobs/companies/sumup/senior-backend-engineer-golang-bank-berlin-169219,Arbeitnow
online-marketing-projektmanagerin-hamburg-404124,Online Marketing Projektmanager:In (M/W/D),trafficdesign GmbH,Hamburg,,CDI,Non précisé,Non précisé,Online Marketing,Online Marketing,"<p>Stell dir vor, du bist das strategische Bindeglied, das komplexe Kampagnen-Puzzleteile zu einem überzeugenden Gesamtbild zusammensetzt. Als <strong>Online Marketing Projektmanager:in</strong> bei trafficdesign jonglierst du nicht nur mit Deadlines, sondern steuerst die Performance-Vision für <strong>internationale Top-Brands</strong>. Du sorgst dafür, dass zwischen Google Ads, Social Media und Kundenwünschen keine Information verloren geht, sondern Synergien entstehen. In einer Agentur, die s",1777357837,https://www.arbeitnow.com/jobs/companies/trafficdesign-gmbh/online-marketing-projektmanagerin-hamburg-404124,Arbeitnow
senior-social-media-managerin-hamburg-192590,(Senior) Social Media Manager:In (M/W/D),trafficdesign GmbH,Hamburg,,CDI,Non précisé,Non précisé,Social Media Manager,Social Media Manager,"<p>Du hast keine Lust auf 08/15-Content, sondern willst Marken digital zum Leuchten bringen? ✨ Bei trafficdesign – der <strong>High-End-Agentur</strong> für Performance &#x26; Social – bist du nicht einfach nur dabei, sondern die treibende Kraft hinter dem organischen Erfolg unserer Kunden. Wir arbeiten mit Brands wie Katjes, funny-frisch und JOOP! und suchen jemanden, der Bock hat, diese <strong>Marken strategisch zu formen</strong> und Communities auf ein neues Level zu heben. Hier triffst du ",1777357837,https://www.arbeitnow.com/jobs/companies/trafficdesign-gmbh/senior-social-media-managerin-hamburg-192590,Arbeitnow
online-marketing-manager-stuttgart-302574,Online Marketing Manager (M/W/D),eFLY Marketplace Services GmbH,Stuttgart,,CDI,Non précisé,Non précisé,Marketing Manager,Marketing Manager,"<p>In der Rolle des <strong>Online Marketing Managers</strong> kalkulierst und steuerst du die Werbebudgets unserer Kunden. Ziel ist es die bestmögliche Sichtbarkeit mit einem vorgegebenen Budget zu erreichen. Um die Fortschritte der Arbeit auch dem Kunden zu übermitteln, werden regelmäßig Auswertungen erstellt. Auch die Positionierung der Produkte an gewünschten Werbeplätzen spielt hierbei eine große Rolle.🚀</p>
<h2>Aufgaben</h2>
<ul>
<li><strong>Strategieerarbeitung:</strong> Entwicklung von S",1777357836,https://www.arbeitnow.com/jobs/companies/efly-marketplace-services-gmbh/online-marketing-manager-stuttgart-302574,Arbeitnow
projektlead-account-managerin-cologne-253857,Projektlead & Account Manager:In (M/W/D),trafficdesign GmbH,Cologne,,CDI,Non précisé,Non précisé,Online Marketing,Online Marketing,"<p>Stell dir vor, du formst ganzheitliche Strategien für Performance Marketing – und setzt sie mit einem Team um, das Tempo liebt. Bei trafficdesign, der <strong>High-End-Agentur für Performance Marketing</strong>, arbeitest du mit AI-Workflows, klaren Prozessen und starken internationalen Marken. Als <strong>Projektlead</strong> und clevere Schnittstelle zwischen Kund:innen, Paid Social-, SEA-Experts und Creation hältst du die Kommunikation glasklar, Erwartungen sauber und Entscheidungen schnel",1777357835,https://www.arbeitnow.com/jobs/companies/trafficdesign-gmbh/projektlead-account-managerin-cologne-253857,Arbeitnow
pflichtpraktikum-im-bereich-grafikdesign-stuttgart-41084,Pflichtpraktikum Im Bereich Grafikdesign (M/W/D),eFLY Marketplace Services GmbH,Stuttgart,,CDI,Non précisé,Non précisé,Marketing and Communication,Marketing and Communication,"<p>Wir suchen dich für ein spannendes <strong>Praktikum im Grafikdesign</strong>, um unser Team bei der Entwicklung kreativer und ansprechender Designs für unsere Kunden zu unterstützen. Du wirst visuelle Konzepte für verschiedene Kanäle gestalten und dafür sorgen, dass die Marken unserer Kunden auf Plattformen wie Amazon überzeugend präsentiert werden. Dabei entwickelst du individuelle Grafiken und Layouts, optimierst bestehende Designs und arbeitest eng mit internen Teams sowie Kunden zusammen",1777357835,https://www.arbeitnow.com/jobs/companies/efly-marketplace-services-gmbh/pflichtpraktikum-im-bereich-grafikdesign-stuttgart-41084,Arbeitnow
pflichtpraktikum-online-marketing-manager-stuttgart-244840,Pflichtpraktikum Online Marketing Manager (M/W/D),eFLY Marketplace Services GmbH,Stuttgart,,CDI,Non précisé,Non précisé,Marketing and Communication,Marketing and Communication,"<p>In der Rolle des <strong>Online</strong> <strong>Marketing Managers</strong> kalkulierst und steuerst du die Werbebudgets unserer Kunden. Ziel ist es die bestmögliche Sichtbarkeit mit einem vorgegebenen Budget zu erreichen. Um die Fortschritte der Arbeit auch dem Kunden zu übermitteln, werden regelmäßig Auswertungen erstellt. Auch die Positionierung der Produkte an gewünschten Werbeplätzen spielt hierbei eine große Rolle.🚀</p>
<h2>Aufgaben</h2>
<ul>
<li><strong>Entwicklung von SEA-Strategien<",1777357835,https://www.arbeitnow.com/jobs/companies/efly-marketplace-services-gmbh/pflichtpraktikum-online-marketing-manager-stuttgart-244840,Arbeitnow
grafikdesigner-stuttgart-229354,Grafikdesigner (M/W/D),eFLY Marketplace Services GmbH,Stuttgart,,CDI,Non précisé,Non précisé,Marketing and Communication,Marketing and Communication,"<p>Wir haben auch kein Bock mehr auf glattgebügelte Stellenbeschreibungen,weshalb du diese unbedingt lesen solltest ‼️</p>
<p>Erstmal vorab: Ja, wir haben einen Obstkorb, gratis Kaffee, einen Tischkicker und ganz viele Pflanzen.🪴</p>
<p>Das schreibt zwar jeder in seiner Anzeige, aber das ist inzwischen selbstverständlich oder was denkst du? 😌</p>
<p>So, let's get into detail!</p>
<p>Wieso solltest du diese Chance nicht verpassen?</p>
<p>Weil du bei uns deine Kreativität nutzen kannst, um einen B",1777357834,https://www.arbeitnow.com/jobs/companies/efly-marketplace-services-gmbh/grafikdesigner-stuttgart-229354,Arbeitnow
praktikum-im-rahmen-einer-umschulung-marketing-oder-e-commerce-stuttgart-415178,Praktikum Im Rahmen Einer Umschulung (Marketing Oder E-Commerce) (M/W/D),eFLY Marketplace Services GmbH,Stuttgart,,CDI,Non précisé,Non précisé,Marketing and Communication,Marketing and Communication,"<p>In der Rolle des <strong>Marketing Managers</strong> kalkulierst und steuerst du die Werbebudgets unserer Kunden. Ziel ist es die bestmögliche Sichtbarkeit mit einem vorgegebenen Budget zu erreichen. Um die Fortschritte der Arbeit auch dem Kunden zu übermitteln, werden regelmäßig Auswertungen erstellt. Auch die Positionierung der Produkte an gewünschten Werbeplätzen spielt hierbei eine große Rolle.🚀</p>
<h2>Aufgaben</h2>
<ul>
<li><strong>Entwicklung von SEA-Strategien</strong>: Gemeinsam mit ",1777357834,https://www.arbeitnow.com/jobs/companies/efly-marketplace-services-gmbh/praktikum-im-rahmen-einer-umschulung-marketing-oder-e-commerce-stuttgart-415178,Arbeitnow
junior-performance-marketing-manager-all-genders-berlin-155983,Junior Performance Marketing Manager (All Genders),Glow25 (by Primal State Performance GmbH),Berlin,,Remote,Non précisé,Non précisé,"Remote, Marketing and Communication","Remote, Marketing and Communication","<p><strong>Welcome to Glow25!</strong></p>
<p>We are a dynamic, fast-growing beauty and pro-aging company based in Berlin.</p>
<p><strong>Our heartfelt mission:</strong> Glow moments that last — for our community and for us as a team.</p>
<p>Work at Glow25 should inspire, excite, and be fun. That’s why we’re looking for smart, empathetic people who take ownership and grow with us.</p>
<p>Join Glow25 and help us redefine beauty. We’re excited to meet you!</p>
<h2>These are our current challenges ",1777357834,https://www.arbeitnow.com/jobs/companies/glow25-by-primal-state-performance-gmbh/junior-performance-marketing-manager-all-genders-berlin-155983,Arbeitnow
client-relations-manager-b2c-100-remote-neuss-104651,Client Relations Manager (B2C) (M/W/D) | 100% Remote,smartkündigen OHG,Neuss,,Remote,Non précisé,Non précisé,"Remote, Customer Service","Remote, Customer Service","<p>Wir suchen einen Customer Success Manager (B2C) der eigenverantwortlich einen festen Kundenstamm von ca. 2.000+ Kunden betreut.</p>
<p>Du bist der zentrale Ansprechpartner und sorgst dafür, dass unsere Kunden optimal betreut werden, Lösungen erhalten und eine durchgehend positive Erfahrung mit unserem Service und unseren Produkten haben.</p>
<h2>Aufgaben</h2>
<ul>
<li>Betreuung eines festen Kundenportfolios (B2C)</li>
<li>Unterstützung bei rechtlichen Anliegen (keine Rechtsberatung erforderli",1777356027,https://www.arbeitnow.com/jobs/companies/smartkundigen-ohg/client-relations-manager-b2c-100-remote-neuss-104651,Arbeitnow
kundenbetreuungsmanager-b2c-100-remote-neuss-141522,Kundenbetreuungsmanager (B2C) | 100% Remote,smartkündigen OHG,Neuss,,Remote,Non précisé,Non précisé,"Remote, Customer Service","Remote, Customer Service","<p>Wir suchen einen Customer Success Manager (B2C) der eigenverantwortlich einen festen Kundenstamm von ca. 2.000+ Kunden betreut.</p>
<p>Du bist der zentrale Ansprechpartner und sorgst dafür, dass unsere Kunden optimal betreut werden, Lösungen erhalten und eine durchgehend positive Erfahrung mit unserem Service und unseren Produkten haben.</p>
<h2>Aufgaben</h2>
<ul>
<li>Betreuung eines festen Kundenportfolios (B2C)</li>
<li>Unterstützung bei rechtlichen Anliegen (keine Rechtsberatung erforderli",1777356025,https://www.arbeitnow.com/jobs/companies/smartkundigen-ohg/kundenbetreuungsmanager-b2c-100-remote-neuss-141522,Arbeitnow
customer-success-manager-b2c-100-remote-neuss-197931,Customer Success Manager (B2C) (M/W/D) | 100% Remote,smartkündigen OHG,Neuss,,Remote,Non précisé,Non précisé,"Remote, Customer Service","Remote, Customer Service","<p>Wir suchen einen Customer Success Manager (B2C) der eigenverantwortlich einen festen Kundenstamm von ca. 2.000+ Kunden betreut.</p>
<p>Du bist der zentrale Ansprechpartner und sorgst dafür, dass unsere Kunden optimal betreut werden, Lösungen erhalten und eine durchgehend positive Erfahrung mit unserem Service und unseren Produkten haben.</p>
<h2>Aufgaben</h2>
<ul>
<li>Betreuung eines festen Kundenportfolios (B2C)</li>
<li>Unterstützung bei rechtlichen Anliegen (keine Rechtsberatung erforderli",1777356024,https://www.arbeitnow.com/jobs/companies/smartkundigen-ohg/customer-success-manager-b2c-100-remote-neuss-197931,Arbeitnow
trainee-consulting-cologne-337476,Trainee (M/W/D) Consulting,MLP Wirtschaftsberatung,Cologne,,CDI,Non précisé,Non précisé,Finance,Finance,"<p>Wir von der MLP Wirtschaftsberatung bieten ambitionierten Talenten die Möglichkeit, im Rahmen eines viermonatigen Traineeprogramms die vielseitige Welt der Finanz- und Unternehmensberatung kennenzulernen. Steigen Sie an unserem Standort im Herzen von Köln ein und gestalten Sie mit uns aktiv die Zukunft unserer Kundinnen und Kunden – und Ihre eigene.</p>
<h2>Aufgaben</h2>
<ul>
<li><strong>Individuelle Beratung</strong>: Gemeinsam mit Ihrem Team betreuen Sie anspruchsvolle Privat- und Geschäfts",1777480144,https://www.arbeitnow.com/jobs/companies/mlp-wirtschaftsberatung/trainee-consulting-cologne-337476,Arbeitnow
trainee-consulting-bonn-449887,Trainee (M/W/D) Consulting,MLP Wirtschaftsberatung,Bonn,,CDI,Non précisé,Non précisé,Finance,Finance,"<p>Wir von der MLP Wirtschaftsberatung bieten ambitionierten Talenten die Möglichkeit, im Rahmen eines viermonatigen Traineeprogramms die vielseitige Welt der Finanz- und Unternehmensberatung kennenzulernen. Steigen Sie an unserem Standort im Herzen von Bonn ein und gestalten Sie mit uns aktiv die Zukunft unserer Kundinnen und Kunden – und Ihre eigene.</p>
<h2>Aufgaben</h2>
<ul>
<li><strong>Individuelle Beratung</strong>: Gemeinsam mit Ihrem Team betreuen Sie anspruchsvolle Privat- und Geschäfts",1777480144,https://www.arbeitnow.com/jobs/companies/mlp-wirtschaftsberatung/trainee-consulting-bonn-449887,Arbeitnow
technischer-immobilienmanager-wohnimmobilien-auf-eigentumerseite-bis-ca-80000-eur-jahresgehalt-berlin-462744,Technischer Immobilienmanager (M/W/D) Wohnimmobilien Auf Eigentümerseite | Bis Ca. 80.000 € Jahresgehalt,QTalents - Real Estate Recruiting,Berlin,,CDI,Non précisé,Non précisé,Engineering,Engineering,"<p>Sie sind technisch versiert, gerne nah am Objekt und steuern Maßnahmen nicht nur aus der Distanz, sondern auch operativ? Sie möchten <strong>auf Eigentümerseite</strong> Verantwortung übernehmen und den <strong>Wohnimmobilienbestand aktiv weiterentwickeln</strong>?</p>
<p>Dann bietet Ihnen diese Position eine spannende Perspektive.</p>
<p>Unser Mandant ist ein etabliertes, deutschlandweit tätiges <strong>mittelständischen Immobilienunternehmen</strong> mit eigenem Wohnungsbestand und klarem F",1777325441,https://www.arbeitnow.com/jobs/companies/qtalents-real-estate-recruiting/technischer-immobilienmanager-wohnimmobilien-auf-eigentumerseite-bis-ca-80000-eur-jahresgehalt-berlin-462744,Arbeitnow
