id,titre,entreprise,ville,code_postal,contrat,salaire,experience,competences,description,date_publication,url,source,scraped_at
9c70a604cefda31cf9e5253e6c08f0b2,"Hv Cable Jointing Team Lead - Laboratory & Field Operations (A)| Region: Zurich, Switzerland",CONCAPE,Cologne,,CDI,,,"Management, Team Leader","You are the technical backbone of HV cable jointing operations, in the lab and in the field. You lead a team of jointers, coordinate high-voltage cable installations and testing up to 500 kV, and ensure every jointing activity meets the highest standards of quality and safety. This role sits at the intersection of hands-on execution, team leadership, and cross-functional collaboration with R&#x26;D and Project Management. Tasks Lead and coordinate a team of jointers acro",1970-01-01,https://www.arbeitnow.com/jobs/companies/concape/hv-cable-jointing-team-lead-laboratory-field-operations-a-region-zurich-switzerland-cologne-147654,arbeitnow,2026-05-05T11:49:53.155813+00:00
58bc5eb3147fd3816f5bb922411a8d13,Senior Python Developer - Django (M/W/D),sync.blue® GmbH,Haltern Am See,,REMOTE,,,"Remote, Software Development","Du arbeitest strukturiert, behältst auch in komplexen Situationen den Überblick und hast Freude daran, Software gründlich zu prüfen, zu testen und zuverlässig zu deployen? Dann passt du perfekt zu uns. Wir suchen einen Senior Python Developer, der gemeinsam mit Produktmanagement und Entwicklern die Qualität unseres Kernprodukts sicherstellt und kontinuierlich weiterentwickelt. In dieser Rolle übernimmst du die technische Verantwortung für saubere Integrationen, zuverlässige Deployments",1970-01-01,https://www.arbeitnow.com/jobs/companies/syncblue-gmbh/senior-python-developer-django-haltern-am-see-16238,arbeitnow,2026-05-05T11:49:53.155813+00:00
26822e3363d8404fc56b5139ac7267f3,"Product Line Manager Defense Applications (A) | Region: Lausanne, Switzerland",CONCAPE,Augsburg,,CDI,,,Engineering,"You take end-to-end ownership of a dedicated product portfolio in the defense segment, from strategic positioning to market execution. At the interface of engineering, commercial strategy, and key account management, you ensure that products meet both technical requirements and business objectives. You translate innovation roadmaps into market-ready solutions and actively drive growth in powertrain and defense-related applications. Tasks Full lifecycle ownership of an as",1970-01-01,https://www.arbeitnow.com/jobs/companies/concape/product-line-manager-defense-applications-a-region-lausanne-switzerland-augsburg-48930,arbeitnow,2026-05-05T11:49:53.155813+00:00
da744d7de141a4346db0c0af8bbee23d,Senior Game Engineer,Companion Group Ltd,Remote,,CDI,,,"Information technology, professional","Companion Group is a AAA co-development gaming studio with a globally distributed and fully remote setup, renowned for its adeptness in overcoming the most intricate challenges in multiplayer game development. Our reputation precedes us as an excellent choice for clients aspiring to elevate their latest multiplayer titles, enabling scalability in player numbers, maximising player density, and crafting immersive gameplay experiences.</p",1970-01-01,https://www.arbeitnow.com/jobs/companies/companion-group-ltd/remote-senior-game-engineer-379845,arbeitnow,2026-05-05T11:49:53.155813+00:00
e2477904c5486058a8c55cd61f57bd37,Senior Gtm Strategy Manager (All Genders),clockin GmbH,Münster,,CDI,,,"Consulting, bachelor's degree","Du bist das verbindende Glied zwischen Product, Marketing, Sales und Customer Success, arbeitest direkt mit dem C-Level und sorgst dafür, dass unsere wichtigsten Releases mit vollem Impact ankommen.Über 8.000 kleine Unternehmen nutzen clockin, um ihren Betrieb zu organisieren – vom Handwerksbetrieb über den Pflegedienst bis zum Restaurant. Wir wachsen schnell: neue Module, neue Branchen, neue Use Cases - in im",1970-01-01,https://www.arbeitnow.com/jobs/companies/clockin-gmbh/senior-gtm-strategy-manager-all-genders-munster-346718,arbeitnow,2026-05-05T11:49:53.155813+00:00
e2ab06a63ddfbc0291e095c4a32c8828,Kanzleimanager (M/W/D),Kaufmann & Kaufmann Steuerberater Partnerschaft mbB,Biberach,,CDI,,,Administration,"Wir stellen uns dir vor. Eine Kanzlei, vielschichtige Leistungsbereiche und über 40 Teammitglieder - was wie eine klassische mittelständische Steuerberatungs- und Rechtsanwaltsgesellschaft klingen mag, ist bei genauerem Betrachten vielleicht doch etwas mehr. Wir sehen den Menschen vor den Zahlen, denken und handeln fortschrittlich und arbeiten kontinuierlich daran, uns als Kanzlei und Arbeitgeber sinnvoll weiterzuentwickeln. Wenn du aus Gründen wie fehlender Wer",1970-01-01,https://www.arbeitnow.com/jobs/companies/kaufmann-kaufmann-steuerberater-partnerschaft-mbb/kanzleimanager-biberach-469177,arbeitnow,2026-05-05T11:49:53.155813+00:00
7680d285cb27d5a45730374d8eb57541,Kanzleimanager (M/W/D),Kaufmann & Kaufmann Steuerberater Partnerschaft mbB,Kempten,,CDI,,,Administration,"Wir stellen uns dir vor. Eine Kanzlei, vielschichtige Leistungsbereiche und über 40 Teammitglieder - was wie eine klassische mittelständische Steuerberatungs- und Rechtsanwaltsgesellschaft klingen mag, ist bei genauerem Betrachten vielleicht doch etwas mehr. Wir sehen den Menschen vor den Zahlen, denken und handeln fortschrittlich und arbeiten kontinuierlich daran, uns als Kanzlei und Arbeitgeber sinnvoll weiterzuentwickeln. Wenn du aus Gründen wie fehlender Wer",1970-01-01,https://www.arbeitnow.com/jobs/companies/kaufmann-kaufmann-steuerberater-partnerschaft-mbb/kanzleimanager-kempten-41597,arbeitnow,2026-05-05T11:49:53.155813+00:00
8b07d07e2bc4c77f652ea1fd300eeaaf,Projektmanager Data Analytics / Data Science (All Gender),Actana Consulting Services GmbH,Munich,,CDI,,,Engineering,"Bist du bereit, als Projektmanager im Bereich Data Analytics und Data Science bei Actana Consulting Services GmbH durchzustarten? Unser Unternehmen ist bekannt für seine innovativen Lösungen und seinen Kunde-zentrierten Ansatz. In deiner Rolle wirst du die Möglichkeit haben, spannende Projekte zu leiten und mit modernsten Technologien zu arbeiten. Dabei unterstützt du unseren Kunden, datengetriebene Entscheidungen zu treffen und ihre Geschäftsprozesse zu optimieren. Wenn du ein Faible für Dat",1970-01-01,https://www.arbeitnow.com/jobs/companies/actana-consulting-services-gmbh/projektmanager-data-analytics-data-science-all-gender-munich-309422,arbeitnow,2026-05-05T11:49:53.155813+00:00
420924945e3f0b38494dab801bb97107,Werkstudent Im Marketing (M/W/D),Santos Grills GmbH,Cologne,,CDI,,,Marketing and Communication,"SANTOS sucht Verstärkung! Totale BBQ-Leidenschaft und purer Spaß am Genießen: Dafür steht die SANTOS Grills GmbH schon seit 2005, seit 2021 auch als Teil der globalen ZWILLING-Familie. Wir sind absolut grillverrückt und brennen für innovative Trends genauso wie für altbewährte Features. Erstklassige Qualität, faire Preise und ein Top-Kundenservice machen SANTOS Grills online und offline zu einen der führenden Grillfachhändler Deutschlands. Und wir haben weiterhin große Pläne! Dafür s",1970-01-01,https://www.arbeitnow.com/jobs/companies/santos-grills-gmbh/werkstudent-im-marketing-cologne-212120,arbeitnow,2026-05-05T11:49:53.155813+00:00
7a81f339d63add07ddd9e293dcca8ecb,Cloud/ Senior Cloud Architect,Steadman & Chase,Berlin,,CDI,,,System and Network Administration,"We are partnered with a global consultancy delivering large-scale cloud and platform transformations for enterprise organisations. This role is built for a senior technologist ready to combine architecture ownership, team leadership, and client advisory within complex multi-stakeholder environments. You will shape cloud strategy, lead engineering teams, and guide organisations through modernisation programmes that directly influence operational performance and scalability. Hiri",1970-01-01,https://www.arbeitnow.com/jobs/companies/steadman-chase/cloud-senior-cloud-architect-berlin-144224,arbeitnow,2026-05-05T11:49:53.155813+00:00
e73ffa9062782ddba3e5f42b63da71da,(Juinor) Manager Strategic Projects & Operations (M/F/D),Cashlink Technologies GmbH,Frankfurt Am Main,,REMOTE,,,"Remote, Project Management",Deine Aufgaben Du begleitest strategische Kundenprojekte von der ersten Beratung über das Projektmanagement bis hin zur erfolgreichen Durchführung von Proof of Concepts (POCs). Du verantwortest das Onboarding von Neukunden und stellst einen reibungslosen Start auf unserer Plattform sicher. Du steuerst das Partnermanagement entlang des gesamten Kundenlebenszyklus und bist die zentrale Schnittstelle für unsere Partner. Du unterstützt bei der Optimierung,1970-01-01,https://www.arbeitnow.com/jobs/companies/cashlink-technologies-gmbh/juinor-manager-strategic-projects-operations-frankfurt-am-main-58977,arbeitnow,2026-05-05T11:49:53.155813+00:00
2912537192582a4eff4cc5b5c3fcc2f3,Junior Social Media Manager Deutschland (M/W/D),Nailscamp GmbH,Saarbrücken,,CDI,,,Marketing and Communication,"Nailscamp ist ein E-Commerce-Unternehmen für Nagelkosmetik. Du findest uns unter unseren Marken Proglow oder Ongle24. Während Ongle24 zu den Marktführern in Frankreich und Belgien gehört, ist Proglow der „Rising Star“ unter den Nagelliebhabern in Deutschland. Unsere Mission: Profi-Gel-Kosmetik zu erschwinglichen Preisen. Luxus-Beauty muss nicht teuer sein! Zur Verstärkung unseres Teams suchen wir ab sofort einen kreativen Kopf für die",1970-01-01,https://www.arbeitnow.com/jobs/companies/nailscamp-gmbh/junior-social-media-manager-deutschland-saarbrucken-496290,arbeitnow,2026-05-05T11:49:53.155813+00:00
b3b26ed82d585d61e0978cb1d1d468f9,Fachinformatiker (M/W/D),eder - Agentur für Produktkommunikation,Ostfildern,,CDI,,,System and Network Administration,"In der Agentur eder legen wir bereits seit über 50 Jahren den Fokus auf professionelle Produktkommunikation. Für internationale Kunden aus der Automobil- und Industriebranche erschaffen wir State-of-the-Art Kommunikationsmittel für das digitale Vermarkten, Erklären und Verkaufen ihrer Produkte. Wir begeistern unsere Kunden mit der ganzen Vielfalt der digitalen Produktkommunikation. Von der CGI-Visualisierung von Stills und Animationen, virtuellen Produkterlebnissen, interaktiven Medien, Conte",1970-01-01,https://www.arbeitnow.com/jobs/companies/eder-agentur-fur-produktkommunikation/fachinformatiker-ostfildern-11973,arbeitnow,2026-05-05T11:49:53.155813+00:00
3c77a75f31c01d9c03d7318b86b99e66,Sales Account Executive (M/W/D),SAVVY® Telematic Systems AG,Düsseldorf,,CDI,,,"Management, Team Leader","Sales Account Executive (m/w/d) Industrial IoT | Telematik | SaaS | Rail &#x26; Chemical Logistics 📍 Schaffhausen (Schweiz) | Vollzeit | Europaweite Reisetätigkeit Warum diese Rolle interessant ist Du kennst den Markt für Telematik, IoT oder industrielle Softwarelösungen bereits – aber suchst mehr: mehr Einfluss auf Deals mehr Verantwortung mehr Geschwindigkeit in Ent",1970-01-01,https://www.arbeitnow.com/jobs/companies/savvy-telematic-systems-ag/sales-account-executive-dusseldorf-191926,arbeitnow,2026-05-05T11:49:53.155813+00:00
46ad99cea0d811d513d9e39b9024f696,Software Tester Testautomatisierung (M/W/D),MY Humancapital GmbH,Munich,,CDI,,,Software Development,"Im Auftrag unseres Partnerunternehmens in München suchen wir Sie zum nächstmöglichen Zeitpunkt als „Software Tester Testautomatisierung (m/w/d)“. Aufgaben Als Software Test Engineer (m/w/d) planen und entwickeln Sie strukturierte Testfälle auf Basis von Anforderungen Zudem führen Sie manuelle und automatisierte Tests sowie Regressionstests in komplexen Systemumgebungen durch Auch erstellen und pflegen Sie Testkonzepte,",1970-01-01,https://www.arbeitnow.com/jobs/companies/my-humancapital-gmbh/software-tester-testautomatisierung-munich-127117,arbeitnow,2026-05-05T11:49:53.155813+00:00
ef5cad9091c3fec7fe73265678cb8631,Senior Frontend-Entwickler Angular/Typescript (Ref.Nr.: 46660),Wavestone Germany AG,Berlin,,CDI,,,IT,"Wir suchen einen Senior Frontend-Entwickler für die Entwicklung eines zukunftsweisenden Gitter-Steuerungssystems. Die Rolle konzentriert sich auf die Erstellung komplexer, interaktiver Visualisierungen und Konfigurationswerkzeuge zur Unterstützung der Netzüberwachung und -steuerung in einer modularen Leitzentralen-Umgebung, und den Übergang von monolithischen Legacy-Anwendungen zu einer modernen, komponentenbasierten Architektur. Key Facts Start: 01.06.2026 Dur",1970-01-01,https://www.arbeitnow.com/jobs/companies/wavestone-germany-ag/senior-frontend-entwickler-angular-typescript-refnr-46660-berlin-254880,arbeitnow,2026-05-05T11:49:53.155813+00:00
3c9e4785fb05bfce72c4e2729d5fca26,Senior Java Cloud Backend Engineer (M/F/D) (Ref.Nr.: 46659),Wavestone Germany AG,Munich,,REMOTE,,,"Remote, IT","We are looking for a Developer (Nearshore) to further develop a master data solution in the after-sales domain, focused on managing battery systems, vehicle references, and logistics data. The role is ideal for candidates from nearshore countries who want to work on complex software architectures in a modern cloud infrastructure. Key Facts Start: 29.04.2026 Duration: not known Capacity: 100 % Employment type: Job site: Remote Job country: Deutsc",1970-01-01,https://www.arbeitnow.com/jobs/companies/wavestone-germany-ag/senior-java-cloud-backend-engineer-refnr-46659-munich-21429,arbeitnow,2026-05-05T11:49:53.155813+00:00
41ad26f846c89cd56e94a64d0d549855,Sap Co Consultant (M/F/D) (Ref.Nr.: 46657),Wavestone Germany AG,Munich,,REMOTE,,,"Remote, IT","We are looking for an experienced SAP CO consultant to support complex cost accounting processes and module integrations at locations in Romania or Poland. Key Facts Start: 04.05.2026 Dauer: Nicht bekannt Auslastung: 100 % Einsatzart: Einsatzort: Remote Einsatzland: Sonstiges Your tasks • Support and configuration of Product Costing, in particular standard costing and costing variants • Ensure seamless integration of bill of",1970-01-01,https://www.arbeitnow.com/jobs/companies/wavestone-germany-ag/sap-co-consultant-refnr-46657-munich-487419,arbeitnow,2026-05-05T11:49:53.155813+00:00
0fefeac98d6a9c89cada4d3da5b9515a,Werkstudent Vertrieb / Finanzberatung (M/W/D) – Praxis Statt Theorie,Shereen Patzelt,Chemnitz,,CDI,,,"Finance, high school or equivalent","Du willst neben dem Studium mehr als nur einen Nebenjob?Du willst verstehen, wie Vertrieb und Einkommen wirklich funktionieren?Deine AufgabenUnterstützung im VertriebTeilnahme an TrainingsErste KundenkontakteVorbereitung von BeratungsgesprächenWas wir bieten<p style=""",1970-01-01,https://www.arbeitnow.com/jobs/companies/shereen-patzelt/werkstudent-vertrieb-finanzberatung-praxis-statt-theorie-chemnitz-149859,arbeitnow,2026-05-05T11:49:53.155813+00:00
402af02b1a90a1ec9208283befd3f1c4,Fachinformatiker Anwendungsbetreuung & Erp-Systeme (M/W/D),PolyTALENT GmbH,Saerbeck,,CDI,,,"Information technology, vocational","PolyTALENT unterstützt ein stark wachsenden Partner in Saerbeck bei der Besetzung dieser verantwortungsvollen Position als Fachinformatiker für Anwendungsentwicklung (m/w/d).BenefitsUnbefristete Festanstellung in einem wirtschaftlich stabilen, wachsenden Unternehmen30 Urlaubstage für verlässliche Er",1970-01-01,https://www.arbeitnow.com/jobs/companies/polytalent-gmbh/fachinformatiker-anwendungsbetreuung-erp-systeme-saerbeck-383740,arbeitnow,2026-05-05T11:49:53.155813+00:00
973cd67ddf3a27417f4db8428b6fb8a3,It-Rollout-/ Rechenzentrum-Techniker,ITconfig/all GmbH,Dresden,,CDI,,,Helpdesk,"Für ein groß angelegtes Hardware-Rollout-Projekt im Rechenzentrumsumfeld suchen wir mehrere IT-Techniker (m/w/d). Im Fokus stehen die Vorbereitung, der Transport sowie der fachgerechte Einbau von Server- und Storage-Systemen in einer hochverfügbaren Infrastruktur. Aufgaben Vorbereitung, Staging und Grundkonfiguration neuer Hardware am Projektstandort Auspacken, Inventarisierung und technische Erstprüfung der Systeme Vergabe von Management-IP-Adressen un",1970-01-01,https://www.arbeitnow.com/jobs/companies/itconfigall-gmbh/it-rollout-rechenzentrum-techniker-dresden-79531,arbeitnow,2026-05-05T11:49:53.155813+00:00
8af1564dcd41fd338c94121fd4196efa,Business Analyst Mit Schwerpunkt Ux,Envidual,Munich,,CDI,,,Business Analyst,"Design trifft Code, Code trifft Impact: Wir bauen digitale Produkte, die die Zukunft gestalten. Wir sind ein IT-Dienstleister aus München, der sich auf individuelle Softwarelösungen für Unternehmen mit komplexen Strukturen und Prozessen spezialisiert hat. Wir setzen auf agile Methoden und schlanke Teams, um innovative und zukunftssichere digitale Lösungen zu schaffen. Unsere Expertise umfasst diverse regulierte und komplexe Branchen wie Versicherungen, Logistik und dig",1970-01-01,https://www.arbeitnow.com/jobs/companies/envidual/business-analyst-mit-schwerpunkt-ux-munich-352111,arbeitnow,2026-05-05T11:49:53.155813+00:00
4235b7a0e63f42bcd41a2b33400fcf7f,Teamleiter / Team Lead Linux Operations (M/W/D),noris network AG,Nuremberg,,CDI,,,"Management, Team Leader","Die noris network AG steht für innovative, sichere und nachhaltige IT-Lösungen. Mit über 600 engagierten Mitarbeitenden entwickeln wir leistungsstarke Services in den Bereichen Cloud, Datacenter, Network &#x26; Security sowie Managed Applications – betrieben auf einer hochmodernen, mehrfach zertifizierten IT-Infrastruktur mit eigenen Hochsicherheitsrechenzentren. Seit 1993 sind wir kontinuierlich gewachsen und zählen heute zu den führenden IT-Spezialisten in Deutschland. Unser größtes Kapital",1970-01-01,https://www.arbeitnow.com/jobs/companies/noris-network-ag/teamleiter-team-lead-linux-operations-nuremberg-222921,arbeitnow,2026-05-05T11:49:53.155813+00:00
44ca24e578ae7e19130a56cdbd52aea6,Technical Project Engineer Uav Systems,24Industries,Munich,,CDI,,,Project Management,"WHAT WE'RE LOOKING FOR An engineer who takes ownership. Not a coordinator, not a status reporter — someone who stays in the technical trenches and uses project management to accelerate execution. You own two things, end-to-end: timeline visibility and project communication. Tasks YOUR MISSION Build and maintain Gantt-based project timelines track progress, dependencies, and slippage with precision. No surprises, ever.",1970-01-01,https://www.arbeitnow.com/jobs/companies/24industries/technical-project-engineer-uav-systems-munich-18021,arbeitnow,2026-05-05T11:49:53.155813+00:00
a2981a67c5796b3521ca1b2778c122bd,Planer Elektrotechnik (M/W/D),PolyTALENT GmbH,Emsdetten,,CDI,,,IT,"Jobbeschreibung PolyTALENT vermittelt direkt an ein wachstumsstarkes Unternehmen in Emsdetten, das seine Planungskompetenz im Bereich Elektrotechnik / TGA weiter ausbaut. Gesucht wird eine fachlich starke Persönlichkeit, die Projekte im Objektbau von der Planung bis zur Inbetriebnahme sicher begleitet. Benefits Flexible Arbeitszeiten für eine verlässliche Vereinbarkeit von Beruf und Privatleben",1970-01-01,https://www.arbeitnow.com/jobs/companies/polytalent-gmbh/planer-elektrotechnik-emsdetten-288059,arbeitnow,2026-05-05T11:49:53.155813+00:00
615a26b50a9fbb440c5f9b02e57feef1,Ingenieur:In  Verfahrenstechnik / Maschinenbau (W/M/D),Valoron GmbH,Garching,,CDI,,,Process Engineering,"Wir entwickeln thermochemische Recycling-Anlagen, die auch gemischte komplexe Abfallfraktionen (Restmüll/Hausmüll, Verbundmaterialien, etc.) stofflich recyceln können. Dazu suchen wir eine:n erfahrene:n Ingenieur:in, die/der eine zentrale Rolle beim Aufbau und der Weiterentwicklung unserer Prozesstechnologie übernimmt. Der Fokus liegt auf praktischer Umsetzung: entwickeln, aufbauen, testen, betreiben und kontinuierlich optimieren. Du übernimmst die technische Verantwortung für einen Teilproze",1970-01-01,https://www.arbeitnow.com/jobs/companies/valoron-gmbh/ingenieurin-verfahrenstechnik-maschinenbau-garching-169994,arbeitnow,2026-05-05T11:49:53.155813+00:00
3aa2709b510c155c4d6bdc1b237624bc,Operativer Einkäufer (M/W/D),K-tronik GmbH,Hamburg,,CDI,,,Sales Engineer,"Projektbeschreibung: Zur Verstärkung unseres Expertenteams bei unserem Kunden aus der Luft-und Raumfahrt Branche suchen wir einen Operativen Einkäufer (m/w/x) in Festanstellung bei K-tronik. Wir freuen uns darauf, Sie persönlich kennen zu lernen - und gemeinsam mit Leidenschaft und Teamgeist an spannenden Projekten und zukunftsweisenden Technologien zu arbeiten. Aufgaben: Kaufmännische Betreuung von Warengruppen sowie Steuerung und Überwachung der Einkaufsprozes",1970-01-01,https://www.arbeitnow.com/jobs/companies/k-tronik-gmbh/operativer-einkaufer-hamburg-199016,arbeitnow,2026-05-05T11:49:53.155813+00:00
d659e6febde9e597d0940fd4e7b179dd,Professional Services Consultant (M/F/D),Bedford Consulting,Düsseldorf,,REMOTE,,,"Remote, Consulting, Engineering","An exciting opportunity has opened within our Professional Services Team in the DACH region for a Professional Services Consultant role. This is a full-time position. You will directly contribute to high-quality delivery, customer success, and Bedford’s reputation for excellence across EMEA. You’ll act as a strategic partner to our customers, helping them modernise planning, optimise processes, and realise the full power of the Anaplan platform. Reports to:</stron",1970-01-01,https://www.arbeitnow.com/jobs/companies/bedford-consulting/professional-services-consultant-dusseldorf-138613,arbeitnow,2026-05-05T11:49:53.155813+00:00
fee8d4a57be2c1f753bf0912eda9927a,Mitarbeiter/In Buchhaltung (M/W/D),Otto Golze & Söhne GmbH,Emmerthal,,CDI,,,Finance,Wir sind Otto Golze &#x26; Söhne – ein traditionsreiches Familienunternehmen mit über 150 Jahren Erfahrung. Unser Sortiment reicht von Türmatten über moderne Teppiche bis hin zu Naturfaser-Bodenbelägen und Badmatten. Neben dem stationären Handel sind wir auch im Onlinegeschäft erfolgreich und vertreiben starke Marken wie JOOP! und SCHÖNER WOHNEN. Aufgaben Deine Aufgaben bei uns: Bearbeitung der Debitoren- und Kreditorenbuchhaltung Durchfü,1970-01-01,https://www.arbeitnow.com/jobs/companies/otto-golze-sohne-gmbh/mitarbeiter-in-buchhaltung-emmerthal-233462,arbeitnow,2026-05-05T11:49:53.155813+00:00
2b2c39f31b168c54ce0bf8a126c27e63,Anaplan Model Builder (M/F/D),Bedford Consulting,Düsseldorf,,REMOTE,,,"Remote, Consulting, Engineering","An exciting opportunity has opened within our Professional Services Team in the DACH region for a Model Builder role. This is a full-time position. This role is aimed at professionals working close to business processes – for example in controlling, FP&#x26;A, or data/analytics – who want to move into a consulting environment and work on how these processes are structured and implemented in systems. Experience with Anaplan or comparable platforms is a plus, not a requirement. <s",1970-01-01,https://www.arbeitnow.com/jobs/companies/bedford-consulting/anaplan-model-builder-dusseldorf-210735,arbeitnow,2026-05-05T11:49:53.155813+00:00
ec8a3bffa5f43b7953a8529658689992,Freelance Senior Ai Product Manager,nexamind GmbH,Berlin,,REMOTE,,,"Remote, Product Management","We’re hiring a Freelance Senior AI Product Manager to turn messy real-world problems into working GenAI solutions. This is a hands-on role at the intersection of product, delivery, and customer collaboration. You’ll work directly with users, clients, engineers, and stakeholders to scope problems, shape solutions, and ship AI products in complex, ambiguous environments. You’ll own the full journey from discovery to delivery — not just the roadmap. We’re looking for",1970-01-01,https://www.arbeitnow.com/jobs/companies/nexamind-gmbh/freelance-senior-ai-product-manager-berlin-73613,arbeitnow,2026-05-05T11:49:53.155813+00:00
622adb08998fb3701e5a84b8ad264d93,Digital Marketing & Content Werkstudent:In (M/W/D) 100% Remote,ciconia Systems GmbH,Mannheim,,REMOTE,,,"Remote, Marketing Manager","Bock auf echten Impact im wachsenden KI-Startup? Öffentliche Ausschreibungen sind ein 400-Milliarden-Euro-Markt – und einer der letzten großen Bereiche, der gerade erst digitalisiert wird. Wir sind Vergabepilot AI: Eine KI-gestützte SaaS-Plattform, die mittelständischen Unternehmen hilft, genau die richtigen Aufträge zu finden. Unser Team ist klein, unser Wachstum stark. Als Werkstudent:in arbeitest du direkt mit der Marketingleitung zusammen und baust den Wachstum",1970-01-01,https://www.arbeitnow.com/jobs/companies/ciconia-systems-gmbh/digital-marketing-content-werkstudentin-100-remote-mannheim-442319,arbeitnow,2026-05-05T11:49:53.155813+00:00
73dbfb8edcbe843341229c50edf16744,It-Systemadministrator (M/W/D),Reh Kendermann GmbH Weinkellerei,Bingen,,CDI,,,System and Network Administration,"Die Reh Kendermann GmbH Weinkellerei ist eine der größten und modernsten Weinkellereien in Deutschland, gleichermaßen bekannt für hochwertige Markenweine und Premium-Eigenmarken. Zur Realisierung unserer zukünftigen Ziele in Deutschland suchen wir an unserem Standort in Bingen zum nächstmöglichen Zeitpunkt in Vollzeit eine*n IT- Systemadministrator*in (m/w/d) Aufgaben Überwachung, Betreuung und Optimierung der internen IT-Infrastruktur <l",1970-01-01,https://www.arbeitnow.com/jobs/companies/reh-kendermann-gmbh-weinkellerei/it-systemadministrator-bingen-471961,arbeitnow,2026-05-05T11:49:53.155813+00:00
03c0dd44523b928880357df608270bfd,Finanzbuchhalter (M/W/D),Alte Försterei /1. FC Union Berlin e.V.,Berlin,,CDI,,,Finance,"Aufgaben DEINE AUFGABEN: Debitoren-, Kreditoren- und Sachkontenbuchhaltung einschließlich Stammdatenpflege, Rechnungslegung, Verbuchen und Abstimmen Anlagenbuchhaltung Bearbeitung von Reisekosten- und Auslagenerstattungen Importieren und Buchen der Kassen- und Bankbewegungen Erstellung von Auswertungen und Statistiken Schriftverkehr mit Auftraggebern, Kunden, Lieferanten sowie Behörden und Verbänden Mitwirkung bei Mon",1970-01-01,https://www.arbeitnow.com/jobs/companies/alte-forsterei-1-fc-union-berlin-ev/finanzbuchhalter-berlin-368148,arbeitnow,2026-05-05T11:49:53.155813+00:00
382b3c7363917e649c65f7ded6730cc3,Working Student - It (M/W/D),ABSORA GmbH,Berlin,,CDI,,,IT,"We are ABSORA – a deep-green tech startup in Berlin whose technologies are rewriting the rules of the game for noise and vibration control. Our HSA3 material isn't just a promise for the future – it's a revolution in lightweight construction, acoustics, and filtration: light, incredibly strong, and acoustically brilliant, as it absorbs airborne sound and vibrations. It's also inexpensive to produce and extremely environmentally friendly. This protects health, the environment, and your peace o",1970-01-01,https://www.arbeitnow.com/jobs/companies/absora-gmbh/working-student-it-berlin-404870,arbeitnow,2026-05-05T11:49:53.155813+00:00
02b938b28350b430da119547a4bddd66,Senior/ Lead Cloud Engineer,Steadman & Chase,Düsseldorf,,CDI,,,Software Development,"We have an exciting opportunity with one of our global leading clients. They are looking for a skilled cloud software engineer to join their Cloud Transformation &#x26; System Engineering team, supporting clients on their end-to-end cloud journeys. Aufgaben As a Senior Cloud Software Engineer, you will contribute across the entire lifecycle of client projects, from initiation through to go-live. You will play a key role in designing adaptable cloud architectures in agile envir",1970-01-01,https://www.arbeitnow.com/jobs/companies/steadman-chase/senior-lead-cloud-engineer-dusseldorf-291991,arbeitnow,2026-05-05T11:49:53.155813+00:00
d635ae270daffc85e79e325571cb1188,Trainee Immobilienentwicklung (M/W/D) (18-24 Monate),Cirrus Real Estate GmbH,Berlin,,CDI,,,"Training, Development","Die Cirrus Real Estate GmbH ist ein etabliertes und gleichzeitig dynamisches Immobilienunternehmen in Berlin. Als Bestandshalter und Entwickler konzentrieren wir uns auf den Erwerb, die Entwicklung und Vermietung von Wohn- und Gewerbeimmobilien. Wir scheuen uns nicht vor komplexen Sachverhalten, sind kreativ in der Lösungsfindung, profitieren von einer schnellen Entscheidungsfindung und zeichnen uns durch Fleiß und Einsatz aus. Du brennst für Immobilien und willst nicht nur zusc",1970-01-01,https://www.arbeitnow.com/jobs/companies/cirrus-real-estate-gmbh/trainee-immobilienentwicklung-18-24-monate-berlin-296069,arbeitnow,2026-05-05T11:49:53.155813+00:00
9c4ae74d2976c7e96abfc0e7f3796d24,Senior Performance Marketing Manager (M/W/D) – Mit Perspektive Team Lead,Eventinc GmbH,Hamburg,,CDI,,,Marketing and Communication,"Worum gehts? Du bringst unser Marketing auf das nächste Level – mit klarem Fokus auf Performance, Pipeline und messbares Wachstum. Dabei arbeitest Du operativ tief im Performance Marketing und entwickelst Dich gleichzeitig Schritt für Schritt in eine Team Lead Rolle. Gemeinsam mit uns baust Du Marketing als echten Wachstumstreiber weiter aus: datengetrieben, sales-nah und mit echtem Impact auf unseren Unternehmenserfolg. Deine Rolle Du verantwortest unser",1970-01-01,https://www.arbeitnow.com/jobs/companies/eventinc-gmbh/senior-performance-marketing-manager-mit-perspektive-team-lead-hamburg-103912,arbeitnow,2026-05-05T11:49:53.155813+00:00
1acce8a7a9cb6ce57aa4648c3885c246,Marketing Content Creator (M/W/D) - Teilzeit,HappyBartGmbH,Berlin,,CDI,,,Social Media Manager,"Über HappyBart Die HappyBart GmbH ist ein führendes Unternehmen im Bereich Innenausbau und Sanierung von Wohnimmobilien in Berlin und Brandenburg. Mit einem klar strukturierten und effizienten Ansatz ermöglichen wir eine schnelle Bewertung und präzise Preisfindung für Renovierungsprojekte sowie eine zügige Umsetzung. Unser Fokus liegt auf hoher Flexibilität, erstklassiger handwerklicher Qualität und einer reibungslosen Projektabwicklung. Wir betreuen sowohl internation",1970-01-01,https://www.arbeitnow.com/jobs/companies/happybartgmbh/marketing-content-creator-teilzeit-berlin-26415,arbeitnow,2026-05-05T11:49:53.155813+00:00
7fb8d1d20c8c67e355e35447fa957eeb,Hse-Koordinator / Sigeko (M/W/D) Tiefbau / Infrastrukturprojekte,INP Deutschland GmbH,Weiden In Der Oberpfalz,,CDI,,,Engineering,Die Position beinhaltet die eigenverantwortliche sicherheitstechnische Koordination und Überwachung anspruchsvoller Tiefbauprojekte mit mehreren beteiligten Gewerken unter Berücksichtigung aller relevanten gesetzlichen Vorgaben und technischen Regelwerke. Eine Besetzung auf freiberuflicher Basis ist ebenfalls möglich. Aufgaben Sicherstellung und fortlaufende Überwachung der Einhaltung von Sicherheits- und Gesundheitsschutzanforderungen gemäß Baustellenverordnung (Baustel,1970-01-01,https://www.arbeitnow.com/jobs/companies/inp-deutschland-gmbh/hse-koordinator-sigeko-tiefbau-infrastrukturprojekte-weiden-in-der-oberpfalz-181802,arbeitnow,2026-05-05T11:49:53.155813+00:00
e046f89b1e4c3fff79ec24697a852033,Finanz- Und Lohnbuchhalter (M/W/D),Jürgen Anton,Wachenheim,,CDI,,,Finance,"Echtes Team. Echte Chancen. Wir stellen uns vor. Als Kanzlei, die auf Steuerberatung und Wirtschaftsprüfung spezialisiert ist, kennen wir uns mit Zahlen aus. Aber diese sind nicht der Mittelpunkt unseres Denkens und Handelns, sondern die Menschen dahinter – sowohl im Team als auch bei unseren Mandanten. Was uns dabei ausmacht, ist ein Umfeld, in dem Vertrauen zählt, Wertschätzung selbstverständlich ist und jeder die Möglichkeit bekommt, sich fachli",1970-01-01,https://www.arbeitnow.com/jobs/companies/jurgen-anton/finanz-und-lohnbuchhalter-wachenheim-255164,arbeitnow,2026-05-05T11:49:53.155813+00:00
323c84ab415e84ed54b0bfd2ca852f66,(Senior) Revenue Enablement Manager (Gtm) (M/W/D),Recare Deutschland GmbH,Berlin,,CDI,,,"Healthcare, bachelor's degree","Über RecareAls eines der führenden deutschen HealthTech-Unternehmen gestalten wir das Entlassmanagement neu – technologiegetrieben, patientenzentriert und frei von Bürokratie. Neben unserer marktführenden SaaS-Plattform entwickeln wir KI-Lösungen, die Prozesse in Kliniken und bei Nachversorgern radikal vereinfachen, Fachkräfte entlasten und den Fokus zurück auf die Patientinnen und Patienten legen. Bereit",1970-01-01,https://www.arbeitnow.com/jobs/companies/recare-deutschland-gmbh/senior-revenue-enablement-manager-gtm-berlin-185232,arbeitnow,2026-05-05T11:49:53.155813+00:00
09c219fa03d28c25f14ff0e0f0d11273,Lead Blockchain Engineer,CEF AI,Berlin,,CDI,,,Engineering,"We are hiring a Lead Blockchain Engineer to work on the core protocol powering CEF’s decentralized AI and data infrastructure. This is not a maintenance role. This is not a “build a token and ship it” role. This is a core infrastructure engineering role for someone who wants to design and evolve blockchain systems that operate in production. CEF is building a decentralized AI and data infrastructure platform, with Cere Network forming the core Web3 data and blockch",1970-01-01,https://www.arbeitnow.com/jobs/companies/cef-ai/lead-blockchain-engineer-berlin-36113,arbeitnow,2026-05-05T11:49:53.155813+00:00
66c815a3564989ae3120644194f24971,Assistenz Der Leiter Forderungsmanagement / Perspektive: Führungskraft,EWD Service GmbH,Cologne,,CDI,,,"Management, Team Leader","Die EWD Service GmbH erbringt professionelle Dienstleistungen im Forderungsmanagement – vom Mahnservice bis zum Inkasso. Mit rund 30 Mitarbeitenden unterstützen wir vorwiegend die EWD Inkasso GmbH, ein mittelgroßes Inkassounternehmen mit Schwerpunkt auf Forderungen aus der Energiewirtschaft. Unser Selbstverständnis: lösungsorientierte Beratung der Gläubiger- und Schuldnerseite – mit dem Ziel, einen fairen, einvernehmlichen Interessenausgleich herbeizuführen. Aufgaben Wi",1970-01-01,https://www.arbeitnow.com/jobs/companies/ewd-service-gmbh/assistenz-der-leiter-forderungsmanagement-perspektive-fuhrungskraft-cologne-171016,arbeitnow,2026-05-05T11:49:53.155813+00:00
13c1ab3e8a5b01e15a8c51d358b68d91,It-Administrator (M/W/D),Personalica GmbH,Hamburg,,CDI,,,System and Network Administration,"IT-Infrastruktur mit Fokus auf Stabilität, Sicherheit und Weiterentwicklung. Für ein etabliertes Unternehmen suchen wir aktuell Verstärkung im Bereich IT-Systemadministration. In dieser Rolle bist du verantwortlich für den Betrieb und die Weiterentwicklung der IT-Infrastruktur – von klassischen On-Premise-Systemen bis hin zur schrittweisen Migration in die Cloud. Du arbeitest nah an den Systemen, unterstützt Anwender im Alltag und gestalt",1970-01-01,https://www.arbeitnow.com/jobs/companies/personalica-gmbh/it-administrator-hamburg-485438,arbeitnow,2026-05-05T11:49:53.155813+00:00
69faa836b92be5ac21ba099465d4bee1,Werkstudent:In (M/W/D) Telesales,GONDER Group,Frankfurt Am Main,,CDI,,,"Training, Development","Kurz und Knapp: Wir suchen ab sofort eine:n Werkstudent:in (m/w/d) bis 20h/ Woche, welche:r uns tatkräftig unterstützt. Wir bieten flexible Arbeitszeiten und eine gute Bezahlung in einem wachsenden, digital affinen Familienunternehmen im Facility Management. Willkommen bei der GONDER Group Die GONDER Group ist ein führendes Familienunternehmen mit Sitz in Frankfurt am Main, das seit 100 Jahren im Bereich des infrastrukturellem Gebäudemana",1970-01-01,https://www.arbeitnow.com/jobs/companies/gonder-group/werkstudentin-telesales-frankfurt-am-main-210177,arbeitnow,2026-05-05T11:49:53.155813+00:00
a6477a0981633d32955e7ea6173bfc2d,"Social Media & Creator Marketing Manager, M/W/D",Neolymp,Berlin,,REMOTE,,,"Remote, Marketing and Communication","Als Social Media &#x26; Creator Marketing Manager bist du verantwortlich für unseren organischen Social-Media-Auftritt und den Aufbau unseres Creator- und UGC-Contents. Du entwickelst Content-Ideen, planst Beiträge, koordinierst Creator, schreibst Briefings und Skripte und sorgst dafür, dass aus unseren Produkten starke Inhalte entstehen, die sowohl organisch als auch für Performance Marketing genutzt werden können. Dabei arbeitest du eng mit unserem Marketing-, Grafik- und Perf",1970-01-01,https://www.arbeitnow.com/jobs/companies/neolymp/social-media-creator-marketing-manager-berlin-177763,arbeitnow,2026-05-05T11:49:53.155813+00:00
2310eda8cf6c1b87c26ce1509ae57221,Werkstudent(In) Influencer Marketing Manager,paselo GmbH,Münster,,REMOTE,,,"Remote, Social Media Manager","paselo ist eine der am schnellsten wachsenden D2C-Marken für Hunde-Ergänzungsfuttermittel im DACH-Raum. Wir entwickeln wissenschaftlich fundierte Produkte, die Hunden helfen — länger, aktiver und glücklicher zu leben. Hinter paselo steckt ein kleines, hochmotiviertes Team mit einer klaren Mission: das Beste für den Hund, unterstützt durch echte Wissenschaft und echte Community. Wir suchen eine Person, die unsere Community nicht nur verwaltet, sondern aktiv mitg",1970-01-01,https://www.arbeitnow.com/jobs/companies/paselo-gmbh/werkstudentin-influencer-marketing-manager-munster-257091,arbeitnow,2026-05-05T11:49:53.155813+00:00
e1ba7631a64e20cecb61af7f81ba8354,"Senior Full-Stack-Entwickler:In React / Typescript / .Net  100 % Remote, Ki-First",yourMAIL GmbH,Berlin,,REMOTE,,,"Remote, Software Development","Softwarelösung im Microsoft-/Cloud-Umfeld. Unsere Zusammenarbeit findet vollständig im Home Office statt, mit kurzen Abstimmungswegen, hoher Eigenverantwortung und einer stark KI-gestützten Arbeitsweise. Für unser Entwicklungsteam suchen wir eine erfahrene Full-Stack-Entwicklerin oder einen erfahrenen Full-Stack-Entwickler mit Schwerpunkt auf React, TypeScript, .NET und Cloud-nativer Entwicklung. Die Rolle eignet sich besonders für Menschen, die Features ganzheitlich denken und gerne v",1970-01-01,https://www.arbeitnow.com/jobs/companies/yourmail-gmbh/senior-full-stack-entwicklerin-react-typescript-net-100-remote-ki-first-berlin-21152,arbeitnow,2026-05-05T11:49:53.155813+00:00
5b3691f3f5c2d440cd7c32fa27ac5a9f,"Senior Frontend-Entwickler:In React / Typescript, 100 % Remote, Ki-First",yourMAIL GmbH,Berlin,,REMOTE,,,"Remote, Software Development","Wir sind ein modernes Remote-First- und KI-First-Softwareunternehmen und entwickeln eine spezialisierte Softwarelösung im Microsoft-/Cloud-Umfeld. Unsere Zusammenarbeit findet vollständig im Home Office statt, mit kurzen Abstimmungswegen, hoher Eigenverantwortung und einer stark KI-gestützten Arbeitsweise. Für unser Entwicklungsteam suchen wir eine erfahrene Frontend-Entwicklerin oder einen erfahrenen Frontend-Entwickler mit starkem Schwerpunkt auf React und TypeScript. Die Rolle eigne",1970-01-01,https://www.arbeitnow.com/jobs/companies/yourmail-gmbh/senior-frontend-entwicklerin-react-typescript-100-remote-ki-first-berlin-288218,arbeitnow,2026-05-05T11:49:53.155813+00:00
93b193ee3f006409ba7b32115c7d8f4d,It-Systemadministrator (M/W/D),PUR VITAL Altenhilfe GmbH,Stephanskirchen,,CDI,,,System and Network Administration,"Freude geben – Glück erleben Arbeiten bei PUR VITAL Als familiengeführtes Unternehmen mit über 850 Mitarbeitenden gestalten wir seit vielen Jahren moderne Pflege- und Betreuungsangebote in der Region. Unsere IT ist zentral organisiert, mit eigener Terminalserver-Umgebung und klar strukturierten Prozessen. Für die operative Betreuung vor Ort suchen wir eine zuverlässige Persönlichkeit, die unsere Mitarbeitenden im Alltag unterstützt und IT-Themen",1970-01-01,https://www.arbeitnow.com/jobs/companies/pur-vital-altenhilfe-gmbh/it-systemadministrator-stephanskirchen-485043,arbeitnow,2026-05-05T11:49:53.155813+00:00
2f43a6804c9f561e82cbb2aecf5d5f2c,Ausbildung: Kaufmann/-Frau Für It-System-Management (M/W/D),Klett VerlagsService GmbH,Stuttgart,,CDI,,,IT,"Die Klett VerlagsService GmbH ist Teil der Klett Gruppe, einem führenden Bildungsunternehmen in Europa. Als Full-Service Dienstleister für Logistik, Vertrieb, Kundenservice und Abrechnung sind wir ein starker Partner der Klett Verlage und weiterer Verlage der deutschen Medienbranche. FACTS ZU DEINER AUSBILDUNG: Dauer: 3 Jahre Berufsschule: it schule Stuttgart Ort: Duale Ausbildung, 1–2 Be",1970-01-01,https://www.arbeitnow.com/jobs/companies/klett-verlagsservice-gmbh/ausbildung-kaufmann-frau-fur-it-system-management-stuttgart-187526,arbeitnow,2026-05-05T11:49:53.155813+00:00
0da885b0e5a20fee79595be693a60b0c,Solution Architect/ Presales-Consultant (W/M/D),AVENDIS GmbH,Mannheim,,REMOTE,,,"Remote, IT","Wir, die AVENDIS, sind gerade auf der Suche nach Verstärkung für unser PreSales Team durch einen Solution Architect/PreSales-Consultant (w/m/d). Aufgaben Lösungsorientierte Beratung unserer Kunden Analyse von IST-Situationen Erarbeitung und Erstellung von Konzepten Begleitung von öffentlichen Ausschreibungen Entwicklung von Migrationsstrategien Präsentation der erstellten Konzepte und Strategien Proje",1970-01-01,https://www.arbeitnow.com/jobs/companies/avendis-gmbh/solution-architect-presales-consultant-mannheim-437994,arbeitnow,2026-05-05T11:49:53.155813+00:00
78269bf579851d374be40db52b89a3a3,Duales Studium: Wirtschaftsinformatik-Application Management (M/W/D),Klett VerlagsService GmbH,Stuttgart,,CDI,,,IT,"Die Klett VerlagsService GmbH ist Teil der Klett Gruppe, einem führenden Bildungsunternehmen in Europa. Als Full-Service Dienstleister für Logistik, Vertrieb, Kundenservice und Abrechnung sind wir ein starker Partner der Klett Verlage und weiterer Verlage der deutschen Medienbranche. FACTS ZU DEINEM DUALEN STUDIUM: Dauer: 3 Jahre (6 Semester), 01.09.2026 – 30.09.2029 Deine Hochschule: Duale Hochschule Baden-Württe",1970-01-01,https://www.arbeitnow.com/jobs/companies/klett-verlagsservice-gmbh/duales-studium-wirtschaftsinformatik-application-management-stuttgart-13159,arbeitnow,2026-05-05T11:49:53.155813+00:00
529b65786d82945fd451af37ee77b59b,Werkstudent / Praktikant (M/W/D) Finance & Controlling,Nexis GmbH,Regensburg,,CDI,,,Controlling,"Aufgaben Mitwirkung bei der Erstellung und Aufbereitung der Monats- und Jahresabschlüsse von 3 Gesellschaften Projektarbeiten zur Optimierung und Automatisierung der Prozesse in unserer Finanzabteilung, sowie zur Sicherstellung unserer Datenqualität Unterstützung bei der Erstellung von Analysen und Dashboards (Kosten, Cashflow, Umsatz, etc.) für die bestehenden Unternehmen und bei Unternehmenstransaktionen Mitwirkung bei der Erstellung von Reportings",1970-01-01,https://www.arbeitnow.com/jobs/companies/nexis-gmbh/werkstudent-praktikant-finance-controlling-regensburg-86565,arbeitnow,2026-05-05T11:49:53.155813+00:00
3aea24b4e01639ccb654b2f82267fd04,Assistenz (M/W/Div.) Personalwesen,Elbphilharmonie und Laeiszhalle Betriebsgesellschaft mbH,Hamburg,,CDI,,,HR,Die Elbphilharmonie und Laeiszhalle Betriebsgesellschaft mbH sucht zum nächstmöglichen Zeitpunkt eine Assistenz (m/w/div.) Personalwesen in Teilzeit (25 Wochenstunden auf 5 Tage verteilt). Als Assistenz Personalwesen unterstützt du das Team der Personalabteilung bei der Erledigung ihrer vielfältigen Aufgaben. Aufgaben Zu deinem Verantwortungsbereich gehört unter anderem: die Verwaltung der Bewerbungsverfah,1970-01-01,https://www.arbeitnow.com/jobs/companies/elbphilharmonie-und-laeiszhalle-betriebsgesellschaft-mbh/assistenz-iv-personalwesen-hamburg-52199,arbeitnow,2026-05-05T11:49:53.155813+00:00
570d4d6a8b3959c67af423ccdc49cb70,Ai & Data Engineer,Agentur Philipp GmbH,Dingolfing,,CDI,,,IT,"Die AGENTUR PHILIPP GmbH ist eine mehrfach ausgezeichnete Digital-, AI- und Design-Agentur. Wir entwickeln innovative KI-gestützte Lösungen für große Unternehmen, den Mittelstand und Startups. Unser Fokus liegt auf modernsten Technologien wie Large Language Models, Chatbots, Voicebots, Computer Vision und humanoiden Robotern. Aufgaben Entwicklung und Integration von LLM-basierten Systemen — von der Datenpipeline bis zum produktiven Einsa",1970-01-01,https://www.arbeitnow.com/jobs/companies/agentur-philipp-gmbh/ai-data-engineer-dingolfing-447377,arbeitnow,2026-05-05T11:49:53.155813+00:00
2ce8630cf7d2418b5ef803171c6ce4b7,It-Systemadministrator (M/W/D),Dataciders GmbH,Berlin,,CDI,,,System and Network Administration,"Dataciders GmbH, ein führender Dienstleister in der DACH-Region im Bereich IT-Dienstleistungen und IT-Beratung, sucht einen engagierten IT-Systemadministrator (m/w/d), um unser Team zu verstärken. Mit einem Mitarbeiterstamm von fast 1000 Personen bieten wir eine dynamische Arbeitsumgebung, in der Innovation und Fachwissen im Mittelpunkt stehen. In Deiner Rolle wirst Du eine Schlüsselposition bei der Verwaltung und Optimierung unserer IT-Infrastruktur einnehmen, um unsere Vision zu unte",1970-01-01,https://www.arbeitnow.com/jobs/companies/dataciders-gmbh/it-systemadministrator-berlin-344250,arbeitnow,2026-05-05T11:49:53.155813+00:00
fc1488e9d3cad048527c6cf28061f129,"Performance Marketing Manager*In (Seo, Sea & Social)",Tom Phillip Zenker Digital Marketing Agentur GmbH,Jakobsdorf,,REMOTE,,,"Remote, Marketing Manager","Wir suchen zum nächstmöglichen Zeitpunkt Unterstützung für unser Google- und Social-Media-Team. Als Digital Marketing Agentur steigern wir die Sichtbarkeit unserer Kund*innen und übernehmen nicht nur die Beratung, sondern den gesamten Produktionsprozess - von der Strategie bis zur Umsetzung. Dabei setzen wir bewusst auf langfristige Kundenbeziehungen und feste Teams, um planbar und ohne marktüblichen Stress arbeiten zu können. Durch digitale Zeiterfassung und tr",1970-01-01,https://www.arbeitnow.com/jobs/companies/tom-phillip-zenker-digital-marketing-agentur-gmbh/performance-marketing-managerin-seo-sea-social-jakobsdorf-327856,arbeitnow,2026-05-05T11:49:53.155813+00:00
4c691cd6bee75e35301c98f35a823400,Mitarbeiter (M/W/D) Lohn- Und Personalabteilung | Teilzeit,gourmetta Radebeul,Radebeul,,CDI,,,Recruitment and Selection,"Bist du bereit für eine neue Herausforderung? Gourmetta Radebeul ist ein dynamisches und erfolgreiches Unternehmen in der Systemgastronomie-Branche mit rund 400 Mitarbeitenden. Wir betreiben Betriebsrestaurants, Schulen &#x26; Kindergärten und liefern Menüs an Unternehmen und Senioren. Zur Verstärkung unserer Personal- und Lohnbuchhaltungsabteilung suchen wir ab sofort einen engagierten Mitarbeiter oder eine engagierte Mitarbeiterin (m/w/d) in Teilzeit (25h/Woche). Aufga",1970-01-01,https://www.arbeitnow.com/jobs/companies/gourmetta-radebeul/mitarbeiter-lohn-und-personalabteilung-teilzeit-radebeul-245678,arbeitnow,2026-05-05T11:49:53.155813+00:00
8a45c9c5f27c8a9e4df7392dc652d8d9,Teamleiter Softwareentwickler (All Genders) - Home Office 100 %,fino taxtech GmbH,Kassel,,REMOTE,,,"Remote, Software Development","fino taxtech ist ein innovatives Unternehmen an der Schnittstelle von Finanzen, Steuern und Technologie. Als Teil der fino-Gruppe entwickeln wir digitale Lösungen, die steuerliche und finanzielle Prozesse für Unternehmen, Steuerberater und Finanzinstitute deutlich vereinfachen und effizienter gestalten. Ein besonderer Fokus liegt dabei auf der nahtlosen Integration in bestehende Systeme insbesondere rund um DATEV. Durch unsere Nähe zum DATEV-Ökosystem ermöglichen wir unseren Partnern e",1970-01-01,https://www.arbeitnow.com/jobs/companies/fino-taxtech-gmbh/teamleiter-softwareentwickler-all-genders-home-office-100-kassel-110835,arbeitnow,2026-05-05T11:49:53.155813+00:00
45ab7772f874d8d2015e4cf0ddc31403,Projektleiter Softwareentwicklung (All Genders) - Home Office 100 %,fino data services GmbH,Kassel,,REMOTE,,,"Remote, Project Management","Die fino data services GmbH entwickelt datengetriebene Softwarelösungen im Finanzumfeld. Zur Verstärkung unseres Teams suchen wir einen Technischen Projektmanager (m/w/d), der Projekte an der Schnittstelle zwischen Entwicklung, Produkt und Fachbereich koordiniert und aktiv begleitet. Aufgaben Projektverantwortung: End-to-End-Verantwortung für Softwareprojekte – von der Anforderung bis zum Go-Live, mit Fokus auf Umsetzung und Ergebnis Anforderun",1970-01-01,https://www.arbeitnow.com/jobs/companies/fino-data-services-gmbh/projektleiter-softwareentwicklung-all-genders-home-office-100-kassel-240822,arbeitnow,2026-05-05T11:49:53.155813+00:00
a42f2c4822ddfab87f8b0ee893a75992,Leitende Medizinische Fachangestellte (Mfa) (M/W/D),Dr.Baum & Kollegen,Kassel,,CDI,,,HR,"Struktur. Verantwortung. Qualität. Du arbeitest präzise, denkst in klaren Abläufen und übernimmst gerne Verantwortung? Dann bieten wir dir die Möglichkeit, nicht nur Teil unseres Teams zu sein – sondern eine zentrale Rolle in dessen Organisation und Führung zu übernehmen. Für unsere moderne, privatärztliche Hautarztpraxis in Kassel suchen wir eine leitende MFA (m/w/d), die den Praxisalltag aktiv steuert, Standards sichert und gleichzeitig",1970-01-01,https://www.arbeitnow.com/jobs/companies/drbaum-kollegen/leitende-medizinische-fachangestellte-mfa-kassel-227929,arbeitnow,2026-05-05T11:49:53.155813+00:00
9e75b112beeb7098a0f4dcaa717c7559,Agile It-Projektmanager (M/W/D),inno2grid GmbH,Berlin,,CDI,,,Project Management,"Der Bereich Digital Consulting treibt die digitale Transformation des öffentlichen Sektors, von Unternehmen und Standorten voran. Im Fokus steht die Umsetzung digitaler Lösungen zur Vernetzung von Prozessen, Systemen und Akteuren in den Bereichen Energie und Mobilität. Ziel ist es, Effizienz, Transparenz und Steuerungsfähigkeit zu erhöhen sowie belastbare Entscheidungsgrundlagen für Auftraggeber und Betreiber bereitzustellen. Durch digitale Infrastrukturen und datenbas",1970-01-01,https://www.arbeitnow.com/jobs/companies/inno2grid-gmbh/agile-it-projektmanager-berlin-75358,arbeitnow,2026-05-05T11:49:53.155813+00:00
ca8b467fc033beb63e01270abbe6df40,"Redaktion & Content Sparring (M/W/D) - Minijob, Remote",Kiwimo-Product GmbH,Cologne,,REMOTE,,,"Remote, Social Media Manager","Unsere Marke WhyWords arbeitet an der Schnittstelle von Positionierung, Inhalt und Wirkung – mit klarem Fokus auf LinkedIn. Unsere Kund:innen sind keine anonymen Marken, sondern Persönlichkeiten mit klarer Haltung und Expertise. Für die laufende Betreuung suchen wir keine klassische Redakteur:in, sondern jemanden, der oder die im direkten Austausch mit Menschen arbeitet und Inhalte im Gespräch entwickelt. Die Rolle ist nah an den Kund:innen, dialogorientiert und inhaltlich anspr",1970-01-01,https://www.arbeitnow.com/jobs/companies/kiwimo-product-gmbh/redaktion-content-sparring-minijob-remote-cologne-338855,arbeitnow,2026-05-05T11:49:53.155813+00:00
b7ebce82b56ddd062e50082a9b016b33,"Leitung M/W/D In Der D´Orphée Kulturgastronomie In Der Deutschen Oper Am Rhein, Düsseldorf","Ambrosia fine food, drinks & coffee GmbH & Co. KG",Düsseldorf,,CDI,,,HR,"Über uns: Unsere D`Orphée Kulturgastronomie GmbH betreibt ab August 2025 die Bewirtung der Mitarbeiter*innen, sowie der Gäste in der deutschen Oper am Rhein. Neben der Pausenbewirtung und den Veranstaltungen der Oper Düsseldorf, freuen wir uns nun auch für das kulinarische Wohl der Mitarbeiter*innen der Oper zu sorgen. Wie in all unseren gastronomischen Betrieben arbeiten wir auch in der Kantine mit frischen Produkten und verarbeiten größtenteils saisonale Ware von regionalen Erzeugern",1970-01-01,https://www.arbeitnow.com/jobs/companies/ambrosia-fine-food-drinks-coffee-gmbh-co-kg/leitung-in-der-dorphee-kulturgastronomie-in-der-deutschen-oper-am-rhein-dusseldorf-252307,arbeitnow,2026-05-05T11:49:53.155813+00:00
beac80ddd687d5682511042616b6af0e,Senior Devops Engineer (All Genders),Distribusion Technologies,Berlin,,CDI,,,"Information technology, bachelor's degree","Distribusion is the world’s leading ground transportation marketplace and gives travellers seamless access to ground transportation online, from search to ticket purchase. We have built a cutting-edge B2B technology platform that connects bus, rail, and ferry operators in 70+ countries with the biggest online retailers, including Google Maps and Booking.com.We are shaping the future of travel and building the largest global network of transport providers",1970-01-01,https://www.arbeitnow.com/jobs/companies/distribusion-technologies/senior-devops-engineer-all-genders-berlin-482081,arbeitnow,2026-05-05T11:49:53.155813+00:00
9cb51f4685266e0e712e1962b56ea598,It-Systemadministrator (M/W/D),IngenieurNetzwerk Energie eG,Bad Iburg,,CDI,,,"Information technology, vocational","Das sind wirEnergie neu gedacht – Die iNeG ist ein unabhängiges Ingenieurbüro und erbringt Leistungen in den Bereichen Energiemanagement und Beratung, Erneuerbare Energien, Quartiersversorgung sowie Technische Gebäudeausrüstung. Mit rund 70 Mitarbeiter:innen begleiten wir unsere Kunden von der Projektentwicklung über die Planung bis hin zur Umsetzung von Bau-, Sanierungs- und Optimierungsmaßnahmen. Wir übernehmen dabei sämtliche Planungsleistungen gemäß HOAI und stehen",1970-01-01,https://www.arbeitnow.com/jobs/companies/ingenieurnetzwerk-energie-eg/it-systemadministrator-bad-iburg-11403,arbeitnow,2026-05-05T11:49:53.155813+00:00
d4182119d83b2edab2346644c922c512,Testkäufer / Mystery Shopper (M/W/D) In Österreich Gesucht,ComeUnited GmbH,Burscheid,,CDI,,,"Market Research, Analysis","concertare ist ein Beratungs- und Dienstleistungsunternehmen, spezialisiert auf das Thema Kundenbeziehungsmanagement. Es gibt uns seit über 20 Jahren. Unsere Auftraggeber unterstützen wir mit Lösungen, mit denen diese ihren Kundenservice verbessern. Aufgaben Für die Durchführung aktueller Projekte im Handel suchen wir engagierte, freiberufliche Mitarbeiter/innen zur gelegentlichen oder regelmäßigen Durchführung von Testberatungen, Testanrufen oder Testkäufen. Qualifika",1970-01-01,https://www.arbeitnow.com/jobs/companies/comeunited-gmbh/testkaufer-mystery-shopper-in-osterreich-gesucht-burscheid-179884,arbeitnow,2026-05-05T11:49:53.155813+00:00
18e89f8063dd75f0964749546892cd51,Leitung M/W/D & Barchef/Barchefin,"Ambrosia fine food, drinks & coffee GmbH & Co. KG",Köln,,CDI,,,HR,"🎭 NEUERÖFFNUNG 2026! 🎶 Oper &#x26; Schauspiel Köln am Offenbachplatz Auch wir die Gastronomie der Oper &#x26; des Schauspiel Köln starten im September 2026 neu durch – und DU kannst von Anfang an dabei sein! Aufgaben Ihre Aufgaben: Freude am Gastgebersein Führen, Motivieren und Mitarbeiten in einem dynamischen Team Organisation, Koordination und Kontrolle des reibungslosen Serviceab",1970-01-01,https://www.arbeitnow.com/jobs/companies/ambrosia-fine-food-drinks-coffee-gmbh-co-kg/leitung-barchef-barchefin-koln-29842,arbeitnow,2026-05-05T11:49:53.155813+00:00
e30d4324389552889645d69b279415a5,(Junior) Marketing Manager (M/W/D),Santos Grills GmbH,Cologne,,CDI,,,Marketing and Communication,"SANTOS sucht Verstärkung! Totale BBQ-Leidenschaft und purer Spaß am Genießen: Dafür steht die SANTOS Grills GmbH schon seit 2005, seit 2021 auch als Teil der globalen ZWILLING-Familie. Wir sind absolut grillverrückt und brennen für innovative Trends genauso wie für altbewährte Features. Erstklassige Qualität, faire Preise und ein Top-Kundenservice machen SANTOS Grills online und offline zu einen der führenden Grillfachhändler Deutschlands. Und wir haben weiterhin große Pläne! Dafür s",1970-01-01,https://www.arbeitnow.com/jobs/companies/santos-grills-gmbh/junior-marketing-manager-cologne-443907,arbeitnow,2026-05-05T11:49:53.155813+00:00
a374a7dbc6d695d83ed1b54fc6ccf875,"Steuerberater (M/W/D) In Stuttgart, Auf Wunsch Mit Partnerperspektive, Gesucht - Mindestens 90.000€",Taxtalente.de,Stuttgart,,CDI,,,"Directors, Chief Executives","TaxTalente ist die Nr. 1 Job-Matching Plattform für Jobsuchende in der Steuerberatung. Sie suchen eine positive berufliche Veränderung? Sie möchten den nächsten Schritt in Ihrer Karriere gehen und streben möglicherweise sogar eine Partnerschaft in einer zukunftsorientierten Kanzlei an? Sie möchten endlich wieder in einem positiven Arbeitsumfeld arbeiten, in dem Sie finanziell und persönlich wertgeschätzt werden? Sie suchen nach Tätigkeiten, die Sie auch wirklich weiterbringen? S",1970-01-01,https://www.arbeitnow.com/jobs/companies/taxtalentede/steuerberater-in-stuttgart-auf-wunsch-mit-partnerperspektive-gesucht-mindestens-90000eur-104577,arbeitnow,2026-05-05T11:49:53.155813+00:00
97127e683e06d3ce57bfd6969134d40e,Praktikum Vereinspartnerschaften & B2B Sales – Teamwear Startup (M/W/D),Prematch,Cologne,,CDI,,,Business Development,"Hej! Schön dass du hier bist Als die Super-Plattform für den nicht-professionellen Fußball in Europa bringen wir Profi-Erlebnisse – von Nachrichten über Daten bis hin zu Gamification – direkt zu einer Community von über 190 Millionen Fußballern und Fans. Wir sind Prematch, 2021 in Köln gegründet, ein dynamisches Startup mit smarten und „hungrigen“ Teammitgliedern. Unser Marketing- und Business-Team sitzt in Köln, Berlin &#x26; London, unser Tech- &#x26; Product-Team arbeitet r",1970-01-01,https://www.arbeitnow.com/jobs/companies/prematch/praktikum-vereinspartnerschaften-b2b-sales-teamwear-startup-cologne-459630,arbeitnow,2026-05-05T11:49:53.155813+00:00
f311ad68ee371272f6a78b1a0e0fce6c,It-Service Manager,Merkl IT GmbH,Munich,,CDI,,,Applications Administration,"Wir suchen einen IT-Service Manager (m/w/d) ab sofort, unbefristet, Vollzeit, hybrides Arbeitsmodell. Du unterstützt unsere Kunden beim Betrieb von Applikationen und Services (hybrides Arbeitsmodell: beim Kunden in München, im Büro in München, im Home-Office) und stehst für Anwender mit Deinem Team als zentraler Ansprechpartner zur Verfügung. Zudem unterstützt Du Deine Kollegen bei der Planung von Releases, Wartungen oder Neuanforderungen. Doch bevo",1970-01-01,https://www.arbeitnow.com/jobs/companies/merkl-it-gmbh/it-service-manager-munich-63586,arbeitnow,2026-05-05T11:49:53.155813+00:00
1440d8d8b3c648b00a79cd20ccbbe38f,Senior Produkt Marketing Manager (M/W/D),HM Management Services GmbH,Magdeburg,,CDI,,,Marketing and Communication,"Mach aus Produktstrategie klare Marktwirkung. Bei uns sorgst du dafür, dass unsere Produkte verstanden, differenziert wahrgenommen und erfolgreich im Markt platziert werden. Über die HASOMED-Unternehmensgruppe Seit über 30 Jahren entwickeln wir in Magdeburg Software und digitale Lösungen für das Gesundheitswesen. Unter dem Dach der HASOMED Gruppe verbinden wir Erfahrung, technologische Innovation und ein gemeinsames Ziel: Produkte zu schaffen, die Thera",1970-01-01,https://www.arbeitnow.com/jobs/companies/hm-management-services-gmbh/senior-produkt-marketing-manager-magdeburg-335202,arbeitnow,2026-05-05T11:49:53.155813+00:00
5a209d7eeab701d941d61ab33735ad72,Projektingenieur (All Genders) - Konstruktion & Entwicklung,Schwarte Group GmbH,Emsdetten,,CDI,,,Engineering,SCHWARTE JANSKY – dieser Name steht bereits fast schon synonym für den schonenden und hygienischen Transport flüssiger Lebensmittel und anderer empfindlicher Substanzen. Als Markt- und Technologieführer mit mehr als 75 Jahren Erfahrung entwickeln wir wegweisende Lösungen für die Milchsammlung und -logistik – und das auf höchstem technischen Niveau. Ergänzt wird unser Sortiment durch unsere Produkte für den Transport von Bier und anderer sensibler Flüssigkeiten sowie für die Entsorgungslogisti,1970-01-01,https://www.arbeitnow.com/jobs/companies/schwarte-group-gmbh/projektingenieur-all-genders-konstruktion-entwicklung-emsdetten-463600,arbeitnow,2026-05-05T11:49:53.155813+00:00
448bfb44990c23af1c072fde4597a1a6,Hr-Manager In Teilzeit (M/W/D),Kaufmann & Kaufmann Steuerberater Partnerschaft mbB,Biberach,,CDI,,,HR,"Wir stellen uns dir vor. Eine Kanzlei, vielschichtige Leistungsbereiche und über 40 Teammitglieder - was wie eine klassische mittelständische Steuerberatungs- und Rechtsanwaltsgesellschaft klingen mag, ist bei genauerem Betrachten vielleicht doch etwas mehr. Wir sehen den Menschen vor den Zahlen, denken und handeln fortschrittlich und arbeiten kontinuierlich daran, uns als Kanzlei und Arbeitgeber sinnvoll weiterzuentwickeln. Wenn du aus Gründen wie fehlender Wer",1970-01-01,https://www.arbeitnow.com/jobs/companies/kaufmann-kaufmann-steuerberater-partnerschaft-mbb/hr-manager-in-teilzeit-biberach-150115,arbeitnow,2026-05-05T11:49:53.155813+00:00
fc4231c1b0532b97335f270a08fb2bde,It-Systemadministrator:In (M/W/D),Raphael Frasch GmbH,Erlangen,,CDI,,,System and Network Administration,"Bist du bereit, als IT-Systemadministrator:in (m/w/d) Teil unseres Teams bei Raphael Frasch GmbH in Erlangen zu werden? Wir sind ein engagiertes IT-Systemhaus im Herzen der Metropolregion Nürnberg-Fürth-Erlangen. Unser Team lebt Werte wie Zugehörigkeit, Kommunikation und Teamarbeit und betreut sowohl mittelständische Unternehmen als auch Großkunden wie die Universitätsklinik Erlangen. Bei uns kannst du deine Selbstständigkeit voll ausleben und mit deinem Verantwortungsbewusstsein zum E",1970-01-01,https://www.arbeitnow.com/jobs/companies/raphael-frasch-gmbh/it-systemadministratorin-erlangen-172082,arbeitnow,2026-05-05T11:49:53.155813+00:00
81f60332c0785fa613bd603cdbca72c6,Cro Manager - E-Commerce (M/W/D) In Vollzeit,Globalist GmbH,Stuttgart,,CDI,,,Marketing Manager,"🚀 Globalist ist DIE führende Performance-Marketing-Agentur für nationale und internationale digitale Marketingstrategien, made in Stuttgart! Unsere Agentur ist in Paid Search, Paid Social und Organic Search unterteilt und betreut bereits über 370 Kunden. Wir verwalten jährlich 60 Mio. € Werbebudget und kombinieren Strategie mit operativer Skalierungsexpertise. Dank direkter Google- und Meta-Schulungen setzen wir auf moderne, datengetriebene Performance-Optimierung. Zu unseren Ku",1970-01-01,https://www.arbeitnow.com/jobs/companies/globalist-gmbh/cro-manager-e-commerce-in-vollzeit-stuttgart-363026,arbeitnow,2026-05-05T11:49:53.155813+00:00
11c3fff9b4c5e8182f209e3008463743,Full-Stack Entwickler (M/W/D) - .Net 100% Remote,FNTIO,Frankfurt Am Main,,REMOTE,,,"Remote, Consulting, Engineering","FNTIO sind AI-First Systems Engineers für Enterprise. Wir arbeiten seit 2022 produktiv mit AI in echten Kundenprojekten. Siemens, Deutsche Börse, Volkswagen. Wir liefern Projekte mit Ergebnisverantwortung. Kein Body Leasing, keine PowerPoints. Unsere Engineers denken in Architekturen und Entscheidungen. AI übernimmt die Ausführung. Wer bei uns arbeitet, ist Produktmanager seines eigenen AI-Teams: mit Claude Code, Cursor und den Tools, die wirklich funktionieren. Aufgaben <",1970-01-01,https://www.arbeitnow.com/jobs/companies/fntio/full-stack-entwickler-net-100-remote-frankfurt-am-main-122380,arbeitnow,2026-05-05T11:49:53.155813+00:00
00b1cae58e56d1db17e51d7bf4d7d604,Senior Ai Systems Engineer (Aws) 100% Remote (M/W/D),FNTIO,Frankfurt Am Main,,REMOTE,,,"Remote, Consulting, Engineering","FNTIO sind AI-First Systems Engineers für Enterprise. Wir arbeiten seit 2022 produktiv mit AI in echten Kundenprojekten. Siemens, Deutsche Börse, Volkswagen. Wir liefern Projekte mit Ergebnisverantwortung. Kein Body Leasing, keine PowerPoints. Unsere Engineers denken in Architekturen und Entscheidungen. AI übernimmt die Ausführung. Wer bei uns arbeitet, ist Produktmanager seines eigenen AI-Teams: mit Claude Code, Cursor und den Tools, die wirklich funktionieren. Aufgaben <",1970-01-01,https://www.arbeitnow.com/jobs/companies/fntio/senior-ai-systems-engineer-aws-100-remote-frankfurt-am-main-153269,arbeitnow,2026-05-05T11:49:53.155813+00:00
ecfa70979f2b70da4db4fb1156de78a8,Kaufmännischer Mitarbeiter Controlling / Finance (W/M/D),WK Consult,Hamburg,,CDI,,,Controlling,"Als kaufmännischer Mitarbeiter Controlling / Finance (w/m/d) unterstützt Du unser Financeteam mit fundierten Analysen, treibst wichtige Prozesse voran und wirkst aktiv daran mit, unser Berichtswesen zukunftsfähig weiterzuentwickeln. Bei WK Consult arbeiten wir seit mehr als 80 Jahren mit Leidenschaft an anspruchsvollen Projekten im Bauingenieurwesen. Hinter jedem erfolgreichen Projekt stehen dabei nicht nur technische Lösungen, sondern auch k",1970-01-01,https://www.arbeitnow.com/jobs/companies/wk-consult/kaufmannischer-mitarbeiter-controlling-finance-hamburg-71374,arbeitnow,2026-05-05T11:49:53.155813+00:00
aa6b36ae17b4c4127ac9800992f4938e,Studentische Hilfskraft / Werkstudent (M/W/D) Talent Acquisiton & Office Assistance,CBRE Global Workplace Solutions / Data Center Solutions,Frankfurt Am Main,,CDI,,,Recruitment and Selection,"ÜBER CBRE DATA CENTER SOLUTIONS CBRE Data Center Solutions (DCS) ist Teil der CBRE-Gruppe mit über 130.000 Mitarbeiter*innen weltweit und der weltweit führende Dienstleister für vollständig integrierte Immobilien-, Anlagen- und Technologielösungen für Rechenzentrumsbetreiber auf der ganzen Welt. Als dedizierter Geschäftsbereich innerhalb CBRE widmet sich DCS der Lösung komplexer Herausforderungen in jeder Phase des Lebenszyklus von Rechenzentren. Allein in Deuts",1970-01-01,https://www.arbeitnow.com/jobs/companies/cbre-global-workplace-solutions-data-center-solutions/studentische-hilfskraft-werkstudent-talent-acquisiton-office-assistance-frankfurt-am-main-474233,arbeitnow,2026-05-05T11:49:53.155813+00:00
a79e93db0d534509b4fe9ca3c8bc89bd,Senior Amazon Marketplace Manager (M/W/D) - 100% Remote In D2C Scale-Up,Health Routine,Munich,,CDI,,,"Management, Team Leader","""Für ein erfülltes Leben, unabhängig vom Lebensalter"" Unter diesem Motto entwickeln wir bei Health Routine natürliche Gesundheitsprodukte, die Menschen helfen, sich in jedem Lebensabschnitt wohlzufühlen. Wir sind ein 35-köpfiges dynamisches Team, welches sowohl an unserem Firmenstandort in Innsbruck, als auch Remote quer durch Deutschland &#x26; Österreich verteilt arbeitet. Um unser Amazon-Geschäft auf das nächste Level zu heben, suchen wir zum",1970-01-01,https://www.arbeitnow.com/jobs/companies/health-routine/senior-amazon-marketplace-manager-100-remote-in-d2c-scale-up-munich-85784,arbeitnow,2026-05-05T11:49:53.155813+00:00
2eac4027504a607275147373feac5d7e,Retail Controller (M/W/D),Work In Progress Textilhandels GmbH,Weil Am Rhein,,CDI,,,Controlling,"Hinter der Marke Carhartt WIP steht die WIP Trading AG. Unsere Schweizer Unternehmensgruppe hat in den frühen neunziger Jahren als Lizenznehmer und europäischer Vertriebspartner des US-amerikanischen Arbeitsbekleidungsherstellers Carhartt ihren Anfang genommen. Seit dem entwickelt WIP basierend auf amerikanischen Originalen eigene Carhartt WIP Kollektionen. Carhartt Work In Progress steht für den Anspruch, sich stets weiterzuentwickeln ohne die eigenen Wurzeln aus dem Blick zu verliere",1970-01-01,https://www.arbeitnow.com/jobs/companies/work-in-progress-textilhandels-gmbh/retail-controller-weil-am-rhein-468049,arbeitnow,2026-05-05T11:49:53.155813+00:00
39cf58fb54a5674fa0526df86ce6be7e,Ausbildung Fachinformatiker/In Für Anwendungsentwicklung (M/W/D),EC Consulting,Meerbusch,,CDI,,,"SAP/ERP Consulting, Development","Wir sind ein inhabergeführtes Unternehmen mit flachen Strukturen. Seit über 25 Jahren digitalisieren wir bereits die Geschäftsprozesse unserer Kunden mit unseren Software- &#x26; Beratungslösungen. Du findest unsere Lösungen bei namhaften Unternehmen in den Branchen Industrie, Handel und Non-Profit. Aufgaben Konzeptionieren von Softwareanforderungen Anwendung von Programmierlogiken, -methoden und -sprachen",1970-01-01,https://www.arbeitnow.com/jobs/companies/ec-consulting/ausbildung-fachinformatiker-in-fur-anwendungsentwicklung-meerbusch-378352,arbeitnow,2026-05-05T11:49:53.155813+00:00
931b7c3a6860029d81143b3ccf723199,Mitarbeiter (M/W/D) Finanzbuchhaltung,FERGO Armaturen GmbH,Neuss,,CDI,,,Finance,"Die FERGO Armaturen GmbH ist ein wachsendes Unternehmen im Sektor der Regelungstechnik. Wir lagern, automatisieren und vertreiben Industriearmaturen europa- und weltweit. Zur Unterstützung der Finanzbuchhaltung suchen wir ab sofort eine zuverlässige Person im Bereich Finanzbuchhaltung in Teilzeit. Aufgaben Ihre Aufgaben Laufende Finanzbuchhaltung, insbesondere Debitoren, Kreditoren und Sachkonten Kommunikation mit dem Steuerbüro",1970-01-01,https://www.arbeitnow.com/jobs/companies/fergo-armaturen-gmbh/mitarbeiter-finanzbuchhaltung-neuss-197751,arbeitnow,2026-05-05T11:49:53.155813+00:00
fb1583e7f7cc5455e1acfe76e8b1713a,Grafik Designer (M/W/D),Santos Grills GmbH,Cologne,,CDI,,,Marketing and Communication,"SANTOS sucht Verstärkung! Totale BBQ-Leidenschaft und purer Spaß am Genießen: Dafür steht die SANTOS Grills GmbH schon seit 2005, seit 2021 auch als Teil der globalen ZWILLING-Familie. Wir sind absolut grillverrückt und brennen für innovative Trends genauso wie für altbewährte Features. Erstklassige Qualität, faire Preise und ein Top-Kundenservice machen SANTOS Grills online und offline zu dem führenden Grillfachhändler Deutschlands. Und wir haben weiterhin große Pläne! Dafür suchen",1970-01-01,https://www.arbeitnow.com/jobs/companies/santos-grills-gmbh/grafik-designer-cologne-65139,arbeitnow,2026-05-05T11:49:53.155813+00:00
1de23524be4e1cce671d0586db9eb2fd,Junior It Systemadministrator (M/W/D) - Interne It & Infrastruktur,MERENTIS GmbH,Bremen,,CDI,,,System and Network Administration,"Bei MERENTIS gestalten wir seit 30 Jahren die digitale Zukunft unserer Kunden – mit smarten Lösungen, echter Beratungskompetenz und einem Team, das Digitalisierung lebt. Als Verstärkung für unsere interne IT suchen wir zeitnah einen Junior IT-Systemadministrator in Vollzeit. Aufgaben Du unterstützt das M/Team bei der Betreuung unserer internen IT-Umgebung sowie der Mitarbeitenden und wirkst schrittweise an Infrastruktur- und Kundenproje",1970-01-01,https://www.arbeitnow.com/jobs/companies/merentis-gmbh/junior-it-systemadministrator-interne-it-infrastruktur-bremen-484657,arbeitnow,2026-05-05T11:49:53.155813+00:00
73ca7f9129a1761a7e27db1aa462d6e0,Praktikant (M/W/D) Human Resources Am Standort Leipzig,allaboutHRLaw GmbH,Leipzig,,CDI,,,HR,"allaboutHRLaw GmbH ist ein dynamisches, stark wachsendes Beratungsunternehmen, welches für Start-ups, kleine und mittelständische Unternehmen ganz oder teilweise die Personalarbeit übernimmt, als HR as a service. Wir haben bereits namhafte Start-ups auf dem Weg zum „erwachsenen“ Unternehmen begleitet und betreuen unsere Kunden über Jahre hinweg. Referenzen kannst du auf unserer Website einsehen. Wir sind ein Team von hochmotivierten bundesweit tätigen HRlern mit Fokus",1970-01-01,https://www.arbeitnow.com/jobs/companies/allabouthrlaw-gmbh/praktikant-human-resources-am-standort-leipzig-390908,arbeitnow,2026-05-05T11:49:53.155813+00:00
32c73c6a86f72fd2121888325ba543f2,Financial Controller (M/W/D),Work In Progress Textilhandels GmbH,Weil Am Rhein,,CDI,,,Controlling,"Hinter der Marke Carhartt WIP steht die WIP Trading AG. Unsere Schweizer Unternehmensgruppe hat in den frühen neunziger Jahren als Lizenznehmer und europäischer Vertriebspartner des US-amerikanischen Arbeitsbekleidungsherstellers Carhartt ihren Anfang genommen. Seit dem entwickelt WIP basierend auf amerikanischen Originalen eigene Carhartt WIP Kollektionen. Carhartt Work In Progress steht für den Anspruch, sich stets weiterzuentwickeln ohne die eigenen Wurzeln aus dem Blick zu verliere",1970-01-01,https://www.arbeitnow.com/jobs/companies/work-in-progress-textilhandels-gmbh/financial-controller-weil-am-rhein-409637,arbeitnow,2026-05-05T11:49:53.155813+00:00
8d3ee415379a3ec6f2ef997a755c9891,Kundenbetreuer (M/W/D) Für Designermöbel Showroom,"Brinkdoor Ltd., London, Zweigniederlassung Erlenbach, Schweiz",Cologne,,CDI,,,Graphic Arts and Communication Design,"Über die Rolle Du liebst hochwertige Designermöbel, den persönlichen Kundenkontakt im Showroom und hast Freude daran, aktiv zu verkaufen? Als Kundenbetreuer (m/w/d) übernimmst du eine zentrale Rolle im Vertrieb: Du berätst Kund:innen vor Ort und digital, qualifizierst Anfragen, steuerst Leads durch den Sales‑Prozess und führst sie gezielt zum Abschluss. Der Samstag ist unser stärkster Verkaufstag, dafür erhältst du unter der Woche einen festen Ausgleichst",1970-01-01,https://www.arbeitnow.com/jobs/companies/brinkdoor-ltd-london-zweigniederlassung-erlenbach-schweiz/kundenbetreuer-fur-designermobel-showroom-cologne-54469,arbeitnow,2026-05-05T11:49:53.155813+00:00
82bef5b4b0bbf1c774635f804a515761,(Senior) Sap Fi/Co Berater (M/W/D) In Ulm Gesucht! | Rubinion Ag,Jobportal,Ulm,,CDI,,,"SAP/ERP Consulting, Development","Wir bei Rubinion glauben, dass digitale Transformation mehr ist als nur Code und Prozesse: Es geht darum, echte Mehrwerte für Menschen zu schaffen. Wir begleiten unsere Kund:innen mit Leidenschaft durch komplexe IT-Landschaften und setzen dort an, wo Standardlösungen ihre Grenzen erreichen. Als Experten-Team für Finance und Controlling schlagen wir die Brücke zwischen betriebswirtschaftlichem Know-how und technologischer Innovation. Dabei begegnen wir uns auf Augenhöhe: intern wie exte",1970-01-01,https://www.arbeitnow.com/jobs/companies/jobportal/senior-sap-fi-co-berater-in-ulm-gesucht-rubinion-ag-240844,arbeitnow,2026-05-05T11:49:53.155813+00:00
bc27a14460f2f0753159adcf26e24641,Warehouse Associate - Repair Department (M/W/D) - Tumi Unna,TUMI,Unna,,CDI,,,Customer Service,"Als Teil der Samsonite Gruppe, dem weltweit größten Unternehmen für Reisegepäck mit einer über 100-jährigen Tradition, ist TUMI eine international etablierte Lifestyle-Marke im Premium Segment für Reisegepäck, Businesstaschen und Lederaccessoires, mit über 200 eigenen Geschäften sowie über 400 Partnern des exklusiven Einzelhandels, in 65 Ländern. Es ist unsere Philosophie und Mission zugleich, Produkte zu entwickeln, die die menschliche Mobilität stilvoll ergänzen. Liebe zum",1970-01-01,https://www.arbeitnow.com/jobs/companies/tumi/warehouse-associate-repair-department-tumi-unna-88438,arbeitnow,2026-05-05T11:49:53.155813+00:00
d040d858fd8fdc1509e57e55b9af0242,Ausbildung Fachinformatiker*In Anwendungsentwicklung 2026 (M/W/D),consurio AG,Frechen,,CDI,,,IT,Als ständig wachsendes Unternehmen suchen wir engagierte Mitarbeiter für unsere anspruchsvollen Projekte. Die consurio AG ist einer der führenden Versicherungsvertriebe in Deutschland. Wir versichern Menschen von A-Z mit dem passenden Tarif und einer professionellen Beratung. Zum nächstmöglichen Zeitpunkt suchen wir für unseren Standort in Frechen bei Köln eine/n Ausbildung Fachinformatiker*in Anwendungsentwicklung (m/w/d). Aufgaben <st,1970-01-01,https://www.arbeitnow.com/jobs/companies/consurio-ag/ausbildung-fachinformatikerin-anwendungsentwicklung-2026-frechen-375706,arbeitnow,2026-05-05T11:49:53.155813+00:00
374fc9ebe258e83cce9a8ce6a89d0356,Lagermitarbeiter Mit Staplerschein (M/W/D) - Tumi Services Gmbh Unna,TUMI,Unna,,CDI,,,Marketing and Communication,"Als Teil der Samsonite Gruppe, dem weltweit größten Unternehmen für Reisegepäck mit einer über 100-jährigen Tradition, ist TUMI eine international etablierte Lifestyle-Marke im Premium Segment für Reisegepäck, Businesstaschen und Lederaccessoires mit über 200 eigenen Geschäften sowie über 400 Partnern des exklusiven Einzelhandels in 65 Ländern. Unser Standort in Unna ist das europäische Distributionszentrum für TUMI. Zur Erweiterung unseres Teams suche",1970-01-01,https://www.arbeitnow.com/jobs/companies/tumi/lagermitarbeiter-mit-staplerschein-tumi-services-gmbh-unna-457521,arbeitnow,2026-05-05T11:49:53.155813+00:00
979df8f039534cb5b58641a7597ed06d,Customer Support Specialist | Medtech Saas (W/M/D),ONCARE GmbH,Munich,,CDI,,,IT,"Bei myoncare gestalten wir nicht nur Software – wir bauen ein internationales Gesundheits-Ökosystem, das Versorgung neu definiert. Unsere Plattform verbindet Patienten, Kliniken, Ärzte und Partner in einem einzigen, intelligenten System und schafft damit etwas, das es so noch nie gab: kontinuierliche, datensichere und personalisierte Betreuung rund um die Uhr. Damit unsere Software sicher, zuverlässig und wirkungsvoll im",1970-01-01,https://www.arbeitnow.com/jobs/companies/oncare-gmbh/customer-support-specialist-medtech-saas-munich-56163,arbeitnow,2026-05-05T11:49:53.155813+00:00
763a07e099bb4160594c4c431d66ec91,Projektmanager:In Social & Creator Marketing (Intermediate) (W/M/D),likeyaa GmbH,Dortmund,,CDI,,,Marketing and Communication,"Social Media ist voll von Content. Aber nur ein Teil davon bewegt wirklich etwas. Genau daran arbeiten wir jeden Tag. Mit Strategien, Creator:innen und Ideen, die nicht nur Reichweite bringen, sondern Wirkung. Und genau dafür suchen wir dich! Aufgaben Eigenverantwortliche Planung, Steuerung und Umsetzung von Social- und Creator-Marketing-Kampagnen Zentrale:r Ansprechpartner:in für Kund:innen während laufender Projekte Koordination von Crea",1970-01-01,https://www.arbeitnow.com/jobs/companies/likeyaa-gmbh/projektmanagerin-social-creator-marketing-intermediate-dortmund-437958,arbeitnow,2026-05-05T11:49:53.155813+00:00
ef7064790427e01de3dbc9ef66b7fc59,Demand Planner (All Genders),Glow25 (by Primal State Performance GmbH),Berlin,,REMOTE,,,"Remote, Business Operations","Willkommen bei Glow25! Wir sind ein dynamisches, schnell wachsendes Beauty &#x26; Pro Aging Unternehmen aus Berlin – mit einer Herzensmission: Glow-Momente schaffen. Für unsere Kund:innen, für unser Team, für alle, die sich in ihrer Haut wohlfühlen und ihre innere Schönheit strahlen lassen möchten. Für uns bedeutet Arbeit mehr als nur Produktivität – sie soll inspirieren, begeistern und Freude bringen. Und genau hier kommst du ins Spiel! Wir wachsen ra",1970-01-01,https://www.arbeitnow.com/jobs/companies/glow25-by-primal-state-performance-gmbh/demand-planner-all-genders-berlin-4777,arbeitnow,2026-05-05T11:49:53.155813+00:00
87f36a54d622bb4b3af39826cbc7069a,People Operations Specialist (All Genders),JAKALA Germany GmbH,Hamburg,,CDI,,,HR,"HR läuft für dich nicht einfach nur „mit“ - du sorgst dafür, dass es funktioniert, skaliert und besser wird? Dann lies weiter! Denn genau darum geht es bei uns: nicht nur operatives HR sauber umzusetzen, sondern Strukturen zu schaffen, die mit dem Unternehmen wachsen. Du übernimmst eine zentrale Rolle in der Weiterentwicklung unserer People Experience entlang des gesamten Employee Lifecycles, hältst das Tagesgeschäft am Laufen und denkst gleichzeitig weiter: Wie können wir Prozesse ver",1970-01-01,https://www.arbeitnow.com/jobs/companies/jakala-germany-gmbh/people-operations-specialist-all-genders-hamburg-277801,arbeitnow,2026-05-05T11:49:53.155813+00:00
ace8e50d98159802b18ba9e7a3d0dc25,Quereinsteiger Als Finanzberater (M/W/D) In Kempten,Christoph Lang,Kempten,,CDI,,,"Asset, Fonds Management","Die TELIS Finanz AG ist ein unabhängiger Finanzdienstleister mit Fokus auf ganzheitliche Beratung privater Haushalte. Wir helfen Kunden, ihre Finanzen, Vorsorge und Vermögensplanung optimal zu gestalten. Für unseren Standort in Kempten suchen wir motivierte Quereinsteiger in der Finanzberatung. Aufgaben Was erwartet Dich? - Du berätst Deine Kunden ganzheitlich rund um Finanzen, Absicherung und Vermögensaufbau. - Du analysierst individuelle Situationen",1970-01-01,https://www.arbeitnow.com/jobs/companies/christoph-lang/quereinsteiger-als-finanzberater-in-kempten-343935,arbeitnow,2026-05-05T11:49:53.155813+00:00
dda839b10a51d59ad942da64fee105e6,Abap Entwickler - Warehouse Management Und Mobile Apps (M/W/D),Flexus AG,Würzburg,,CDI,,,Software Development,"Deine Aufgaben Gemeinsam mit unseren Beratern entwickelst du maßgenaue Softwarelösungen, bei denen deine Ideen und dein Gespür für benutzerfreundliche Anwendungen gefragt sind – vom ersten Konzept bis zum Go-live. Hinter jeder Codezeile steht ein Ziel: das Leben der Anwender einfacher zu machen. Durch die Entwicklung innovativer Features, das Testing neuer Funktionen und die Optimierung bestehender Prozesse gestaltest du aktiv eine bes",1970-01-01,https://www.arbeitnow.com/jobs/companies/flexus-ag/abap-entwickler-warehouse-management-und-mobile-apps-wurzburg-403720,arbeitnow,2026-05-05T11:49:53.155813+00:00
65d9196a50493cb990280135d7c3fa7b,Quereinsteiger Als Finanzberater (M/W/D) In Kaufbeuren,Christoph Lang,Kaufbeuren,,CDI,,,"Asset, Fonds Management","Die TELIS Finanz AG ist ein unabhängiger Finanzdienstleister mit Fokus auf ganzheitliche Beratung privater Haushalte. Wir helfen Kunden, ihre Finanzen, Vorsorge und Vermögensplanung optimal zu gestalten. Für unseren Standort in Kaufbeuren suchen wir motivierte Quereinsteiger in der Finanzberatung. Aufgaben Was erwartet Dich? - Du berätst Deine Kunden ganzheitlich rund um Finanzen, Absicherung und Vermögensaufbau. - Du analysierst individuelle Situation",1970-01-01,https://www.arbeitnow.com/jobs/companies/christoph-lang/quereinsteiger-als-finanzberater-in-kaufbeuren-483924,arbeitnow,2026-05-05T11:49:53.155813+00:00
681588ec7bc84b28846601a60f8ab14e,Payroll Specialist (M/W/D),visionm GmbH,Freiburg Im Breisgau,,CDI,,,Compensation and Benefits,"Sie lieben es, wenn Zahlen stimmen und Prozesse rundlaufen? Dann sind Sie bei unserem Kunden genau richtig! Wir suchen für unseren Mandanten eine engagierte Persönlichkeit, die nicht nur die Entgeltabrechnung im Griff hat, sondern auch Lust hat, moderne HR-Prozesse weiterzuentwickeln. Unser Kunde ist auf die Entwicklung und Fertigung von Spezialprodukten ausgerichtet. Diese Produkte finden überwiegend industrielle Anwendungen, insbesondere in Bereichen, die hohe",1970-01-01,https://www.arbeitnow.com/jobs/companies/visionm-gmbh/payroll-specialist-freiburg-im-breisgau-193224,arbeitnow,2026-05-05T11:49:53.155813+00:00
4e121121f7d30c598cd46f43a9ccdab9,Office Manager (M/W/D) Teilzeit,New Flag GmbH,Munich,,CDI,,,Administration and Secretariat,"Das erwartet Dich bei uns Du hast Freude daran, ein Office nicht nur zu organisieren, sondern aktiv mitzugestalten? Du behältst den Überblick, packst gerne operativ mit an und sorgst dafür, dass sich Mitarbeitende, Gäste, Lieferanten und externe Partner bei uns willkommen fühlen? Dann komm in unser Team und unterstütze uns dabei, unser Office Management professionell, effizient und mit viel Liebe zum Detail weiterzuentwickeln. Du sitzt bei uns am Empfang und bist die ers",1970-01-01,https://www.arbeitnow.com/jobs/companies/new-flag-gmbh/office-manager-teilzeit-munich-276003,arbeitnow,2026-05-05T11:49:53.155813+00:00
716255c910bc3f8eeb5687d20c4de263,Projektmanager (M/W/D) Wegerecht Und Flächensicherung - Erneuerbare Energien,Deutscher Bauservice GmbH,Molbergen,,CDI,,,Project Management,"Du willst die Energiewende nicht nur begleiten – du willst sie aktiv gestalten? Dann bist du bei uns genau richtig. Wir entwickeln und realisieren Projekte im Bereich Windenergie, Photovoltaik, Batteriespeicher (BESS) und Stromtrassen – und treiben damit die Energiewende aktiv voran. Für unser wachsendes Team suchen wir eine erfahrene Koordinationspersönlichkeit, die unsere Flächensicherungsprozesse strukturiert und zuverlässig steuert. Bewirb Dich noch heute und komm in unser T",1970-01-01,https://www.arbeitnow.com/jobs/companies/deutscher-bauservice-gmbh/projektmanager-wegerecht-und-flachensicherung-erneuerbare-energien-molbergen-64255,arbeitnow,2026-05-05T11:49:53.155813+00:00
b360c9555c956e5ea0911b100e316ac5,Associate Controller (M/W/D),visionm GmbH,Frankfurt Am Main,,CDI,,,Controlling,Als Associate Controller (m/w/d) unterstützen Sie das Operations Controlling für die Geschäftseinheiten unseres Kunden in enger Zusammenarbeit mit der kaufmännischen Geschäftsführung und den operativen Einheiten. Aufgaben Durchführung analytischer Auswertungen des operativen Geschäfts und Erkennung von Optimierungspotenzialen Entwicklung proaktiver Handlungsempfehlungen auf Basis Ihrer Analysen Mitwirkung an der Betriebsplanung gemeinsam mit Senior Cont,1970-01-01,https://www.arbeitnow.com/jobs/companies/visionm-gmbh/associate-controller-frankfurt-am-main-468554,arbeitnow,2026-05-05T11:49:53.155813+00:00
18e99d20f5aa85c5962654dc33b92f7f,It-Systemadministrator (M/W/D) Cloud- Und Anwendersupport,NORSAN (GmbH),Berlin,,CDI,,,Applications Administration,"Velkommen om bord – Willkommen an Bord! Was erwartet Dich? Ein Team mit norwegischen Wurzeln – hochmotiviert und international – Hersteller der besten Omega-3 Produkte – eine Crew mit ganz viel Omega-3 Expertise – Das und vieles mehr sind wir, NORSAN. Unsere Mission? Wir wollen über Omega-3-Fettsäuren und deren positive Wirkungen im Körper informieren und aufklären. Gleichzeitig möchten wir die besten Omega-3 Produkte zu einer optimalen",1970-01-01,https://www.arbeitnow.com/jobs/companies/norsan-gmbh/it-systemadministrator-cloud-und-anwendersupport-berlin-39518,arbeitnow,2026-05-05T11:49:53.155813+00:00
7e7e261c836083f9b7591a120f0db331,Disponent Mit Polnischen Sprachkenntnissen (M/W/D),Thor Industriemontagen GmbH & Co.KG,Erfurt,,CDI,,,HR,"Arbeitsort: Erfurt / mobiles Arbeiten möglich Bei THOR dreht sich seit über 25 Jahren alles ums Handwerk und um die Menschen, die das am besten können. Wir entwickeln Fachkräfte und unterstützen unsere Kunden mit Montageteams, Schulungsmöglichkeiten für ihre Mitarbeiter oder Gesamtlösungen für Ihre Projekte. Für dich ist die Zusammenarbeit mit anderen Menschen ein Glückstreffer und du findest für jede Herausforderung schnell eine Lösung? Du willst Verant",1970-01-01,https://www.arbeitnow.com/jobs/companies/thor-industriemontagen-gmbh-cokg/disponent-mit-polnischen-sprachkenntnissen-erfurt-400252,arbeitnow,2026-05-05T11:49:53.155813+00:00
1b883dc3d7d5bb6ef80e9fc06ac0f2d6,Praktikant:In (M/W/D) - Hr & Recruiting Im Smart Energy Startup,GreenPocket GmbH,Cologne,,CDI,,,HR,"Du begeisterst Dich für HR, willst Verantwortung übernehmen und den HR Bereich maßgeblich mitgestalten? Du möchtest Startup-Luft schnuppern und scheust Dich nicht davor, auch mal eine Extrameile mehr zu gehen? Dann werde ein Teil von GreenPocket und starte Deine Karriere im HR! Das sind wir Als agiles, grünes Startup und Spezialist für Energiemanagement- und Visualisierungssoftware beteiligen wir uns aktiv an der Gestaltung einer nachhaltigen, klimaneutralen Zuk",1970-01-01,https://www.arbeitnow.com/jobs/companies/greenpocket-gmbh/praktikantin-hr-recruiting-im-smart-energy-startup-cologne-344383,arbeitnow,2026-05-05T11:49:53.155813+00:00
6f06b4338622bd710cbc1ac823299ff2,Business Controller (M/W/D),visionm GmbH,Frankfurt Am Main,,CDI,,,Controlling,"Sie wollen nicht nur Zahlen reporten, sondern echten Einfluss auf das operative Geschäft haben? Als Business Controller (m/w/d) sind Sie Sparringspartner für die operativen Einheiten unseres Kunden und sorgen dafür, dass aus Zahlen konkrete Entscheidungen werden. Aufgaben Übernahme des Operations Controllings unserer Geschäftseinheiten in enger Zusammenarbeit mit Geschäftsführung und Fachbereichen Analyse des operativen Geschäfts, Erkennung von Abweichungen und",1970-01-01,https://www.arbeitnow.com/jobs/companies/visionm-gmbh/business-controller-frankfurt-am-main-166897,arbeitnow,2026-05-05T11:49:53.155813+00:00
98c3c673fbda505b47e2c019c527f66c,Senior Software Engineer (M/F/D),Avento Immobilien Services GmbH,Munich,,CDI,,,Software Development,"Avento is a property management company in Munich. We manage buildings on behalf of property owners. We're building our own software platform to run our business better than legacy tools allow. We are fully vertically integrated, i.e. we don't sell this software - it's a tool to deliver a better service to our clients and operate more efficiently than competitors. Our growth strategy: Acquire traditional property management companies, migrate them onto our platform, and scale.</",1970-01-01,https://www.arbeitnow.com/jobs/companies/avento-immobilien-services-gmbh/senior-software-engineer-munich-346738,arbeitnow,2026-05-05T11:49:53.155813+00:00
5de6b49693a52007dbfc00d2fd7cccb6,Customer Success Manager:In (M/W/D) - Software Startup,hellomateo,Berlin,,CDI,,,Customer Service,"Über uns 🐨 Wir bei hellomateo bauen die nächste Generation von Marketing- und Service-Technologie für den deutschen Mittelstand. Unsere Software kombiniert KI, Automatisierung und nutzerzentriertes Design – und wächst rasant. ✨ Über die Rolle In dieser Rolle bist du die Schnittstelle zwischen Produkt und Kunde. Du begleitest neue Kund:innen beim Einstieg und hilfst bestehenden Kund:innen in Schulungen dab",1970-01-01,https://www.arbeitnow.com/jobs/companies/hellomateo/customer-success-managerin-software-startup-berlin-257896,arbeitnow,2026-05-05T11:49:53.155813+00:00
32409771dc5026e257de706c0ca81c60,It-Administrator In Greifswald Gesucht! | Bei Sinus Nachrichtentechnik,Jobportal,Greifswald,,CDI,,,IT Security,"Sinus Nachrichtentechnik ist ein führender Spezialist für sichere Kommunikationslösungen im Bereich der kritischen Infrastrukturen (KRITIS) sowie für Behörden und Organisationen mit Sicherheitsaufgaben (BOS). Seit über 30 Jahren planen, realisieren und warten wir komplexe Funk- und Leittechniksysteme. Als IT-Administrator bei uns sorgst du dafür, dass die digitalen Nervensysteme unserer Kunden und unseres eigenen Hauses reibungslos funktionieren. Werde Teil eines Teams, das Verantwortu",1970-01-01,https://www.arbeitnow.com/jobs/companies/jobportal/it-administrator-in-greifswald-gesucht-bei-sinus-nachrichtentechnik-241033,arbeitnow,2026-05-05T11:49:53.155813+00:00
1984220634eccf2b3b9b2d69f657f048,Manager Strategischer Einkauf Indirekt (M/W/D),Kloepfel Group,Hamburg,,CDI,,,Business Development,"Was kommt auf Dich zu? Entwicklung und Umsetzung von Strategien für den indirekten Einkauf (z. B. IT, Marketing, Facility Management, Dienstleistungen, Energie, Versicherungen) Analyse von Beschaffungsmärkten sowie Identifikation von Einsparpotenzialen Steuerung und Durchführung von Ausschreibungen und Vertragsverhandlungen Aufbau und Pflege langfristiger Lieferantenbeziehungen Einführung und Optimierung von Einkaufsprozessen und -tools",1970-01-01,https://www.arbeitnow.com/jobs/companies/kloepfel-group/manager-strategischer-einkauf-indirekt-hamburg-9182,arbeitnow,2026-05-05T11:49:53.155813+00:00
32c7125277ba4f46b10a333e3be3e000,Nachwuchsführungskraft / Junior Manager (M/W/D) Im Versicherungswesen,Bavaria Wirtschafts- und Informationsdienst GmbH,Buxheim,,CDI,,,"Management, Team Leader","Wir sind die Bavaria Wirtschafts- und Informationsdienst GmbH, ein unabhängiger Finanz- und Versicherungsmakler. Wir kennen uns super aus in Sachen Versicherungen, Finanzdienstleistungen, Altersvorsorge und Baufinanzierung. Und jetzt suchen wir dich als Junior Manager (m/w/d) im Versicherungswesen. Aufgaben Lern die Basics vom täglichen Business im Versicherungs- und Maklerbereich kennen. Sei aktiv dabei im Vertrie",1970-01-01,https://www.arbeitnow.com/jobs/companies/bavaria-wirtschafts-und-informationsdienst-gmbh/nachwuchsfuhrungskraft-junior-manager-im-versicherungswesen-buxheim-98776,arbeitnow,2026-05-05T11:49:53.155813+00:00
184fabd7b2fb25c1562a00188e8c31f9,Motivierter Consultant Im Kommunalen Finanzwesen Gesucht | Gotha | Bei Der Kiv Thüringen,Jobportal,Gotha,,CDI,,,"Consulting, Engineering","Die KIV Thüringen ist der zentrale IT-Dienstleister für Kommunen im Freistaat Thüringen. Wir begleiten Städte, Gemeinden und Landkreise auf ihrem Weg in die digitale Zukunft. Als Brückenbauer zwischen moderner IT und Verwaltung sorgen wir dafür, dass E-Government-Lösungen dort ankommen, wo sie gebraucht werden: Bei den Bürgerinnen und Bürgern! Werde Teil unseres Teams und gestalte den digitalen Wandel in deiner Region aktiv mit! Aufgaben Strategische Berat",1970-01-01,https://www.arbeitnow.com/jobs/companies/jobportal/motivierter-consultant-im-kommunalen-finanzwesen-gesucht-gotha-bei-der-kiv-thuringen-383685,arbeitnow,2026-05-05T11:49:53.155813+00:00
0ec22e4adda77307e098281336a61564,Senior Frontend Developer (M/W/D),Riege Software,Meerbusch,,CDI,,,Software Development,"Wir entwickeln mit Scope eine moderne, globale Softwarelösung für internationale Spediteure. Unser Ziel: eine starke, vernetzte Scope Community aufzubauen, die unsere Nutzer:innen dabei unterstützt, die komplexe Welt der Logistik effizienter, transparenter und kollaborativer zu gestalten. Zur Verstärkung unseres Teams suchen wir einen engagierten Senior Frontend Developer (m/w/d), der die Weiterentwicklung unserer Weboberfläche aktiv mitgestaltet. In dieser Ro",1970-01-01,https://www.arbeitnow.com/jobs/companies/riege-software/senior-frontend-developer-meerbusch-297338,arbeitnow,2026-05-05T11:49:53.155813+00:00
0fde7b01151fb99dfde400a1dcf2fae6,Quereinstieg Als Möbelverkäufer (M/W/D),Friedhelm Schaffrath GmbH & Co. KG,Mönchengladbach,,CDI,,,Customer Service,Du möchtest Kunden zu glücklichen Küchen- und Möbelbesitzern machen? Dann bist du bei uns genau richtig! Mit unseren Einrichtungshäusern und Küchenmärkten sind wir seit Jahrzehnten die „Nummer 1“ im Rheinland und sorgen auf mehr als 200.000 qm Ausstellungsfläche für eindrucksvolle Einkaufserlebnisse. Außerdem gehören wir mit rund 1.100 Mitarbeiterinnen und Mitarbeitern zu den größten Arbeitgebern der Region. Für deinen Start bei uns bieten wir dir ein umfassendes Training für de,1970-01-01,https://www.arbeitnow.com/jobs/companies/friedhelm-schaffrath-gmbh-co-kg/quereinstieg-als-mobelverkaufer-monchengladbach-124331,arbeitnow,2026-05-05T11:49:53.155813+00:00
7e90a855f27e547f4ced37bfc60979c9,Serviceberater*In (M/W/D),Autohaus Walter Mulfinger GmbH,Giengen,,CDI,,,Customer Service,"Für unseren Standort Giengen suchen wir für die Marke BMW zum nächstmöglichen Zeitpunkt eine*n engagierte*n SERVICEBERATER*IN (m/w/d) Aufgaben • Ansprechpartner für unsere Kunden im Servicebereich • Auftragsannahme und Koordination der durchzuführenden Reparaturen • Verkauf von Serviceleistungen • Vor- und Nachbearbeitung der Serviceleistungen Qualifikation • Kenntnisse in Kfz-Technik, bevorzugt abgeschlossene Kfz-technische Berufsau",1970-01-01,https://www.arbeitnow.com/jobs/companies/autohaus-walter-mulfinger-gmbh/serviceberaterin-giengen-217215,arbeitnow,2026-05-05T11:49:53.155813+00:00
8fb9e92767f0786c0050bc3f3c2e8c30,Serviceberater*In (M/W/D),Autohaus Walter Mulfinger GmbH,Backnang,,CDI,,,Customer Service,"Für unseren Standort Backnang suchen wir für die Marken BMW/MINI zum nächstmöglichen Zeitpunkt eine*n engagierte*n SERVICEBERATER*IN (m/w/d) Aufgaben • Ansprechpartner für unsere Kunden im Servicebereich • Auftragsannahme und Koordination der durchzuführenden Reparaturen • Verkauf von Serviceleistungen • Vor- und Nachbearbeitung der Serviceleistungen Qualifikation • Kenntnisse in Kfz-Technik, bevorzugt abgeschlossene Kfz-technische B",1970-01-01,https://www.arbeitnow.com/jobs/companies/autohaus-walter-mulfinger-gmbh/serviceberaterin-backnang-11385,arbeitnow,2026-05-05T11:49:53.155813+00:00
a77f98f90fbf5956f5d9ddae72af52a7,"Werkstudent (M/W/D) – Finance & Beratung (Unternehmerisch, Leistungsbasiert)",Kevin Kehr,Hamburg,,CDI,,,"Finance, high school or equivalent","Du studierst und willst mehr als einen „Nebenjob“? Du willst Verantwortung, klare Ziele und ein Umfeld, in dem Leistung zählt? Dann ist diese Werkstudentenrolle dein Einstieg in die Finanzberatung, mit strukturiertem Onboarding, Coaching und einem klaren Weg in ein Trainee-Programm.Diese Rolle ist unternehmerisch geprägt und bietet dir die Möglichkeit, dich aktiv einzubringen, Verantwortung zu übernehmen und dich fachlich",1970-01-01,https://www.arbeitnow.com/jobs/companies/kevin-kehr/werkstudent-finance-beratung-unternehmerisch-leistungsbasiert-hamburg-146298,arbeitnow,2026-05-05T11:49:53.155813+00:00
1bda80aecd24cea299551bd820cf9b2f,Full-Stack Engineer,Helios & Eos UG,Oldenburg,,CDI,,,Software Development,"Helios &#x26; Eos ist unser KI-Engineering-Studio aus Oldenburg — bewusst klein, technisch tief, agent-augmented. Aktuell sind wir zu dritt und bauen das Studio zum spezialisierten Partner für agentenbasierte KI-Adoption aus. Unsere Kunden und Projekte sind vielfältig - von der Webappentwicklung für den globalen Asset-Manager, über das Training von 230+ Entwicklern für den internationalen FinTech-Konzern über die Prozessautomatisierung bei mehreren Mittelständlern ist alles dabei.",1970-01-01,https://www.arbeitnow.com/jobs/companies/helios-eos-ug/full-stack-engineer-oldenburg-484030,arbeitnow,2026-05-05T11:49:53.155813+00:00
3224e8954afeaec20170bdc6f27b7001,Fullstack Developer (M/W/D),Fast Forward IT GmbH,Düsseldorf,,CDI,,,Software Development,"Die Fast Forward IT GmbH ist eine inhabergeführte Full-Service Agentur aus Düsseldorf. Seit über zehn Jahren entwickeln wir digitale Plattformen, Kundenportale und Integrationslösungen für Unternehmen aus Branchen wie Pharma, Biotech, Maschinenbau und Versicherungen. Wir sind ein kleines, technisch geprägtes Team mit kurzen Entscheidungswegen und einer offenen Duz-Kultur. Statt großer Hierarchien und langer Abstimmungsrunden arbeiten wir direkt an den Systemen, für die wi",1970-01-01,https://www.arbeitnow.com/jobs/companies/fast-forward-it-gmbh/fullstack-developer-dusseldorf-86260,arbeitnow,2026-05-05T11:49:53.155813+00:00
d6760221427f4606d9f57f358f3612f5,Ai & Process Automation Manager (M/W/D),adlicious,Hamburg,,CDI,,,Online Marketing,"Über adlicious adlicious ist einer der führenden Advertising Solutions Provider im schönen Hamburg und unsere Mission ist es, die besten Werbekampagnen für unsere Kunden zu kreieren, indem wir Media, Creative &#x26; Tech miteinander vereinen. Mit unserer einzigartigen Ad Delivery Technologie unterstützen wir führende Marken dabei, ihre Botschaft in Echtzeit über die gesamte digitale Customer Journey personalisiert an ihre Zielgruppen auszuliefern. Dafür brauchen wir ta",1970-01-01,https://www.arbeitnow.com/jobs/companies/adlicious/ai-process-automation-manager-hamburg-238124,arbeitnow,2026-05-05T11:49:53.155813+00:00
47ceff69387617169121ad657301c519,Engineering Manager,SumUp,"Berlin, Berlin",,CDI,,,,"At SumUp, we are motivated by the purpose of leveling the playing field for small businesses. We empower small business owners by creating simple and affordable tools to manage payments, finance and customer relationships.&nbsp; As an Engineering Manager, you will lead a new team focused on building the analytical and commercial foundations for SumUp's global sales channels. You will oversee the consolidation of attribution and commission models into a unified, scalabl",1970-01-01,https://www.arbeitnow.com/jobs/companies/sumup/engineering-manager-berlin-235999,arbeitnow,2026-05-05T11:49:53.155813+00:00
09db955c534831f8886817a6412a1fa3,Technische*R Projektleiter*In - Hardware & Sensorik,TWK,Wedel,,CDI,,,Engineering,"Was wäre, wenn du nicht nur Projekte verwaltest – sondern tatsächlich verantwortest? Von der ersten Idee bis zur serienreifen Fertigung. Mit dem Überblick, der Durchsetzungsstärke und dem technischen Tiefgang, um Produkte zum Laufen zu bringen. Wir bei TWK entwickeln und produzieren seit über 60 Jahren im Wachstumsmarkt der Mess- und Automatisierungstechnik kundenspezifische Sensoren für den Anlagen- und Maschinenbau. Funktionale Sicherheit für Mensch und Maschine ist",1970-01-01,https://www.arbeitnow.com/jobs/companies/twk/technischer-projektleiterin-hardware-sensorik-wedel-4943,arbeitnow,2026-05-05T11:49:53.155813+00:00
2fd0c432c1074ad9fbc97c922f235228,Entwicklungsingenieur*In Im Bereich Embedded Software,TWK,Wedel,,CDI,,,Engineering,"CANopen, IO-Link, Profinet, EtherCAT – du weißt nicht nur, was dahintersteckt, sondern auch, worauf es ankommt, wenn diese Schnittstellen in sicherheitsrelevanten Systemen zuverlässig funktionieren müssen. Du entwickelst Embedded Software nicht für die Schublade, sondern für Maschinen, die im Einsatz stehen. Und du willst nicht nur umsetzen, was andere spezifizieren – du willst vom Konzept bis zum Code Review mitgestalten. Genau dafür suchen wir dich. Wir bei TWK entwi",1970-01-01,https://www.arbeitnow.com/jobs/companies/twk/entwicklungsingenieurin-im-bereich-embedded-software-wedel-324918,arbeitnow,2026-05-05T11:49:53.155813+00:00
abe8b5c3677f96155d67f947b47c62d8,Crm & Automation Marketing Manager (W/M/D),QUICK GREEN / Rapid Health GmbH,Berlin,,CDI,,,"CRM, Direct Marketing","QUICK GREEN ist eine schnell wachsende digitale Healthcare-Plattform in Deutschland, die Patient:innen, Ärzt:innen und Apotheken rund um die Verschreibung von medizinischem Cannabis miteinander verbindet. Nach einem erfolgreichen Proof of Concept und starker Marktresonanz gehen wir jetzt den nächsten großen Schritt: Skalierung. Unser erster pragmatischer Technologie-Prototyp hat gezeigt, dass das Modell funktioniert. Jetzt investieren wir gezielt in de",1970-01-01,https://www.arbeitnow.com/jobs/companies/quick-green-rapid-health-gmbh/crm-automation-marketing-manager-berlin-290724,arbeitnow,2026-05-05T11:49:53.155813+00:00
73429e2acae23ed565df563f90bd7d7f,Mediengestalter/In Digital Und Print (Mwd),Bugaga Werbeagentur e.K.,Hamburg,,REMOTE,,,"Remote, Marketing and Communication",Wir sind eine junge und dynamische Werbemittelagentur aus Hamburg HafenCity und als agiles Unternehmen sind wir permanent auf der Suche nach neuen Talenten wie dich! Aufgaben Mit Promobedarf - unserem Onlineshop für Werbeartikel - versorgen wir unsere Kunden schnell und zuverlässig mit Werbemitteln aller Art. Die Philosophie von Promobedarf ist - individuelle und personalisierte Werbeartikel im Kaufprozess möglichst vereinfacht bereitzustellen. Damit unsere Kunden eine passend,1970-01-01,https://www.arbeitnow.com/jobs/companies/bugaga-werbeagentur-ek/mediengestalter-in-digital-und-print-mwd-hamburg-486452,arbeitnow,2026-05-05T11:49:53.155813+00:00
3d17d276e0682ca13704d6d1f2fa1ea1,Client Relations Manager (B2C) (M/W/D) | 100% Remote,smartkündigen OHG,Neuss,,REMOTE,,,"Remote, Customer Service","Wir suchen einen Customer Success Manager (B2C) der eigenverantwortlich einen festen Kundenstamm von ca. 2.000+ Kunden betreut. Du bist der zentrale Ansprechpartner und sorgst dafür, dass unsere Kunden optimal betreut werden, Lösungen erhalten und eine durchgehend positive Erfahrung mit unserem Service und unseren Produkten haben. Aufgaben Betreuung eines festen Kundenportfolios (B2C) Unterstützung bei rechtlichen Anliegen (keine Rechtsberatung erforderli",1970-01-01,https://www.arbeitnow.com/jobs/companies/smartkundigen-ohg/client-relations-manager-b2c-100-remote-neuss-7682,arbeitnow,2026-05-05T11:49:53.155813+00:00
c861d209a128f267cb799e02907eb275,Kundenbetreuungsmanager (B2C) | 100% Remote,smartkündigen OHG,Neuss,,REMOTE,,,"Remote, Customer Service","Wir suchen einen Customer Success Manager (B2C) der eigenverantwortlich einen festen Kundenstamm von ca. 2.000+ Kunden betreut. Du bist der zentrale Ansprechpartner und sorgst dafür, dass unsere Kunden optimal betreut werden, Lösungen erhalten und eine durchgehend positive Erfahrung mit unserem Service und unseren Produkten haben. Aufgaben Betreuung eines festen Kundenportfolios (B2C) Unterstützung bei rechtlichen Anliegen (keine Rechtsberatung erforderli",1970-01-01,https://www.arbeitnow.com/jobs/companies/smartkundigen-ohg/kundenbetreuungsmanager-b2c-100-remote-neuss-319903,arbeitnow,2026-05-05T11:49:53.155813+00:00
db8198bd40a05117ae1ef475b2473c89,Customer Success Manager (B2C) (M/W/D) | 100% Remote,smartkündigen OHG,Neuss,,REMOTE,,,"Remote, Customer Service","Wir suchen einen Customer Success Manager (B2C) der eigenverantwortlich einen festen Kundenstamm von ca. 2.000+ Kunden betreut. Du bist der zentrale Ansprechpartner und sorgst dafür, dass unsere Kunden optimal betreut werden, Lösungen erhalten und eine durchgehend positive Erfahrung mit unserem Service und unseren Produkten haben. Aufgaben Betreuung eines festen Kundenportfolios (B2C) Unterstützung bei rechtlichen Anliegen (keine Rechtsberatung erforderli",1970-01-01,https://www.arbeitnow.com/jobs/companies/smartkundigen-ohg/customer-success-manager-b2c-100-remote-neuss-372699,arbeitnow,2026-05-05T11:49:53.155813+00:00
2523626ed2fbfcf9d102fa3b5f2f6618,Auszubildender It-Systemkaufmann (M/W/D),Qfact GmbH,Weilheim,,CDI,,,Product Management,"Deine Aufgaben Beratung von Kunden zu IT-Systemen und Lösungen Planung und Umsetzung von IT-Projekten Erstellung von Angeboten und Kalkulationen Unterstützung im Vertrieb und Einkauf von IT-Produkten Betreuung und Schulung von Anwendern Zusammenarbeit mit technischen Fachabteilungen Dein Profil Mittlere Reife, Fachabitur oder Abitur Interesse an IT sowie kaufmännisch",1970-01-01,https://www.arbeitnow.com/jobs/companies/qfact-gmbh/auszubildender-it-systemkaufmann-weilheim-496006,arbeitnow,2026-05-05T11:49:53.155813+00:00
a27b2424217e603edda3c73fe60c9a2d,Application Operator / Devops Engineer – Linux & Kubernetes (M/W/D),Hochschul-IT-Services.nrw,Düsseldorf,,CDI,,,Development,"Du möchtest Anwendungen betreiben, die täglich von Tausenden Studierenden und Mitarbeitenden genutzt werden? Bei HITS.nrw entwickelst und betreibst Du zentrale IT-Services für die öffentlichen Hochschulen in Nordrhein-Westfalen – vom Campusmanagementsystem HISinOne bis zu digitalen Lernplattformen. Als Application Operator / DevOps Engineer sorgst Du gemeinsam mit unserem Team dafür, dass diese Anwendungen stabil, performant und sicher laufen – und entwickelst d",1970-01-01,https://www.arbeitnow.com/jobs/companies/hochschul-it-servicesnrw/application-operator-devops-engineer-linux-kubernetes-dusseldorf-148452,arbeitnow,2026-05-05T11:49:53.155813+00:00
9fc4e879b76fba1563f0f69e84e4f101,It Application Manager – Campusmanagement (M/W/D),Hochschul-IT-Services.nrw,Düsseldorf,,CDI,,,Applications Administration,"Du möchtest IT-Systeme betreuen, die täglich von Tausenden Studierenden und Mitarbeitenden genutzt werden? Bei HITS.nrw entwickelst und betreibst Du zentrale IT-Services für die öffentlichen Hochschulen in Nordrhein-Westfalen – vom Campusmanagementsystem HISinOne bis zu digitalen Lernplattformen. Als IT Application Manager sorgst Du gemeinsam mit unserem Team dafür, dass die Anwendungen zuverlässig, sicher und anwenderorientiert laufen und unterstützt die Hochsc",1970-01-01,https://www.arbeitnow.com/jobs/companies/hochschul-it-servicesnrw/it-application-manager-campusmanagement-dusseldorf-324362,arbeitnow,2026-05-05T11:49:53.155813+00:00
095b241b0c57fe0983d84ac47d948ae3,Mitarbeiter (M/W/D) Im Kundenservice - Vertragsmanagement,Deutsches Rotes Kreuz Hausruf und Service in Sachsen GmbH,Dresden,,CDI,,,Customer Service,"Zur Unterstützung unseres Teams suchen wir am Standort Dresden einen Mitarbeiter (m/w/d) im Kundenservice - Vertragsmanagement Standort: Dresden, Bremer Straße 10D Beginn: ab sofort Umfang: Vollzeit (40 Std./Woche) oder Teilzeit (mind. 30 Std./Woche) Vertragsart: unbefristet Über uns Die DRK Hausruf und Service in Sachsen GmbH gehört zur Rotkreuzorganis",1970-01-01,https://www.arbeitnow.com/jobs/companies/deutsches-rotes-kreuz-hausruf-und-service-in-sachsen-gmbh/mitarbeiter-im-kundenservice-vertragsmanagement-dresden-235744,arbeitnow,2026-05-05T11:49:53.155813+00:00
adc44574cadc361b6d1eaf4073ca8d58,Head Of Power Operations,Terra One Climate Solutions GmbH,Berlin,,CDI,,,Power Engineering and Environmental Engineering,"Üner uns: Willkommen bei Terra One – einem dynamisch wachsenden Unternehmen, das sich auf die Entwicklung und den Betrieb großer Batteriespeichersysteme in Deutschland spezialisiert hat. Mit einem klaren Fokus auf Innovation und Nachhaltigkeit treibt unser Unternehmen den Ausbau der erneuerbaren Energieinfrastruktur voran, um einen wesentlichen Beitrag zur Erreichung der Klimaneutralität zu leisten. Unsere Mission: Bei Terra One beschleun",1970-01-01,https://www.arbeitnow.com/jobs/companies/terra-one-climate-solutions-gmbh/head-of-power-operations-berlin-3326,arbeitnow,2026-05-05T11:49:53.155813+00:00
1754330a77f9f4ed0effec49a16b8c07,Kaufmännischer Mitarbeiter Für Die  Buchhaltung (M/W/D),Nerlich & Lesser KG,Deggendorf,,CDI,,,Administration and Secretariat,"Sie haben eine abgeschlossene kaufmännische Ausbildung, idealerweise im Bereich Steuern und/oder Rechnungswesen fundierte Kenntnisse im Finanz- und Rechnungswesen, insbesondere in der laufenden Buchführung eine strukturierte, sorgfältige und eigenständige Arbeitsweise Kommunikationsstärke und Teamfähigkeit Ihre Aufgaben Buchung von Kostenrechnungen sowie Zahlungsein- und -ausgängen Ab",1970-01-01,https://www.arbeitnow.com/jobs/companies/nerlich-lesser-kg/kaufmannischer-mitarbeiter-fur-die-buchhaltung-deggendorf-103326,arbeitnow,2026-05-05T11:49:53.155813+00:00
1c90c00209298e7f15cb45af64dfde45,Teamleiter Servicecenter (M/W/D),Liebwein Personalmanagement und -service GmbH,Munich,,CDI,,,Customer Service,Unser Mandant ist ein weltweit führender Dienstleistungskonzern für spezialisierte Servicelösungen. Mit einem globalen Netzwerk stellt das Unternehmen die Handlungsfähigkeit seiner Partner rund um die Uhr sicher. Für das europäische Kompetenzzentrum suchen wir zur Verstärkung des Teams am Standort München ab sofort eine motivierte Führungspersönlichkeit. Aufgaben Fachliche Leitung und Steuerung des Servicecenter-Teams Unterstützung des Managements bei der Person,1970-01-01,https://www.arbeitnow.com/jobs/companies/liebwein-personalmanagement-und-service-gmbh/teamleiter-servicecenter-munich-410439,arbeitnow,2026-05-05T11:49:53.155813+00:00
9d8f6e69af0961e51382553f5a4f189c,Senior Full Stack Engineer (M/F/D),Flix,"Berlin, Berlin",,CDI,,,,"We are seeking a talented and driven Senior Full Stack&nbsp;Engineer (m/f/d)&nbsp;to join our team,&nbsp;in the Demand&nbsp;Division,&nbsp;responsible for developing our contact center applications, with the focus on scalable agent-facing interfaces and automations.&nbsp;&nbsp; <span data-contrast",1970-01-01,https://www.arbeitnow.com/jobs/companies/flix/senior-full-stack-engineer-berlin-267752,arbeitnow,2026-05-05T11:49:53.155813+00:00
b897e5e6e108cccd606d2ed88213cdf3,Outbound Key Account Executive (Switzerland),SumUp,Berlin,,CDI,,,,"🚀 Outbound Key Account Executive (On-Site – Berlin or Barcelona) This position is based in Berlin or Barcelona. Ready to launch your sales career in one of the world's fastest-growing fintech companies?Join our high-energy team and help us bring smarter payment solutions to small businesses across the UK and Europe. At SumUp, we're on a mission to empower small merchants by making p",1970-01-01,https://www.arbeitnow.com/jobs/companies/sumup/outbound-key-account-executive-switzerland-berlin-440830,arbeitnow,2026-05-05T11:49:53.155813+00:00
09630209928fdf58885d05cfa0e8bb27,Senior Frontend Engineer - Identity,SumUp,"Berlin, Berlin",,CDI,,,,"About the team: As a Senior Frontend Engineer in the Identity team, you will be working on providing best-in-class authentication experiences and account protection for millions of users globally, as well as central services that enable teams and products across SumUp. We're looking for someone who is adaptable, proactive, and ready to take ownership. Your primary focus will be on&nbsp;frontend development in TypeScript using React / Next.js, while forming the b",1970-01-01,https://www.arbeitnow.com/jobs/companies/sumup/senior-frontend-engineer-identity-berlin-117673,arbeitnow,2026-05-05T11:49:53.155813+00:00
80be5b4c02c3385fa8626b0b6e01601e,Influencer Marketing Manager,paselo GmbH,Münster,,REMOTE,,,"Remote, Social Media Manager","paselo ist eine der am schnellsten wachsenden D2C-Marken für Hunde-Ergänzungsfuttermittel im DACH-Raum. Wir entwickeln wissenschaftlich fundierte Produkte, die Hunden helfen — länger, aktiver und glücklicher zu leben. Hinter paselo steckt ein kleines, hochmotiviertes Team mit einer klaren Mission: das Beste für den Hund, unterstützt durch echte Wissenschaft und echte Community. Wir suchen eine Person, die unsere Community nicht nur verwaltet, sondern aktiv mitg",1970-01-01,https://www.arbeitnow.com/jobs/companies/paselo-gmbh/influencer-marketing-manager-munster-153859,arbeitnow,2026-05-05T11:49:53.155813+00:00
8686bd0ac884b02cc929c4dd667648f7,Mitarbeiter Kundenservice / First-Level-Support (M/W/D),riscLOG Solution GmbH,Lübeck,,CDI,,,"CRM, Direct Marketing","Bist Du ein Service-Profi und suchst Deinen nächsten Karriereschritt? Wir haben was für Dich in Lübeck! Wir suchen schnellstmöglich Verstärkung für unser Team im Kundenservice / First-Level-Support (m/w/d). Was erwartet Dich? Du bist unser Gesicht zum Kunden. Du bearbeitest knackige Anfragen und bist der erste Ansprechpartner. Klingt nach Routine? Denk nochmal nach: Das ist ein unglaublich verantwortungsvoller Job, bei dem Du mit unseren Mega-Kunden zusammenarbe",1970-01-01,https://www.arbeitnow.com/jobs/companies/risclog-solution-gmbh/mitarbeiter-kundenservice-first-level-support-lubeck-148091,arbeitnow,2026-05-05T11:49:53.155813+00:00
d08b4964b5cd8d980f205b15e2034797,Social Media Marketing Manager*In In Teilzeit Und Hybrid In Homeoffice,Tom Phillip Zenker Digital Marketing Agentur GmbH,Jakobsdorf,,REMOTE,,,"Remote, Online Marketing","Wir suchen zum nächstmöglichen Zeitpunkt Unterstützung für unsere Social Media Redaktion (m/w/d) für die Region Mecklenburg-Vorpommern, Brandenburg und Berlin. Als Digital Marketing Agentur steigern wir die Sichtbarkeit unserer Kund*innen und agieren nicht nur beratend, sondern übernehmen den kompletten Produktionsprozess. Wir möchten dabei den marktüblichen Stress vermeiden und setzen deshalb bei unseren Kund*innen auf langfristige Zusammenarbeiten mit festen Teams, um eine frü",1970-01-01,https://www.arbeitnow.com/jobs/companies/tom-phillip-zenker-digital-marketing-agentur-gmbh/social-media-marketing-managerin-in-teilzeit-und-hybrid-in-homeoffice-jakobsdorf-412014,arbeitnow,2026-05-05T11:49:53.155813+00:00
0ab82ef4f4749e2ed9422615b25fd2a0,Data Center Engineer - Frankfurt (Onsite),RM Staffing B.V.,Frankfurt,,CDI,,,"Information technology, associate's degree","Reboot Monkey is a global leader in IT solutions, specializing in data center management that simplifies your IT operations. We provide hosting space, future-proof upgrades, and 24/7 support through our smart or remote hands, ensuring seamless, secure, and sustainable service. Our fully remote, round-the-clock management frees businesses from supervision hassles, setting new benchmarks in data center solutions. We’re seeking skilled Freelance Data Center Technicians to join our grow",1970-01-01,https://www.arbeitnow.com/jobs/companies/rm-staffing-bv/data-center-engineer-frankfurt-onsite-395222,arbeitnow,2026-05-05T11:49:53.155813+00:00
db76ed42fb5fdb2f009e045e51bee890,Content Creator/ Community Builder (M/W/D),Picmondoo GmbH,Langweid Am Lech,,REMOTE,,,"Remote, Social Media Manager","Wir suchen jemanden, der langfristig Lust auf dieses Projekt hat, gemeinsam mit uns eine Community aufzubauen und sich vorstellen kann, Diamond Painting sowie Malen nach Zahlen selbst als Hobby zu entdecken und zu leben. Du liebst TikTok, Instagram &#x26; Trends? Du bist kreativ, hast ständig neue Ideen und weißt, welcher Content heute funktioniert? Aufgaben Content für TikTok / Instagram erstellen Reels planen, drehen &#",1970-01-01,https://www.arbeitnow.com/jobs/companies/picmondoo-gmbh/content-creator-community-builder-langweid-am-lech-375605,arbeitnow,2026-05-05T11:49:53.155813+00:00
ecc1300057c2bb854e04ef0baa36fded,Technical Co-Founder / Cto (M/W/D),Nationales Herz-Netz (NHN) / Deutsche Gesellschaft für Kardiologie e. V.,Düsseldorf,,CDI,,,"Directors, Chief Executives","Mission &#x26; Vision Das Nationale Herz-Netz (NHN) transformiert die kardiovaskuläre Versorgung in Deutschland. Mit einer eigenen, modernen und KI-getriebenen Forschungsdatenplattform generieren wir systematisch Real-World Evidence aus der Versorgungspraxis und übersetzen diese in messbare Verbesserungen für Patient:innen. Das NHN erfasst und analysiert Behandlungsdaten sektorenübergreifend und integriert perspektivisch auch die Patient:innen selbst. Somit ermöglicht das NHN",1970-01-01,https://www.arbeitnow.com/jobs/companies/nationales-herz-netz-nhn-deutsche-gesellschaft-fur-kardiologie-e-v/technical-co-founder-cto-dusseldorf-458043,arbeitnow,2026-05-05T11:49:53.155813+00:00
26d80118970d6000e291586d58f5fca0,Executive Co-Founder / Ceo (M/W/D),Nationales Herz-Netz (NHN) / Deutsche Gesellschaft für Kardiologie e. V.,Düsseldorf,,CDI,,,"Directors, Chief Executives","Mission &#x26; Vision Das Nationale Herz-Netz (NHN) transformiert die kardiovaskuläre Versorgung in Deutschland. Mit einer eigenen, modernen und KI-getriebenen Forschungsdatenplattform generieren wir systematisch Real-World Evidence aus der Versorgungspraxis und übersetzen diese in messbare Verbesserungen für Patient:innen. Das NHN erfasst und analysiert Behandlungsdaten sektorenübergreifend und integriert perspektivisch auch die Patient:innen selbst. Somit ermöglicht das NHN",1970-01-01,https://www.arbeitnow.com/jobs/companies/nationales-herz-netz-nhn-deutsche-gesellschaft-fur-kardiologie-e-v/executive-co-founder-ceo-dusseldorf-294249,arbeitnow,2026-05-05T11:49:53.155813+00:00
840514afd97e32357b8e9617b8a87a16,Performance Marketing Manager (Paid Social) - All Genders,ADBAKER,Cologne,,CDI,,,Marketing and Communication,"join the team High Budgets. Hoher Impact. Klare Verantwortung. Als Performance Marketing Manager bei ADBAKER steuerst du 6- bis 7-stellige Paid Social Budgets für unterschiedliche Brands und entwickelst Strategien, die profitables Wachstum liefern. der task Als Performance Marketing Manager verantwortest du Paid Social Accounts für unterschiedliche Brands und steuerst 6- bis 7-stellige Werbebudgets mit klarem Fokus auf profitables Wachstum Du den",1970-01-01,https://www.arbeitnow.com/jobs/companies/adbaker/performance-marketing-manager-paid-social-all-genders-cologne-78259,arbeitnow,2026-05-05T11:49:53.155813+00:00
283a5d532c8325e618532c502eb8275b,Pricing & Yield Manager (F/M/D),Nox Mobility,Berlin,,CDI,,,Business Intelligence,"Nox is aiming to become the best alternative to short-haul flights by soon offering premium overnight trains across Europe. With a radically redesigned interior and onboard experience, people travel in style, saving time being asleep. We now search for the most passionate and talented people out there to bring the first of many more Nox trains on the tracks. We believe in strong teams through diversity, fresh thinking, and a shared commitment to build something meaningful. Apart from t",1970-01-01,https://www.arbeitnow.com/jobs/companies/nox-mobility/pricing-yield-manager-berlin-375057,arbeitnow,2026-05-05T11:49:53.155813+00:00
c44c56b45027904fed04cd0871d6901a,"Creative Director / Creative Lead (Ai-First, Hands-On)",XOUXOU GmbH,Berlin,,CDI,,,Marketing and Communication,"We are looking for a Creative Director or Creative Lead who not only conceptualizes, but executes. The focus is on scalable content creation using AI, with this role playing a central part in the next growth phase of XOUXOU. The goal is to build a distinctive, culturally relevant visual language that can be produced efficiently. You will work closely with founders, marketing, and product teams to create a system that consistently delivers high-quality creative output. Tasks •",1970-01-01,https://www.arbeitnow.com/jobs/companies/xouxou-gmbh/creative-director-creative-lead-ai-first-hands-on-berlin-159619,arbeitnow,2026-05-05T11:49:53.155813+00:00
622dc93075086488176f286a767971e9,Junior 2D Designer (M/W/D) – Mit Lust Auf Motion & Live,CBE DIGIDEN AG,Berlin,,CDI,,,Graphic Arts and Communication Design,"Hi, wir sind CBE DIGIDEN! ​​​​​Du kannst 2D‑Design, hast Spaß an Animationen und willst sehen, wie deine Gestaltung auf großen Bühnen zum Leben erwacht? Generative KI &#x26; neue Design-Tools wecken deinen Ehrgeiz? Dann komm zu uns! Wir suchen einen Junior 2D Designer (m/w/d), der/die das klassische 2D‑Handwerk beherrscht und Lust auf Motion Design mit After Effects und Live‑Events hat. Was du bei uns machst Gestaltung von Rückwänden &#x26; Grafiken im Ra",1970-01-01,https://www.arbeitnow.com/jobs/companies/cbe-digiden-ag/junior-2d-designer-mit-lust-auf-motion-live-berlin-412651,arbeitnow,2026-05-05T11:49:53.155813+00:00
48ce5494383bb75870791f6177384a4d,Social Media & Community Outreach Manager,User Rights GmbH,Berlin,,CDI,,,Social Media Manager,"User Rights setzt sich für den Schutz von Grundrechten auf Social Media ein. Wenn Inhalte zu Unrecht gesperrt oder verbotene Inhalte nicht gelöscht werden, unterstützt User Rights bei der Durchsetzung dieser Rechte. Als Deutschlands erste unabhängige Streitbeilegungsstelle für Social-Media-Plattformen gestalten wir den rechtlichen Rahmen des digitalen Raums aktiv mit – und tragen so zum Schutz von Grundrechten und Demokratie im Internet bei.Wir suchen ab sofort eine:n Social Media &#x2",1970-01-01,https://www.arbeitnow.com/jobs/companies/user-rights-gmbh/social-media-community-outreach-manager-berlin-313120,arbeitnow,2026-05-05T11:49:53.155813+00:00
392a7c03b976060dbc207bcc5b732fc7,Finanzbuchhalter (M/W/D),Jobbusters® GmbH,Passau,,CDI,,,Finance,"Für unseren renommierten Auftraggeber, ein international tätiges Unternehmen suchen wir zum nächstmöglichen Zeitpunkt einen erfahrenen Finanzbuchhalter (m/w/d) in unbefristeter Festanstellung. In dieser Position haben Sie die Möglichkeit bei Eignung und Interesse, nach einer Einarbeitungsphase Verantwortung für die Betreuung eines eigenen Teams zu übernehmen. Bei entsprechender Weiterbildung besteht die Möglichkeit, sich zum Bilanzbuchhalter weiterzuentwickeln. Freuen Sie",1970-01-01,https://www.arbeitnow.com/jobs/companies/jobbusters-gmbh/finanzbuchhalter-passau-448523,arbeitnow,2026-05-05T11:49:53.155813+00:00
78c4ae57dfa63d3f03d8d160aeca950d,Finanzbuchhalter (M/W/D),PRIME HR Agentur®,Passau,,CDI,,,Finance,"Für unseren renommierten Auftraggeber, ein international tätiges Unternehmen suchen wir zum nächstmöglichen Zeitpunkt einen erfahrenen Finanzbuchhalter (m/w/d) in unbefristeter Festanstellung. In dieser Position haben Sie die Möglichkeit bei Eignung und Interesse, nach einer Einarbeitungsphase Verantwortung für die Betreuung eines eigenen Teams zu übernehmen. Bei entsprechender Weiterbildung besteht die Möglichkeit, sich zum Bilanzbuchhalter weiterzuentwickeln.</",1970-01-01,https://www.arbeitnow.com/jobs/companies/prime-hr-agentur/finanzbuchhalter-passau-65894,arbeitnow,2026-05-05T11:49:53.155813+00:00
39d6a292fdd1f75ab47e79d4588f7c84,Junior Consultant (M/W/D) Digitalisierung Im Hr / Personal,9toThrive GmbH,Traunreut,,REMOTE,,,"Remote, Consulting",Die 9toThrive GmbH berät und unterstützt Unternehmen bei der Digitalisierung von HR-Prozessen sowie bei der Integration und Optimierung von HR-Software. Als modernes Startup mit geballter Expertise in IT-Beratung und HR-Transformation machen wir Personalbereiche fit für die Zukunft. Aufgaben Du betreust Kundenprojekte zur Implementierung von HR-Systemen - vom Kick-off bis zum Go-Live Du analysierst Kundenanforderungen und übersetzt sie in tragfähige Lösungskonze,1970-01-01,https://www.arbeitnow.com/jobs/companies/9tothrive-gmbh/junior-consultant-digitalisierung-im-hr-personal-traunreut-136161,arbeitnow,2026-05-05T11:49:53.155813+00:00
a577986038dea233052887555e344535,Technischer Immobilienmanager (M/W/D) Wohnimmobilien Auf Eigentümerseite | Bis Ca. 80.000 € Jahresgehalt Und Dienstwagen,QTalents - Real Estate Recruiting,Leipzig,,CDI,,,Engineering,"Technisches Immobilienmanagement | Eigentümerseite | Wohnimmobilien im Bestand | mit Dienstwagen Sie sind technisch versiert, gerne nah am Objekt und steuern Maßnahmen nicht nur aus der Distanz, sondern auch operativ? Sie möchten auf Eigentümerseite Verantwortung übernehmen und den Wohnimmobilienbestand aktiv weiterentwickeln? Dann bietet Ihnen diese Position eine spannende Perspektive. Unser Mandant ist ein etabliertes, deutschl",1970-01-01,https://www.arbeitnow.com/jobs/companies/qtalents-real-estate-recruiting/technischer-immobilienmanager-wohnimmobilien-auf-eigentumerseite-bis-ca-80000-eur-jahresgehalt-und-dienstwagen-leipzig-106633,arbeitnow,2026-05-05T11:49:53.155813+00:00
c97aa943757db8c7bffb126babf06daf,Machine Learning Engineer,Phantasma Labs,Berlin,,REMOTE,,,"Remote, Engineering","At Phantasma Labs, we’re building smart software that helps factories plan better. Our AI co-pilot helps factories schedule production more efficiently, adapt to changes faster, and make the most of available resources, without needing tons of data or complicated tools. Instead of relying on massive historical datasets, our models are trained in simulated factory environments using reinforcement learning, which helps us find better solutions much faster than traditional systems. We work with",1970-01-01,https://www.arbeitnow.com/jobs/companies/phantasma-labs/machine-learning-engineer-berlin-303955,arbeitnow,2026-05-05T11:49:53.155813+00:00
d2ee0f8202f0c680f9ad3680414d1e37,2Nd Level Applications Supporter Iam (M/W/D),evoila Frankfurt GmbH,Frankfurt Am Main,,CDI,,,Applications Administration,"Zur Verstärkung unseres Teams in Frankfurt a.M. suchen wir einen 2nd Level Applications Supporter (m/w/d) für den Bereich IAM. In dieser Rolle stellst du gemeinsam mit deinem Team den stabilen und reibungslosen Betrieb sowie den technischen Support der Identity- und Access-Management-Plattform One Identity Manager im 2nd-Level-Support bei unserem Kunden sicher. Ihr fungiert als zentrale Anlaufstelle für technische Störungen, Berechtigungsprobleme und komplexe Anfragen aus den Fa",1970-01-01,https://www.arbeitnow.com/jobs/companies/evoila-frankfurt-gmbh/2nd-level-applications-supporter-iam-frankfurt-am-main-278731,arbeitnow,2026-05-05T11:49:53.155813+00:00
16955010deb2927fd96676f389f7abd7,Data Analyst / Data Engineer,Rahantech GmbH,Berlin,,CDI,,,"Data Processing, Data Engineer","Tasks You create dashboards and advise diverse stakeholders to find answers to their business questions by utilizing the latest technologies You work with large volumes of data in relational databases, create custom analyses and optimize SQL queries You design and implement automated data flows (ETL) and perform extensive data migrations Develop, optimize and maintain data storage solutions, including relational and NoSQL databases Develop pr",1970-01-01,https://www.arbeitnow.com/jobs/companies/rahantech-gmbh/data-analyst-data-engineer-berlin-391419,arbeitnow,2026-05-05T11:49:53.155813+00:00
11c47798cd0f09d229adc368f7e0e8c8,Devops Engineer (M/W/D) In Voll- Oder Teilzeit,iconCXM GmbH,Stuttgart,,REMOTE,,,"Remote, IT","Du hast Lust auf Mitgestaltung? Dann bist du bei uns genau richtig! Aufgaben Du gestaltest gemeinsam mit unserem DevOps-Team die interne IT- und Entwicklungsinfrastruktur aktiv weiter Du unterstützt beim Betrieb und Ausbau unserer Build-, Test- und Deployment-Pipelines sowie der zugrunde liegenden Cloud- und Systemlandschaften Du automatisierst wiederkehrende Prozesse und entwickelst unsere Toolchain und internen Abläufe kontinuierlich weiter D",1970-01-01,https://www.arbeitnow.com/jobs/companies/iconcxm-gmbh/devops-engineer-in-voll-oder-teilzeit-stuttgart-461146,arbeitnow,2026-05-05T11:49:53.155813+00:00
0aeb9f8e876afeedff196c79dbab1b0e,Head Of Growth & Performance Marketing (M/W/D),movme GmbH,Frankfurt Am Main,,CDI,,,Marketing and Communication,"Du denkst in ROAS, CPA und skalierbaren Funnels – und willst ein wachsendes Mobilitätsunternehmen kanalübergreifend auf das nächste Level bringen? movme steht für eine neue Form der Mobilität: Mit unserem digitalen Auto-Abo bieten wir eine flexible Alternative zu Kauf und Leasing – für Privat- und Geschäftskunden. Wir wachsen aktuell stark über Vertrieb und erste Marketingkanäle und wollen jetzt unser gesamtes Performance Marketing strukturiert skalieren – über B2C und B2B hinwe",1970-01-01,https://www.arbeitnow.com/jobs/companies/movme-gmbh/head-of-growth-performance-marketing-frankfurt-am-main-194797,arbeitnow,2026-05-05T11:49:53.155813+00:00
6cbfb330e94b29aaf5f83467298936cb,Marketing Manager - Digital Healthcare (M/W/D),ONCARE GmbH,Munich,,CDI,,,Marketing Manager,"Bei myoncare schaffen wir eines der innovativsten Gesundheits-Ökosysteme weltweit. Unsere Plattform verbindet Patienten, Kliniken, Ärzte und Partner in einem einzigen digitalen System und ermöglicht etwas, das es bisher nicht gab: kontinuierliche, personalisierte Gesundheitsbegleitung – sicher, skalierbar und global. Doch echte Innovation braucht Sichtbarkeit. Deshalb suchen wir jemanden, der nicht nur Marketing denkt, sondern Marketing baut. Jemanden, der Technologien",1970-01-01,https://www.arbeitnow.com/jobs/companies/oncare-gmbh/marketing-manager-digital-healthcare-munich-446356,arbeitnow,2026-05-05T11:49:53.155813+00:00
bf373c9f87ef99e3ebe37386f81f3105,Erfahrene*R Customer Solution Consultant / Manager*In Für Software-Beratung Und Entwicklung (M/W/D),Coduct Solutions GmbH,Cologne,,CDI,,,Product Management,"Ein ungewöhnlicher Jobtitel? Genauso besondere Menschen suchen wir. Du begleitest Kundenprobleme, Projekte und Lösungen End‑to‑End – von der ersten Fragestellung bis zur produktiven Umsetzung. Du verstehst wie Menschen und Kunden*innen ticken, aber auch wie Software und Cloud funktionieren. Bei uns bedeutet Solution Management: Du bekommst ein Kunden</st",1970-01-01,https://www.arbeitnow.com/jobs/companies/coduct-solutions-gmbh/erfahrener-customer-solution-consultant-managerin-fur-software-beratung-und-entwicklung-cologne-492738,arbeitnow,2026-05-05T11:49:53.155813+00:00
494a9b9ecd2a4185efa62b42ad28b2f9,Operations Manager (M/W/D),Enter by baupal GmbH,Berlin,,CDI,,,Customer Service,"FIXING THE PLANET BY MAKING HOMES CARBON-FREE! Mit einer Finanzierung von über 40 Mio. Euro von erstklassigen Investoren wie COATUE, Foundamental &#x26; Target Global arbeiten wir am größten Hebel im europäischen Klimaschutz – dem Gebäudebestand der privaten Eigenheimbesitzer. Mit maßgeschneiderten Lösungen für Millionen von Hausbesitzern setzen wir energetische Sanierungsvorhaben ganzheitlich um und bilden somit die Infrastruktur für klimaneutrales Wohnen. Deine Aufgaben</h2",1970-01-01,https://www.arbeitnow.com/jobs/companies/enter-by-baupal-gmbh/operations-manager-berlin-9486,arbeitnow,2026-05-05T11:49:53.155813+00:00
0e6e76c9f8582e2eced4a4d8897c5a3a,Erfahrene*R Customer Solution Consultant / Manager*In Für Software-Beratung Und Entwicklung (M/W/D),Coduct Solutions GmbH,Berlin,,CDI,,,Product Management,"Ein ungewöhnlicher Jobtitel? Genauso besondere Menschen suchen wir. Du begleitest Kundenprobleme, Projekte und Lösungen End‑to‑End – von der ersten Fragestellung bis zur produktiven Umsetzung. Du verstehst wie Menschen und Kunden*innen ticken, aber auch wie Software und Cloud funktionieren. Bei uns bedeutet Solution Management: Du bekommst ein Kunden</st",1970-01-01,https://www.arbeitnow.com/jobs/companies/coduct-solutions-gmbh/erfahrener-customer-solution-consultant-managerin-fur-software-beratung-und-entwicklung-berlin-273949,arbeitnow,2026-05-05T11:49:53.155813+00:00
f2e74094b38108b2e6e3c1df0abacb8e,Automation & Ai Operations Spezialist (Fullremote Möglich),Deutsche Pflegegemeinschaft Sankt Josef GmbH (Berlin),Berlin,,CDI,,,Software Development,"Standort: Remote / flexibel Start: Ab sofort Du willst Teil eines echten StartUps sein, das Leben rettet und gleichzeitig Menschen entlastet? Bei uns bekommst du beides: elektrisierende Atmosphäre, Barista-Kaffee im Office und die Chance, mit deinem Einsatz wirklich etwas zu bewegen. Unser Angebot ist einzigartig: lebensrettende, sturzsichere Hausnotrufsysteme – komplett kostenfrei für Menschen mit Pflegegrad un",1970-01-01,https://www.arbeitnow.com/jobs/companies/deutsche-pflegegemeinschaft-sankt-josef-gmbh-berlin/automation-ai-operations-spezialist-fullremote-moglich-berlin-238007,arbeitnow,2026-05-05T11:49:53.155813+00:00
29e5f5a374712865bc5f705030fab1db,Software Entwickler (M/W/D),Knowtion GmbH,Karlsruhe,,CDI,,,Software Development,"Wir suchen Softwareentwickler (m/w/d) zur Definition und Realisierung mathematisch anspruchsvoller Algorithmen der Sensorfusion und automatischen Datenanalyse in sicherheitskritischen Anwendungen mit Kenntnissen im Bereich des maschinellen Lernens / KI-Methoden. Wir sind ein innovatives Software-Engineering-Unternehmen, das 2011 als Spin-off des Karlsruher Instituts für Technologie (KIT) gegründet wurde. Seitdem entwickeln wir in enger Zusammenarbeit mit unseren Kunden aus verschiedene",1970-01-01,https://www.arbeitnow.com/jobs/companies/knowtion-gmbh/software-entwickler-karlsruhe-28793,arbeitnow,2026-05-05T11:49:53.155813+00:00
80fb91d002caa5cc2e4d709f90b164ec,Werkstudent Software Entwicklung Für Komplexe Systeme (M/W/D),Knowtion GmbH,Karlsruhe,,CDI,,,Software Development,"Wir suchen eine/n Werkstudent/in zur Umsetzung mathematisch anspruchsvoller Algorithmen in verschiedenen Anwendungsprojekten zur automatisierten Analyse und Verarbeitung von Daten. Wir sind ein innovatives Software-Engineering-Unternehmen, das 2011 als Spin-off des Karlsruher Instituts für Technologie (KIT) gegründet wurde. Seitdem entwickeln wir in enger Zusammenarbeit mit unseren Kunden aus verschiedenen Branchen maßgeschneiderte Softwarelösungen – von fehlertoleranten Embedded-Syste",1970-01-01,https://www.arbeitnow.com/jobs/companies/knowtion-gmbh/werkstudent-software-entwicklung-fur-komplexe-systeme-karlsruhe-7281,arbeitnow,2026-05-05T11:49:53.155813+00:00
c5c96c164040139c0343ee581dcce835,Finanzbuchhalter (M/W/D),Jobbusters® GmbH,Nuremberg,,CDI,,,Finance,"Zahlenjäger/in &#x26; Geistervertreiber/in der Buchhaltung gesucht! 📍 Standort: Nürnberg 🕰️ Eintritt: so schnell wie dein Taschenrechner rechnet 📄 Beschäftigungsart: Vollzeit Du spürst es genau – da spukt noch etwas im Zahlenwerk. Ein offener Posten hier, ein Buchungsdifferenzchen dort. Du lässt dich nicht so leicht erschrecken? Dann lies weiter! Unser A Partner ist ein familiengeführtes Unternehme",1970-01-01,https://www.arbeitnow.com/jobs/companies/jobbusters-gmbh/finanzbuchhalter-nuremberg-87433,arbeitnow,2026-05-05T11:49:53.155813+00:00
b3ab215e16dbabdc39bd9c65ccca352a,"Auftragsmanagement / Projektkoordination / Disposition (M/W/D) - Photovoltaik, Wärmepumpen & Energiesysteme - 1Komma5° Hamburg",1KOMMA5˚,Hamburg,,CDI,,,Project Management,"1KOMMA5° Bei 1KOMMA5° verfolgen wir eine Vision: Living on wind and sunlight forever for free. Dafür bauen wir mit Heartbeat AI das Energiesystem der Zukunft. Bist du dabei? Wir bringen regionales Handwerk und skalierbare Software zusammen: Solar, Speicher, Wärmepumpe und E-Mobilität denken wir nicht einzeln, sondern steuern sie als intelligentes, integriertes Gesamtsystem in unserem virtuellen Kraftwerk. Direkt verbunden mit dem Strommarkt – in",1970-01-01,https://www.arbeitnow.com/jobs/companies/1komma50/auftragsmanagement-projektkoordination-disposition-photovoltaik-warmepumpen-energiesysteme-1komma5-hamburg-260760,arbeitnow,2026-05-05T11:49:53.155813+00:00
b77513e8744116e1b87bbdea6b7ac883,Werkstudent*In Grafikdesign,happybrush,Munich,,CDI,,,Graphic Arts and Communication Design,"Lust auf eine neue Herausforderung? Du studierst Grafikdesign, Kommunikationsdesign, Digitale Medien oder Vergleichbares, bist ein kreativer Kopf und Design ist deine große Leidenschaft? Du möchtest praktische Erfahrung während deines Studiums sammeln und dabei in einem dynamischen Start-up auf den Putz hauen? Dann bist du bei uns genau richtig! Unser Team freut sich auf deine Unterstützung im Bereich Grafik Designzum nächstmöglichen Zeitpunkt (befristet auf 5 Monate",1970-01-01,https://www.arbeitnow.com/jobs/companies/happybrush/werkstudentin-grafikdesign-munich-7782,arbeitnow,2026-05-05T11:49:53.155813+00:00
fcae10e6baddb30b97129eb34275ca69,Buchhalter (M/W/D),Jobbusters® GmbH,Gröbenzell,,CDI,,,Finance,"Wir bieten Ihnen die Chance, sich vielseitig einzubringen und Verantwortung zu übernehmen – in einem Unternehmen mit Herz, welches wir persönlich sehr gut kennen und die inhaberführte, freundliche Kultur wertschätzen. Unser Partner setzt sich leidenschaftlich für Menschen, Qualität und Leistung ein – fast so, als ob uns eine unsichtbare Kraft antreibt. Werden Sie Teil der Erfolgsgeschichte und tauchen Sie ein in die Welt der Innovation, die so geheimnisvoll und faszinierend ist wie die",1970-01-01,https://www.arbeitnow.com/jobs/companies/jobbusters-gmbh/buchhalter-grobenzell-235721,arbeitnow,2026-05-05T11:49:53.155813+00:00
03a7aebd5e644b73765283394d72b54e,"Performance Marketing Manager Marketplaces (M/W/D) - Vollzeit, 100 % Homeoffice",Nutrition-Plus Germany e.K.,Grafschaft,,REMOTE,,,"Remote, Online Marketing","Wir bei nutri+ glauben an eine Welt, in der Tiere respektiert werden und niemand zurückgelassen wird. Deshalb setzen wir uns nicht nur für hochwertige vegane Produkte ein, sondern unterstützen aktiv den Tierschutz. Unsere Online-Shops und Marktplätze wachsen – und damit auch die Möglichkeiten, noch mehr Menschen zu erreichen. Damit unsere Produkte auf den wichtigsten Marktplätzen sichtbar bleiben und weiterwachsen, suchen wir dich als Performance Marketing Manager Marketplaces (m/w/d).</p",1970-01-01,https://www.arbeitnow.com/jobs/companies/nutrition-plus-germany-ek/performance-marketing-manager-marketplaces-vollzeit-100-homeoffice-grafschaft-379703,arbeitnow,2026-05-05T11:49:53.155813+00:00
484b470e49bce4b2d1f6c303b32b4279,Finanzbuchhalter (M/W/D),Jobbusters® GmbH,Munich,,CDI,,,Finance,"Wir bieten Ihnen die Chance, sich vielseitig einzubringen und Verantwortung zu übernehmen – in einem Unternehmen mit Herz, welches wir persönlich sehr gut kennen und die inhaberführte, freundliche Kultur wertschätzen. Unser Partner setzt sich leidenschaftlich für Menschen, Qualität und Leistung ein – fast so, als ob uns eine unsichtbare Kraft antreibt. Werden Sie Teil der Erfolgsgeschichte und tauchen Sie ein in die Welt der Innovation, die so geheimnisvoll und faszinierend ist wie die",1970-01-01,https://www.arbeitnow.com/jobs/companies/jobbusters-gmbh/finanzbuchhalter-munich-177148,arbeitnow,2026-05-05T11:49:53.155813+00:00
dcf072ff24b533165c4c462a8da5006f,Senior Backend Web Developer (M/F/D),Principia Mentis GmbH,Munich,,CDI,,,Web Development,"At Principia Mentis, we build and run ChangeMaker, one of the world's leading SaaS tools for managing large-scale business transformation projects. Our customers include globally operating Fortune 500 companies and big international business consulting firms. Our company has been privately owned and managed since its foundation in 2012 and we pride ourselves in never having sought VC funding. ChangeMaker is currently on its 5th iteration, running on TypeScript, NodeJS, GraphQL and Post",1970-01-01,https://www.arbeitnow.com/jobs/companies/principia-mentis-gmbh/senior-backend-web-developer-munich-68189,arbeitnow,2026-05-05T11:49:53.155813+00:00
0e1752a3f6d9eefc4bab35ac40ed757b,Weg-Buchhalter (M/W/D) Zahlengeist Mit Herz Gesucht!,Jobbusters® GmbH,Munich,,CDI,,,Finance,"Mit Ihrem scharfen Spürsinn für WEG-Buchhaltung und Ihrer freundlichen, bodenständigen Art sind Sie für Kolleginnen, Kollegen und Eigentümer ein vertrauensvoller Ansprechpartner – fast wie ein guter Hausgeist, der stets zur Stelle ist, wenn Klarheit in die Zahlenwelt gebracht werden muss. Unser Kunde – ein traditionsreiches, familiengeführtes Immobilienunternehmen mit über 45 Jahren Erfahrung im Raum München – sucht genau Sie, um die Buchhaltung seiner Eigentümergemeinschaften zu betre",1970-01-01,https://www.arbeitnow.com/jobs/companies/jobbusters-gmbh/weg-buchhalter-zahlengeist-mit-herz-gesucht-munich-134283,arbeitnow,2026-05-05T11:49:53.155813+00:00
afe7e17fdff99c6ae9342239ff251bdf,Partnership & Expansion Manager (M/W/D) | Startup,eprogo GmbH,Mönchengladbach,,CDI,,,Recruitment and Selection,"Über uns: Mit unserer Marke innovalo bauen wir Innovations-Startups auf, die aufgrund ihrer zukunftsweisenden Geschäftsfelder von Bund und Ländern gefördert werden. Unser Ansatz ist klar auf Wachstum ausgerichtet – und genau hier kommst du ins Spiel: Dein Fokus liegt auf der aktiven Gewinnung von Resellern, Kooperationspartnern und Franchisenehmern sowie dem Aufbau eines skalierbaren, leistungsstarken Partnernetzwerks. Du arbeitest di",1970-01-01,https://www.arbeitnow.com/jobs/companies/eprogo-gmbh/partnership-expansion-manager-startup-monchengladbach-161266,arbeitnow,2026-05-05T11:49:53.155813+00:00
1a3bf14867307fba2b04a01b89e91634,Marketplace Manager Amazon & Shopify (M/W/D),Verlagshaus Schlosser,Pliening,,CDI,,,Marketing Manager,"Das sind wir Wir sind ein wachstumsorientiertes Unternehmen mit schnellen Entscheidungen, klaren Verantwortlichkeiten und dem Anspruch, Themen nicht nur zu verwalten, sondern messbar nach vorne zu bringen. Bei uns gibt es keine endlosen Abstimmungsschleifen, sondern direkte Umsetzung, kurze Wege und echten Gestaltungsspielraum. Unser Standort ist in 85652 Pliening, östlich von München. Home-Office ist bei dieser Stelle möglich.</stro",1970-01-01,https://www.arbeitnow.com/jobs/companies/verlagshaus-schlosser/marketplace-manager-amazon-shopify-pliening-336398,arbeitnow,2026-05-05T11:49:53.155813+00:00
f6ca077b30f2d9936f4cee6465e652b2,Devops Engineer (M/W/D),Noxum GmbH,Würzburg,,CDI,,,System and Network Administration,"Suchst du ein Umfeld, in dem du dich fachlich entwickeln und langfristig etwas aufbauen kannst? Willkommen bei Noxum! Als etabliertes IT-Unternehmen mit Standorten in Würzburg und Indien entwickeln und betreiben wir seit 1996 eigene Softwareprodukte, die bei namhaften Kunden im Einsatz sind. Die Teams arbeiten standortübergreifend eng zusammen und ergänzen sich seit 2016 in der Entwicklung und im Betrieb unserer Produkte, wodurch Englisch im Arbeitsalltag selbstverstän",1970-01-01,https://www.arbeitnow.com/jobs/companies/noxum-gmbh/devops-engineer-wurzburg-475100,arbeitnow,2026-05-05T11:49:53.155813+00:00
e8beea1514b77666213690b191ee565f,Entgeltabrechner / Personalsachbearbeiter (W/M/D) Mit Erfahrung Bei Homeoffice-Anteil,Fischer & Partner Gesellschaft für Personal mbH,Stuttgart,,CDI,,,Compensation and Benefits,"Für ein wirtschaftlich gut aufgestelltes Dienstleistungsunternehmen mit acht Standorten deutschlandweit, über 400 Mitarbeitenden und Stammsitz im südlichen Stuttgart suchen wir Sie als GEHALTSABRECHNER / ENTGELTABRECHNER INKL. PERSONALSACHBEARBEITUNG (w/m/d) mit mindestens 8 Jahren Berufserfahrung. Ihr neuer Arbeitgeber bietet Ihnen einen Homeoffice-Anteil von einem Tag pro Woche nach erfolgreicher Einarbeitung bei sehr",1970-01-01,https://www.arbeitnow.com/jobs/companies/fischer-partner-gesellschaft-fur-personal-mbh/entgeltabrechner-personalsachbearbeiter-mit-erfahrung-bei-homeoffice-anteil-stuttgart-263989,arbeitnow,2026-05-05T11:49:53.155813+00:00
e809f29dfdcd98d7d1fed99ea473fcb2,Senior Frontend Engineer (F/M/D),BirdRave GmbH,Berlin,,CDI,,,Web Development,"Birdrave GmbH is a small, engineering-driven team based in Berlin that builds software with passion. We build powerful platforms for complex use cases, from running the backbone of a massage studio powerhouse to powering multi-million dollar sports betting platforms. On top of that, we support early-stage companies in building their products. AI isn't a buzzword for us, it's a core part of our daily workflow. We experiment with it, integrate it, and build with it. <str",1970-01-01,https://www.arbeitnow.com/jobs/companies/birdrave-gmbh/senior-frontend-engineer-berlin-476165,arbeitnow,2026-05-05T11:49:53.155813+00:00
dcacc3aea80fd25b81e770e5947bddd6,Referent Der Geschäftsführung Finance Operations & Reporting (M/W/D),Finnofleet GmbH,Mörfelden-Walldorf,,CDI,,,Finance,Komm an Bord unserer FINNOFLEET Crew Zur Verstärkung unseres Teams suchen wir zum nächstmöglichen Zeitpunkt: Referent Finance Operations &#x26; Reporting (m/w/d) Standort Mörfelden-Walldorf / Hybrid | Vollzeit | ab sofort Als Referent der Geschäftsführung Finance Operations &#x26; Reporting (m/w/d) unterstützt du die Geschäftsführung bei der Steuerung finanzieller und operativer Themen. Du erstellst und entwickelst Ma,1970-01-01,https://www.arbeitnow.com/jobs/companies/finnofleet-gmbh/referent-der-geschaftsfuhrung-finance-operations-reporting-morfelden-walldorf-13336,arbeitnow,2026-05-05T11:49:53.155813+00:00
de090849f0ba5ec1426959f95a3a2f4b,Servicemanager (M/W/D),Universal Brandschutz Service GmbH,Teutschenthal,,CDI,,,"Management, Team Leader","Die Universal Brandschutz Service GmbH ist ein wachsendes Unternehmen im vorbeugenden Brandschutz mit aktuell über 35 Mitarbeitern – und einem klaren Ziel: den Aufbau einer deutschlandweit leistungsfähigen Serviceorganisation. Unser Fokus liegt auf Effizienz, Qualität und Service. Dafür entwickeln wir unsere Strukturen, Prozesse und Systeme konsequent weiter – und genau hier kommst du ins Spiel. Wir suchen keinen klassischen Serviceleiter, sonde",1970-01-01,https://www.arbeitnow.com/jobs/companies/universal-brandschutz-service-gmbh/servicemanager-teutschenthal-120547,arbeitnow,2026-05-05T11:49:53.155813+00:00
832972d8a9f508adcf0cebf36cfb7816,Java Fullstack Entwickler (M/W/D),Finnofleet GmbH,Mörfelden-Walldorf,,CDI,,,IT,Komm an Bord unserer FINNOFLEET Crew Zur Verstärkung unseres Teams suchen wir zum nächstmöglichen Zeitpunkt: Java Fullstack Entwickler (m/w/d) Du willst Fullstack entwickeln – von performanten Backend-Services bis hin zu stabilen und modernen ULS? Du bewegst dich sicher zwischen bestehenden Frontend-Technologien wie JSF und modernen Web-Stacks? Dann bist du bei uns genau richtig. Wir entwickeln mit FINNOFLEET eine Plattform für digitale Finanzproze,1970-01-01,https://www.arbeitnow.com/jobs/companies/finnofleet-gmbh/java-fullstack-entwickler-morfelden-walldorf-100126,arbeitnow,2026-05-05T11:49:53.155813+00:00
eafde71afcc6a3c99911868b0c981550,Full-Stack (Java/Kotlin) Engineer (M/F/D) - Team Payments,Flix,"Munich, Bavaria",,CDI,,,,"At Flix, we offer a tech-driven environment where innovation meets real-world impact, with competitive pay, strong growth opportunities, and a culture of collaboration and ownership. &nbsp; As a Full-stack&nbsp;Engineer with a strong backen",1970-01-01,https://www.arbeitnow.com/jobs/companies/flix/full-stack-java-kotlin-engineer-team-payments-munich-114312,arbeitnow,2026-05-05T11:49:53.155813+00:00
94f20fb50f40c8993eedab28ed4bf703,Full-Stack (Java/Kotlin) Engineer (M/F/D) - Team Payments,Flix,"Berlin, Berlin",,CDI,,,,"At Flix, we offer a tech-driven environment where innovation meets real-world impact, with competitive pay, strong growth opportunities, and a culture of collaboration and ownership. &nbsp; As a Full-stack&nbsp;Engineer with a strong backen",1970-01-01,https://www.arbeitnow.com/jobs/companies/flix/full-stack-java-kotlin-engineer-team-payments-berlin-262646,arbeitnow,2026-05-05T11:49:53.155813+00:00
0e58ff1f35bdaf27f6b7f613ce692347,Service-Assistent / Mitarbeiter Im Werkstattbüro (M/W/D),ReMo - Reifen & Motoren,Bad Säckingen,,CDI,,,Customer Service,"Wir bei ReMo Reifen und Motoren in Bad Säckingen halten die Region mobil. Als moderner Meisterbetrieb verbinden wir Leidenschaft für Technik mit echtem Kundenservice. Warum du zu uns kommen solltest? Weil wir ein Team auf Augenhöhe sind, kurze Entscheidungswege lieben und bei uns jeder Einzelne zählt – inklusive modernem Arbeitsplatz und einer Atmosphäre, in der die Arbeit Spaß macht. Wir bieten dir nicht nur einen spannenden Mix aus Technik und Verwaltung, sondern auch die W",1970-01-01,https://www.arbeitnow.com/jobs/companies/remo-reifen-motoren/service-assistent-mitarbeiter-im-werkstattburo-bad-sackingen-177497,arbeitnow,2026-05-05T11:49:53.155813+00:00
322a296f4a42b8a92ca9e7726540c865,Vertriebsdisponent*In Am Standort Dresden,Annette Wittram - AWi Personalvermittlung und Bewerbercoaching,Dresden,,CDI,,,"Management, Team Leader","Sie suchen eine neue berufliche Perspektive mit Entwicklungspotential? Dann lassen Sie uns einmal in Kontakt treten. Als erfolgreiche Vermittlerin innerhalb der Personaldienstleistungsbranche begleite ich nunmehr seit fast 30 Jahren Bewerber und Unternehmen aus diesem Branchensegment bei der Zusammenführung. Lassen auch Sie sich ""an die Hand nehmen"" und zu Ihrem neuen Traumjob führen... und bis dahin lehnen Sie sich einfach entspannt z",1970-01-01,https://www.arbeitnow.com/jobs/companies/annette-wittram-awi-personalvermittlung-und-bewerbercoaching/vertriebsdisponentin-am-standort-dresden-272426,arbeitnow,2026-05-05T11:49:53.155813+00:00
16091a4cc5ea469021ad2e756b552031,Niederlassungsleiter*In -  Branchmanager*In Am Standort Dresden,Annette Wittram - AWi Personalvermittlung und Bewerbercoaching,Dresden,,CDI,,,"Management, Team Leader","Sie suchen eine neue berufliche Perspektive mit Entwicklungspotential? Dann lassen Sie uns einmal in Kontakt treten. Als erfolgreiche Vermittlerin innerhalb der Personaldienstleistungsbranche begleite ich nunmehr seit fast 30 Jahren Bewerber und Unternehmen aus diesem Branchensegment bei der Zusammenführung. Lassen auch Sie sich ""an die Hand nehmen"" und zu Ihrem neuen Traumjob führen... und bis dahin lehnen Sie sich einfach entspannt z",1970-01-01,https://www.arbeitnow.com/jobs/companies/annette-wittram-awi-personalvermittlung-und-bewerbercoaching/niederlassungsleiterin-branchmanagerin-am-standort-dresden-208420,arbeitnow,2026-05-05T11:49:53.155813+00:00
b503dfd80b57a59f37828546489ba48f,(Senior) Subscription Manager (All Genders),mammaly,Berlin,,CDI,,,Marketing and Communication,"About mammaly We are mammaly! - und unsere Mission sind gesunde und glückliche Hunde! Deshalb entwickeln wir Premium Supplements für Hunde, die ein langes und gutes Leben ermöglichen. Gegründet in 2020, ist mammaly bereits jetzt das führende Pet Supplement Startup in Deutschland. Darauf ruhen wir uns nicht aus, denn Tierwohl liegt uns am Herzen: Wir fördern mit innovativen Lösungen die Gesundheit und Lebensqualität unserer Hunde. Außerdem, fühlen wir uns verpflicht",1970-01-01,https://www.arbeitnow.com/jobs/companies/mammaly/senior-subscription-manager-all-genders-berlin-49171,arbeitnow,2026-05-05T11:49:53.155813+00:00
e3b3f527099af1fe0c893aad6bc1dcbc,Social Media Lead (M/W/D),FRAUEN100 Media GmbH,Berlin,,CDI,,,Marketing and Communication,"FRAUEN100 ist die führende Plattform für strukturelle Gleichberechtigung in Deutschland. Wir setzen gesellschaftliche Themen auf die Agenda, schaffen Öffentlichkeit und arbeiten eng mit politischen und wirtschaftlichen Entscheidungsträger*innen zusammen. Aufgaben Die Stelle Du verantwortest unsere FRAUEN100 Kanäle ganzheitlich – von der strategischen Weiterentwicklung bis zur täglichen operativen Umsetzung. Du steuerst Inhalte, koordinierst inter",1970-01-01,https://www.arbeitnow.com/jobs/companies/frauen100-media-gmbh/social-media-lead-berlin-360916,arbeitnow,2026-05-05T11:49:53.155813+00:00
c5ee9633c513ff2b7f63aa7611830b11,Niederlassungsleiter*In -  Branchmanager*In Am Standort Leipzig,Annette Wittram - AWi Personalvermittlung und Bewerbercoaching,Leipzig,,CDI,,,"Management, Team Leader","Sie suchen eine neue berufliche Perspektive mit Entwicklungspotential? Dann lassen Sie uns einmal in Kontakt treten. Als erfolgreiche Vermittlerin innerhalb der Personaldienstleistungsbranche begleite ich nunmehr seit fast 30 Jahren Bewerber und Unternehmen aus diesem Branchensegment bei der Zusammenführung. Lassen auch Sie sich ""an die Hand nehmen"" und zu Ihrem neuen Traumjob führen... und bis dahin lehnen Sie sich einfach entspannt z",1970-01-01,https://www.arbeitnow.com/jobs/companies/annette-wittram-awi-personalvermittlung-und-bewerbercoaching/niederlassungsleiterin-branchmanagerin-am-standort-leipzig-415905,arbeitnow,2026-05-05T11:49:53.155813+00:00
cb0f0b2c96b5e097701c099d86b5d2c7,Werkstudent:In Social Media & Content (M/W/D),Piggyback,Berlin,,CDI,,,Social Media Manager,"Mit Piggyback bauen wir eine sehr besondere Boutique Social Media Beratungsagentur auf. Unser Ziel ist es, Marken, die uns begeistern, dabei zu helfen, auf Social Media richtig durchzustarten. Das machen wir, indem wir zunächst Social Media Strategien entwickeln und dann in die Teams als Interim-Verstärkung im Rahmen unseres Accelerator-Programms hineingehen. Gemeinsam mit ihnen entwickeln wir in kurzen Projekten von 9–12 Monaten Content sowie Kanäle weiter, opt",1970-01-01,https://www.arbeitnow.com/jobs/companies/piggyback/werkstudentin-social-media-content-berlin-451340,arbeitnow,2026-05-05T11:49:53.155813+00:00
1519f05bc15a8e5ed7ba49cee90148c7,Chief Of Staff (All Genders),mammaly,Berlin,,CDI,,,Business Consulting,"About mammaly We are mammaly! - und unsere Mission sind gesunde und glückliche Hunde! Deshalb entwickeln wir Premium Supplements für Hunde, die ein langes und gutes Leben ermöglichen. Gegründet in 2020, ist mammaly bereits jetzt das führende Pet Supplement Startup in Deutschland. Darauf ruhen wir uns nicht aus, denn Tierwohl liegt uns am Herzen: Wir fördern mit innovativen Lösungen die Gesundheit und Lebensqualität unserer Hunde. Außerdem, fühlen wir uns verpflicht",1970-01-01,https://www.arbeitnow.com/jobs/companies/mammaly/chief-of-staff-all-genders-berlin-82787,arbeitnow,2026-05-05T11:49:53.155813+00:00
2ac48f07409482f5b8078db5dee563f5,Praktikum - Affiliate Marketing (All Genders),mammaly,Berlin,,CDI,,,Marketing Assistant,"Tasks Creator Management &#x26; Akquise: Du betreust unsere bestehenden Affiliate-Partner und identifizierst proaktiv neue, passende Profile, um unser Netzwerk strategisch auszubauen. Kampagnen-Management &#x26; Tracking: Du unterstützt bei der technischen Aufsetzung von Kampagnen und stellst sicher, dass Performance-Daten korrekt erfasst werden (idealerweise bringst du erste Erfahrung mit Affiliate-Netzwerken mit). Re",1970-01-01,https://www.arbeitnow.com/jobs/companies/mammaly/praktikum-affiliate-marketing-all-genders-berlin-19993,arbeitnow,2026-05-05T11:49:53.155813+00:00
b0e250be1b8b31686f22dfd98fb1f838,(Senior) Lifecycle Manager - Subscription (All Genders),mammaly,Berlin,,CDI,,,Marketing and Communication,"About mammaly We are mammaly! - und unsere Mission sind gesunde und glückliche Hunde! Deshalb entwickeln wir Premium Supplements für Hunde, die ein langes und gutes Leben ermöglichen. Gegründet in 2020, ist mammaly bereits jetzt das führende Pet Supplement Startup in Deutschland. Darauf ruhen wir uns nicht aus, denn Tierwohl liegt uns am Herzen: Wir fördern mit innovativen Lösungen die Gesundheit und Lebensqualität unserer Hunde. Außerdem, fühlen wir uns verpflicht",1970-01-01,https://www.arbeitnow.com/jobs/companies/mammaly/senior-lifecycle-manager-subscription-all-genders-berlin-413218,arbeitnow,2026-05-05T11:49:53.155813+00:00
d0bc770f8916393b669397b8686de488,(Senior) Performance Marketing Manager - Paid Social (All Genders),mammaly,Berlin,,REMOTE,,,"Remote, Marketing Manager","About mammaly We are mammaly! - und unsere Mission sind gesunde und glückliche Hunde! Deshalb entwickeln wir Premium Supplements für Hunde, die ein langes und gutes Leben ermöglichen. Gegründet in 2020, ist mammaly bereits jetzt das führende Pet Supplement Startup in Deutschland. Darauf ruhen wir uns nicht aus, denn Tierwohl liegt uns am Herzen: Wir fördern mit innovativen Lösungen die Gesundheit und Lebensqualität unserer Hunde. Außerdem, fühlen wir uns verpflicht",1970-01-01,https://www.arbeitnow.com/jobs/companies/mammaly/senior-performance-marketing-manager-paid-social-all-genders-berlin-295240,arbeitnow,2026-05-05T11:49:53.155813+00:00
86a124e7bb74478b41de6569ca6ad400,Inhouse Head Of Software Development - Hybrid Remote Großraum Stuttgart (M/W/D),DWWA Personalberatung GmbH,Stuttgart,,CDI,,,Software Development,"Inhouse Head of Software Development - Hybrid Remote Großraum Stuttgart (m/w/d) Du suchst einen Job als Inhouse Head of Software Development? Du suchst ein Umfeld, in dem du nicht nur verwaltest, sondern aktiv Strukturen aufbaust, Teams entwickelst und Softwareentwicklung in die „neue Welt“ führst? Aufgaben Gratis Karriereberatung: Wir zeigen Dir Karriere- und Verdienstmöglichkeiten auf. Ganz ehrlich und objektiv. Wertvolles Insider Know-",1970-01-01,https://www.arbeitnow.com/jobs/companies/dwwa-personalberatung-gmbh/inhouse-head-of-software-development-hybrid-remote-grossraum-stuttgart-420483,arbeitnow,2026-05-05T11:49:53.155813+00:00
baad804ac3f0f00a360fea28834f7d3b,Senior Abap-Entwickler (M/W/D) (Ref.Nr.: 46646),Wavestone Germany AG,Frankfurt Am Main,,CDI,,,IT,"Wir suchen einen Senior Solution Architect für ein agiles Projekt im Bereich der Instandhaltungsinfrastruktur. Die Position umfasst die Implementierung technischer Komponenten innerhalb einer SAP-Landschaft (S/4HANA, BW4HANA) sowie die architektonische Beratung und Begleitung von Migrationsprozessen. Key Facts Start: 18.05.2026 Dauer: Nicht bekannt Auslastung: 100 % Einsatzart: Einsatzort: Frankfurt am Main Einsatzland: Deutschland <stron",1970-01-01,https://www.arbeitnow.com/jobs/companies/wavestone-germany-ag/senior-abap-entwickler-refnr-46646-frankfurt-am-main-440857,arbeitnow,2026-05-05T11:49:53.155813+00:00
6690612e683094135b2249c449c21a06,Steuerfachangestellte/R (M/W/D),8P Steuerberatung - Wirtschaftsprüfung - Rechtsberatung,Siegen,,CDI,,,Finance,"Die 8P Partnerschaft mit Leidenschaft für Lösungen! 8P: acht Partner, mehr als 40 Berufsträger, insgesamt 150 Mitarbeiterinnen und Mitarbeiter - Steuerberater, Wirtschaftsprüfer, Rechtsanwälte und Fachkräfte. Wir sind eine unabhängig, dynamisch wachsende Kanzlei mit mehr als 50 Jahren Historie. Im Kern betreuen und beraten wir inhabergeführte mittelständische Familienunternehmen - bei komplexen, internationalen Fragen auch gemeinsam mi",1970-01-01,https://www.arbeitnow.com/jobs/companies/8p-steuerberatung-wirtschaftsprufung-rechtsberatung/steuerfachangestellte-r-siegen-245253,arbeitnow,2026-05-05T11:49:53.155813+00:00
f20e7e0585c692694b2438a290a9b0d2,Werkstudent People & Finance (M/W/D),Yoffi Digital,Hanover,,CDI,,,Recruitment and Selection,"Yoffi Digital ist eine Shopify-Agentur mit dem Mindset einer Software-Firma: kein Abarbeiten von Tickets, sondern echtes Mitdenken und Mitgestalten. Wir begleiten Marken von Shop-Setup über Migration bis zur datengetriebenen Optimierung. Aufgaben Als Werkstudent:in im Bereich People &#x26; Finance sorgst du dafür, dass im Hintergrund alles reibungslos läuft. Die Rolle ist ideal für dich, wenn du einen flexiblen Job suchst, bei dem du eigenständig arbeiten kannst und gleichzeit",1970-01-01,https://www.arbeitnow.com/jobs/companies/yoffi-digital/werkstudent-people-finance-hanover-343371,arbeitnow,2026-05-05T11:49:53.155813+00:00
27a3d5b8f7e967b0a3702389288ac7f8,Praktikant/In Im Kundenservice (M/W/D),Tiens,Berlin,,CDI,,,Customer Service,"Tianshi GmbH ist Teil der Tiens Group, eines multinationalen Konzerns, der sich auf Gesundheits-, Wellness- und Lifestyle-Produkte spezialisiert hat. Mit Geschäftsaktivitäten in über 224 Ländern hat die TIENS Group Niederlassungen in 117 Ländern und Regionen aufgebaut und strategische Partnerschaften mit führenden Unternehmen weltweit etabliert. Die Region Europa ist derzeit in mehr als 20 Märkten aktiv. Tianshi GmbH setzt sich dafür ein, die Lebensqua",1970-01-01,https://www.arbeitnow.com/jobs/companies/tiens/praktikant-in-im-kundenservice-berlin-245135,arbeitnow,2026-05-05T11:49:53.155813+00:00
6ba326e7aca6a083d8edf50ca9c0e850,"Software Developer Python In Kundenprojekten (W/M/D) - Karlsruhe / Stuttgart / Mannheim Und Umgebung, Ggfs. Remote",KENBUN IT AG,Karlsruhe,,CDI,,,Software Development,"Wir sind die KENBUN IT AG, ein IT-Unternehmen aus Karlsruhe mit dem Fokus auf Künstliche Intelligenz und digitale Sprachassistenzsysteme. Als smarter Innovationstreiber gestalten wir die digital-intelligente Welt von morgen. Wir bringen state-of-the-art KI-Technologien zur Produktreife und machen unsere Kunden fit für die digitale Transformation. Zu unseren zukunftssicheren Lösungen gehören Voice-Technologie, wie unser natürlichsprachliches Assistenzsystem KIDOU, und unsere hochskalierbare KI",1970-01-01,https://www.arbeitnow.com/jobs/companies/kenbun-it-ag/software-developer-python-in-kundenprojekten-karlsruhe-stuttgart-mannheim-und-umgebung-ggfs-remote-73469,arbeitnow,2026-05-05T11:49:53.155813+00:00
d2d74e193d5a97949d6d8eabfd117ba5,Werkstudenten Beteiligungsanalyst (M/W/D),DWLBohrung GmbH,Berlin,,CDI,,,Finance,dreifuerst consulting Mittelständische Beteiligungsgesellschaft mit Standort in Berlin-Mitte möchte das Targeting und das Controlling von Portfoliounternehmen verstärken. Wir suchen einen engagierten Ihre Aufgaben Aktive Mitarbeit im mittelständischen Beteiligungsgeschäft Identifikation und betriebswirtschaftliche Analyse von Targets Marktrecherchen innerhalb verschiedener Branchen nach Unternehmenskandidaten für strategische Mehrheitsbeteiligu,1970-01-01,https://www.arbeitnow.com/jobs/companies/dwlbohrung-gmbh/werkstudenten-beteiligungsanalyst-berlin-271754,arbeitnow,2026-05-05T11:49:53.155813+00:00
8a78de21ffcdef7d0efdc225f774e899,Tlm Simulation Architect,MachineWare GmbH,Aachen,,CDI,,,Software Development,MachineWare is an innovative and fast-growing start-up spun out of the Institute of Communication Technologies and Embedded Systems at RWTH Aachen University in 2022. We specialize in high-performance full-system simulation solutions that enable early software development and verification for cutting-edge hardware and embedded systems. Our team combines academic excellence with practical innovation to redefine simulation technology. Join us to shape the future of high-performance simulation t,1970-01-01,https://www.arbeitnow.com/jobs/companies/machineware-gmbh/tlm-simulation-architect-aachen-86968,arbeitnow,2026-05-05T11:49:53.155813+00:00
8186ea53aa30a0c54af7ac88fdd61bf8,Junior It Projektmanager (M/W/D),Yoffi Digital,Hanover,,CDI,,,Software Development,"Yoffi Digital ist eine Shopify-Agentur mit dem Mindset einer Software-Firma: kein Abarbeiten von Tickets, sondern echtes Mitdenken und Mitgestalten. Wir begleiten Marken von Shop-Setup über Migration bis zur datengetriebenen Optimierung. Und wir brennen dafür, dass unsere Kund:innen wirklich wachsen. 2022 von zwei Freunden gegründet, bauen wir die Agentur seitdem kontinuierlich weiter auf. Wir arbeiten direkt, eigenverantwortlich und mit hohem Anspruch an unsere Ergebnisse. Unser Team",1970-01-01,https://www.arbeitnow.com/jobs/companies/yoffi-digital/junior-it-projektmanager-hanover-383283,arbeitnow,2026-05-05T11:49:53.155813+00:00
4434f972ac4ed12abc8c57253f4894ce,Projektmanager (Fokus Bpo) (M/W/D),Spectos GmbH,Dresden,,CDI,,,Project Management,"Für die Erweiterung unseres Teams im Bereich Projects &#x26; Operations suchen wir für eine(n) zuverlässige(n) Projektmanager (Fokus BPO) (m/w/d). Wenn Du eine neue Herausforderung in einem agilen, innovativen, internationalen und leistungsstarken Umfeld suchst, ist dieser Job ideal für Dich. Aufgaben Als Projektmanager für unsere BPO-Lösungen (Business Process Outsourcing) bist du die zentrale Schnittstelle und der vertrauenswürdige Berater für",1970-01-01,https://www.arbeitnow.com/jobs/companies/spectos-gmbh/projektmanager-fokus-bpo-dresden-294452,arbeitnow,2026-05-05T11:49:53.155813+00:00
3402a2a429f7013d6f2edadf207f1a6a,Freie Mitarbeiter (M/W/D) Für Bevölkerungsbefragungen,Foerster & Thelen Marktforschung,Bochum,,CDI,,,"Market Research, Analysis","Zur Unterstützung unseres Teams suchen wir freiberufliche Mitarbeiter, die uns bei Befragungen im Bereich der Bevölkerungsbefragungen unterstützen. Aufgaben Sie führen Befragungen mit Personen aus Ihrem Umfeld zu aktuellen Themen aus den Bereichen Politik, Soziales, Gesundheit, Kultur und Umwelt. PROJEKTINFORMATIONEN: Aktionszeiten: wiederkehrend, ganzjährig Aktionsorte: Mecklenburg-Vorpommern, Sachsen und Brandenburg<",1970-01-01,https://www.arbeitnow.com/jobs/companies/foerster-thelen-marktforschung/freie-mitarbeiter-fur-bevolkerungsbefragungen-bochum-418053,arbeitnow,2026-05-05T11:49:53.155813+00:00
bf5e1b49bdc9223bb40639ad2f140f77,E-Commerce-Manager/In,BIGBOXX GmbH & Co. KG,Breidenbach,,CDI,,,Online Marketing,"Die BIGBOXX GmbH &#x26; Co. KG ist ein Anbieter für hochwertige Stahlmöbel und Betriebseinrichtungen – vom Spind über Stahlregale bis hin zu Werkstatt- und Büromöbeln. Das Unternehmen mit Sitz in Breidenbach betreibt einen B2B-Onlineshop mit über 20.000 Artikeln für Büro, Lager, Werkstatt und Sozialräume. Als Tochterunternehmen der C+P Möbelsysteme GmbH &#x26; Co. KG profitieren wir von der Erfahrung eines der führenden Stahlmöbelhersteller Europas – und bauen gleichzeitig unseren E‑Co",1970-01-01,https://www.arbeitnow.com/jobs/companies/bigboxx-gmbh-co-kg/e-commerce-manager-in-breidenbach-212009,arbeitnow,2026-05-05T11:49:53.155813+00:00
fc2c5a841f694a381368ca9cd5aae50b,Junior It Systemadministrator (M/W/D) Herzlich Willkommen,Intercon Solutions GmbH,Cologne,,CDI,,,System and Network Administration,"Du hast deine ersten Schritte in der IT gemacht und möchtest jetzt richtig durchstarten? Du arbeitest gern mit Windows-Systemen und suchst ein Team, das dich unterstützt und fördert? Dann freuen wir uns darauf, dich kennenzulernen! Aufgaben Unterstützung beim Betrieb und der Weiterentwicklung von Windows Server- und Clientumgebungen Mitarbeit bei der Administration von Active Directory, Benutzer- und Rechteverwaltung Qualifikation Du",1970-01-01,https://www.arbeitnow.com/jobs/companies/intercon-solutions-gmbh/junior-it-systemadministrator-herzlich-willkommen-cologne-469804,arbeitnow,2026-05-05T11:49:53.155813+00:00
a36d014eeadc2a8c3fe70f523ec1c4b9,Freiberufliche Mitarbeiter (M/W/D) Für Mobile Datenerfassung,Foerster & Thelen Marktforschung,Bochum,,CDI,,,Marketing and Communication,"Zur Unterstützung unseres Teams suchen wir technikaffine Mitarbeiter, die uns bei der Erfassung von Produkten im Einzelhandel unterstützen. Aufgaben Aktionsorte: 04758 Oschatz, 04769 Mügeln, 04749 Ostrau, 01587 Riesa Aktionszeitraum: ganzjährig, in den Öffnungszeiten der Standorte Aktionstage: Freie Zeiteinteilung zwischen Montag und Donnerstag Thema: Produkte in Verbraucher-, Lebensmittel-, Supermärkten oder Drogerien mit Hilfe eines Barcodesc",1970-01-01,https://www.arbeitnow.com/jobs/companies/foerster-thelen-marktforschung/freiberufliche-mitarbeiter-fur-mobile-datenerfassung-bochum-268969,arbeitnow,2026-05-05T11:49:53.155813+00:00
5806fea729349eb39d8c849f58822296,Marketing Manager Polen (M/W/D) Am Standort Berlin,NORSAN (GmbH),Berlin,,CDI,,,Marketing Manager,"Velkommen om bord – Willkommen an Bord! Was erwartet Dich? Ein Team mit norwegischen Wurzeln – hochmotiviert und international – Hersteller der besten Omega-3 Produkte – eine Crew mit ganz viel Omega-3 Expertise – Das und vieles mehr sind wir, NORSAN. Unsere Mission? Wir wollen über Omega-3-Fettsäuren und deren positive Wirkungen im Körper informieren und aufklären. Gleichzeitig möchten wir die besten Omega-3 Produkte zu einer optimalen",1970-01-01,https://www.arbeitnow.com/jobs/companies/norsan-gmbh/marketing-manager-polen-am-standort-berlin-361461,arbeitnow,2026-05-05T11:49:53.155813+00:00
3454aaf4d6abcb4d7cc21bb78d03f429,"Studentische Hilfskraft (M/W/D) Veranstaltungsorganisation – Dptv Campus, Berlin (Teilzeit)",DPtV Deutsche PsychotherapeutenVereinigung,Berlin,,CDI,,,Project Management,"STELLENBESCHREIBUNG Über das berufspolitische Engagement hinaus, bietet die DPtV im Rahmen ihrer Fortbildungsakademie DPtV CAMPUS Raum für fachlichen Austausch und Diskussion mit jährlich etwa 150 Fortbildungsveranstaltungen für die Berufsgruppe. Für unsere Bundesgeschäftsstelle in Berlin suchen wir ab sofort zur Unterstützung des DPtV CAMPUS Teams – vorerst befristet auf zwei Jahre – eine studentische Hilfskraft (m/w/d) im Bereich Veranstaltungsorganisation in",1970-01-01,https://www.arbeitnow.com/jobs/companies/dptv-deutsche-psychotherapeutenvereinigung/studentische-hilfskraft-veranstaltungsorganisation-dptv-campus-berlin-teilzeit-223469,arbeitnow,2026-05-05T11:49:53.155813+00:00
3e5a2c63f54227a32a8c5b90ab5cc6c5,Mediengestalter (M/W/D) In Teilzeit,Nette GmbH,Göttingen,,CDI,,,Marketing and Communication,"Die Nette GmbH ist ein mittelständisches, inhabergeführtes Familienunternehmen mit Standorten in Nord- und Mitteldeutschland. Wir vertreiben täglich voller Leidenschaft nachhaltige Verpackungslösungen für den Außerhausmarkt und den Lebensmitteleinzelhandel (LEH). Im Fokus stehen dabei hochwertige Mehrweg- und Einwegverpackungen für Take-away und Delivery, für Food und Getränke. Zur Verstärkung unseres Standortes Göttingen suchen wir ab sofort eine/n</p",1970-01-01,https://www.arbeitnow.com/jobs/companies/nette-gmbh/mediengestalter-in-teilzeit-gottingen-362694,arbeitnow,2026-05-05T11:49:53.155813+00:00
f2e6255e3d64635955808d257ce7c765,Java-Entwickler (M/W/D),streamboost GmbH,Darmstadt,,CDI,,,Software Development,"Du bist leidenschaftlicher Java-Entwickler (m/w/d) und suchst nach der nächsten großen Herausforderung? Dann bist du bei uns genau richtig! Bei streamboost GmbH in Darmstadt gestaltest du als Backend-Spezialist für Echtzeit-AdTech die Zukunft des Marketings auf Twitch. Seit 2020 treiben wir die Werbewelt mit innovativen Tools und cleveren Datenauswertungen voran und ermöglichen Unternehmen, junge Zielgruppen authentisch und in Echtzeit zu erreichen. Unsere Mission ist es, nicht nur die Nr. 1",1970-01-01,https://www.arbeitnow.com/jobs/companies/streamboost-gmbh/java-entwickler-darmstadt-237909,arbeitnow,2026-05-05T11:49:53.155813+00:00
6b160f78b965e6652978bb8b26e283b9,Fullstack-Developer (M/W/D) - Schwerpunkt Power Platform,acoris AG,Darmstadt,,CDI,,,Software Development,"Die acoris AG ist ein innovativer IT-Dienstleister rund um Microsoft 365 und moderne Zusammenarbeit. Dich erwarten flexible Arbeitszeiten, echtes Teamwork und eine offene, wertschätzende Unternehmenskultur. Wir fördern deine Entwicklung aktiv – mit Weiterbildung, modernen Tools und spannenden Projekten. Aufgaben Du begleitest den gesamten Entwicklungsprozess – von der Anforderungsanalyse über die technische Umsetzung bis hin zum Testing und Go-Live. Du en",1970-01-01,https://www.arbeitnow.com/jobs/companies/acoris-ag/fullstack-developer-schwerpunkt-power-platform-darmstadt-102751,arbeitnow,2026-05-05T11:49:53.155813+00:00
251c781318ccd2e38c7ee9158eb54e8c,Finanzbuchhalter/In (M/W/D),8P Steuerberatung - Wirtschaftsprüfung - Rechtsberatung,Siegen,,CDI,,,Finance,"Die 8P Partnerschaft mit Leidenschaft für Lösungen! 8P: acht Partner, mehr als 40 Berufsträger, insgesamt 150 Mitarbeiterinnen und Mitarbeiter - Steuerberater, Wirtschaftsprüfer, Rechtsanwälte und Fachkräfte. Wir sind eine unabhängig, dynamisch wachsende Kanzlei mit mehr als 50 Jahren Historie. Im Kern betreuen und beraten wir inhabergeführte mittelständische Familienunternehmen - bei komplexen, internationalen Fragen auch gemeinsam mit unserem Allianc",1970-01-01,https://www.arbeitnow.com/jobs/companies/8p-steuerberatung-wirtschaftsprufung-rechtsberatung/finanzbuchhalter-in-siegen-40758,arbeitnow,2026-05-05T11:49:53.155813+00:00
ab162404ff77b621ebdcadce1dd83b15,It Systemengineer Mit Schwerpunkt Microsoft 365 (M/W/D),Medialine EuroTrade AG,Cologne,,CDI,,,System and Network Administration,"Diese Position ist für unsere Gesellschaft CYBERDYNE Informationstechnologie GmbH zu besetzen. Wir sind CYBERDYNE – ein spezialisierter Managed Services Provider für anspruchsvolle ITLösungen im Mittelstand. Als Teil der Medialine Group gehören wir zu einer der führenden IT-Unternehmensgruppen in Deutschland. Diese Kombination aus mittelständischer Agilität und Konzernstärke ermöglicht es uns, unseren Kunden leistungsfähige, skalierbare und zukunftssichere Lösungen anzubieten. W",1970-01-01,https://www.arbeitnow.com/jobs/companies/medialine-eurotrade-ag/it-systemengineer-mit-schwerpunkt-microsoft-365-cologne-163860,arbeitnow,2026-05-05T11:49:53.155813+00:00
be5ba0b46ffa101927567199b01d18ab,Ausbildung Zum Fachinformatiker Für Anwendungsentwicklung (M/W/D) In Dortmund - Keine Überstunden,EXWE GmbH,Dortmund,,CDI,,,IT,"Entwickle Software, die wirklich genutzt wird. Bei EXWE - Experts in Webtechnologies - entwickelst du individuelle Web- und E-Commerce-Lösungen, die Unternehmen digital voranbringen. Wir glauben: Großartige Software entsteht, wenn Menschen mit Leidenschaft, Kreativität und klarem Kopf arbeiten, nicht durch Überstunden. Dein Platz bei EXWE Bei uns triffst du auf ein buntes Team aus mehr als 15 Entwickler:innen, Projektmanager:innen und Kre",1970-01-01,https://www.arbeitnow.com/jobs/companies/exwe-gmbh/ausbildung-zum-fachinformatiker-fur-anwendungsentwicklung-in-dortmund-keine-uberstunden-56505,arbeitnow,2026-05-05T11:49:53.155813+00:00
3109ebb679e781af0b842723db505b9e,Newsroom Editor / Media Analyst (W/M/D) In Teilzeit (50%) - Berlin Oder Remote,cognita Deutschland GmbH,Berlin,,REMOTE,,,"Remote, Marketing and Communication","Dein Profil Zur Verstärkung unseres Teams suchen wir eine analytisch denkende Persönlichkeit mit Interesse an datenbasierter Medienanalyse und neuen Technologien. Die Rolle eignet sich sowohl für Berufseinsteiger:innen als auch für Studierende (ca. 20h/Woche), die praktische Erfahrung im Bereich Media Analytics sammeln möchten. Der Fokus der Position liegt auf der Arbeit in der Spätschicht sowie der strukturierten Auswertung und Aufbereitung v",1970-01-01,https://www.arbeitnow.com/jobs/companies/cognita-deutschland-gmbh/newsroom-editor-media-analyst-in-teilzeit-50-berlin-oder-remote-160278,arbeitnow,2026-05-05T11:49:53.155813+00:00
a477f9bd9fd37606bd5b106d1b742610,Senior It Administrator - Schwerpunkt Microsoft (M/W/D),Wiethe Content GmbH,Bremen,,CDI,,,IT,"Die führende Content-Agentur, für die Fashion- und Lifestyle-Branche in Europa mit Kunden wie adidas, Zalando, P&#x26;C u.v.m. Das sind wir: die Wiethe Content GmbH. In den Bereichen Foto, Film und CGI sind wir Marktführer und kreieren medienübergreifend immer neuen Content, der unseren Kunden zielgruppenspezifisch ausgespielt wird. Unser Hauptsitz ist unser 11.000 qm großes Fotostudio in Bremen, in dem wir aktuell ca. 200 Mitarbeiter beschäftigen. Für unseren Standor",1970-01-01,https://www.arbeitnow.com/jobs/companies/wiethe-content-gmbh/senior-it-administrator-schwerpunkt-microsoft-bremen-486257,arbeitnow,2026-05-05T11:49:53.155813+00:00
74cc9175d6dc73c948eef3b137d0f747,"Senior It Manager (M/W/D) (Id134) - Volunteer, Unpaid",EUSMS gGmbH,Munich,,REMOTE,,,"Remote, Management, Team Leader","EUSMS gGmbH is a passionate team of change-makers dedicated to making a profound impact in Kenya, East Africa, and beyond. Our organization stands for five core pillars: Entrepreneurship, Stoicism, Mindfulness, Universal ethical principles, and Skepticism. We empower entrepreneurs to scale their ventures, create jobs, and drive economic growth while focusing on social entrepreneurship, development aid, equal rights, education, environmental protection, and support for people in need. o",1970-01-01,https://www.arbeitnow.com/jobs/companies/eusms-ggmbh/senior-it-manager-id134-volunteer-unpaid-munich-298186,arbeitnow,2026-05-05T11:49:53.155813+00:00
e69c197e41e4cdab7994216f79ed3d1f,Venture Capital Internship @ B2Venture Direct Investments (M/F/D) - June 2026,b2venture GmbH,Berlin,,CDI,,,Finance,"b2venture's Direct Investments Team is looking for a Visiting Analyst (m/f/d) to join our team as an Intern as of June 2026 for 4 months. Founded in 2000, b2venture is one of the most experienced venture capital firms in Europe. The group makes early-stage investments through its dedicated funds and stage-agnostic investments through its direct investment track. b2venture is supported by a strong community of angel investors, fostering the firm’s passi",1970-01-01,https://www.arbeitnow.com/jobs/companies/b2venture-gmbh/venture-capital-internship-at-b2venture-direct-investments-june-2026-berlin-243293,arbeitnow,2026-05-05T11:49:53.155813+00:00
a36bfc2e0b16bd36c829db17628ee734,Industriemechaniker Als Instandhalter (M/W/D) | Bis Zu 42.000 €,Riverstate Premium Recruiting,Wolfsburg,,CDI,,,"Building, Supply, Safety Services Engineering","Wasser ist einer der wichtigsten Rohstoffe, mehr noch: sauberes Wasser ist überlebensnotwendig. Helfen Sie also mit, für sauberes Wasser zu sorgen, und finden Sie gleichzeitig Ihren Traumjob! Ein weltweit agierendes Chemieunternehmen, das sich auf nachhaltige Systemlösungen für alle Aufgaben spezialisiert hat, die bei der industriellen Wasseraufbereitung anfallen, sucht Sie als Industriemechaniker für Instandhaltung. Starten sie durch in einem spannenden und innovativen Arbeitsumfeld im Berei",1970-01-01,https://www.arbeitnow.com/jobs/companies/riverstate-premium-recruiting/industriemechaniker-als-instandhalter-bis-zu-42000-eur-wolfsburg-457253,arbeitnow,2026-05-05T11:49:53.155813+00:00
12753017987c2fbe4aa4cd7ae214a923,Controller (M/W/D),Personalberatung Susan Lange,Greifswald,,CDI,,,Finance,"Die Personalberatung Susan Lange in Rostock ist spezialisiert auf die Direktsuche und Vermittlung von kaufmännischen Fachkräften. Für Bewerber ist unser gesamter Service kostenfrei. Im Auftrag unseres Kunden, ein mittelständisches Industrieunternehmen aus der regionalen Wirtschaft, suchen wir zum nächstmöglichen Termin einen Controller (m/w/d) Aufgaben Unterstützung der Abteilung Buchhaltung im operativen Bereich Erstellung von Mon",1970-01-01,https://www.arbeitnow.com/jobs/companies/personalberatung-susan-lange/controller-greifswald-153679,arbeitnow,2026-05-05T11:49:53.155813+00:00
92d09777ad57beb9dc4c58e514ae2784,Personalrecruiter Hr (M/W/D) In Stuttgart,prognum Automotive GmbH,Stuttgart,,CDI,,,HR,"Du brennst für die Mobilität von morgen? Dann bist Du bei uns genau richtig! Bei PROGNUM sind wir als etablierter Ingenieur- und Beratungsdienstleister darauf spezialisiert, in vielseitigen Automotive-Projekten neue Maßstäbe zu setzen. Wir arbeiten an den wegweisenden Technologien von morgen – sei es im autonomen Fahren, Elektromobilität, Connectivity, Infotainment oder darüber hinaus. Sichere Dir die Pole-Position und starte mit uns durch! Aufgaben Das e",1970-01-01,https://www.arbeitnow.com/jobs/companies/prognum-automotive-gmbh/personalrecruiter-hr-in-stuttgart-298732,arbeitnow,2026-05-05T11:49:53.155813+00:00
ddcac9212407ff3808b5c0a06dbf70df,Junior/Mid-Level Fullstack Developer (M/W/D),dsb Deutsche Sanierungsberatung GmbH,Berlin,,CDI,,,Software Development,"Du willst nicht nur Tickets abarbeiten, sondern verstehen, wie ein Produkt wirklich funktioniert, von der Datenbank bis ins UI? Bei uns arbeitest du als Fullstack Developer mit TypeScript entlang des gesamten Stacks mit React, Nest.js und PostgreSQL und siehst direkt, welchen Impact dein Code hat. Wir bauen keine überengineerten Konstrukte, sondern pragmatische, skalierbare Lösungen und suchen dafür jemanden, der Lust hat mitzudenken, sich weiterzuentwickeln und Schritt für Schritt meh",1970-01-01,https://www.arbeitnow.com/jobs/companies/dsb-deutsche-sanierungsberatung-gmbh/junior-fullstack-developer-berlin-9369,arbeitnow,2026-05-05T11:49:53.155813+00:00
482ca4c7f88620d7b66c8925ec079823,Werkstudent (M/W/D) Hr Recruiting In Stuttgart,prognum Automotive GmbH,Stuttgart,,CDI,,,Recruitment and Selection,"Du brennst für die Mobilität von morgen? Dann bist Du bei uns genau richtig! Bei PROGNUM sind wir als etablierter Ingenieur- und Beratungsdienstleister darauf spezialisiert, in vielseitigen Automotive-Projekten neue Maßstäbe zu setzen. Wir arbeiten an den wegweisenden Technologien von morgen – sei es im autonomen Fahren, Elektromobilität, Connectivity, Infotainment oder darüber hinaus. Sichere Dir die Pole-Position und starte mit uns durch! Aufgaben Das e",1970-01-01,https://www.arbeitnow.com/jobs/companies/prognum-automotive-gmbh/werkstudent-hr-recruiting-in-stuttgart-320344,arbeitnow,2026-05-05T11:49:53.155813+00:00
61a73b6ca9457d0bf2d9ba923d31af02,Technical Data Manager (M/W/D),BMF Media Information Technology GmbH,Augsburg,,REMOTE,,,"Remote, Technical Documentation","BMF Group Die BMF Group ist ein Full Stack Serviceprovider mit Niederlassungen in Augsburg und Bardowick (bei Lüneburg). Seit über 35 Jahren begleiten wir europaweit Kunden im Mobilitäts‑, Räder‑ und Reifenmarkt: von Werkstätten und Einzelhändlern bis hin zu Herstellern, Industrie und Großhandel. Was uns besonders macht ist unser Team. Bei uns arbeiten KollegInnen am Anfang ihrer Karriere genauso wie erfahrene ExpertInnen mit langjährigem Know‑how - eine frische Mischung aus guten Idee",1970-01-01,https://www.arbeitnow.com/jobs/companies/bmf-media-information-technology-gmbh/technical-data-manager-augsburg-42188,arbeitnow,2026-05-05T11:49:53.155813+00:00
9e6bbb63afc97471b4ba4d38ebb922f9,Abteilungsleiter / Department Manager (M/W/D),LPP Deutschland GmbH,Düsseldorf,,CDI,,,"Management, Team Leader","​​​​​​​Für unseren Store in Düsseldorf suchen wir ab sofort einen Department Manager / Abteilungsleiter (m/w/d) in Vollzeit. Du bist eine leidenschaftliche Führungskraft, die etwas bewegen möchte. Du betreust ein motiviertes Team und managst die Herausforderungen deiner Abteilung eines großen Fashion-Stores. Reserved ist eines der am schnellsten wachsenden Fashion-Unternehmen. Wir kombinieren die neuesten Modetrends mit zukunftsweisenden Technologien. Au",1970-01-01,https://www.arbeitnow.com/jobs/companies/lpp-deutschland-gmbh/abteilungsleiter-department-manager-dusseldorf-194782,arbeitnow,2026-05-05T11:49:53.155813+00:00
2cda5d7084665d758a36f100c9f85268,Abteilungsleiter / Department Manager (M/W/D),LPP Deutschland GmbH,Oberhausen,,CDI,,,"Management, Team Leader","​​​​​​​Für unseren Reserved Store in Oberhausen (Westfield Centro) suchen wir ab sofort einen Department Manager / Abteilungsleiter (m/w/d) in Vollzeit. Du bist eine leidenschaftliche Führungskraft, die etwas bewegen möchte. Du betreust ein motiviertes Team und managst die Herausforderungen deiner Abteilung eines großen Fashion-Stores. Reserved ist eines der am schnellsten wachsenden Fashion-Unternehmen. Wir kombinieren die neuesten Modetrends mit zukunftsweisenden Technologien.",1970-01-01,https://www.arbeitnow.com/jobs/companies/lpp-deutschland-gmbh/abteilungsleiter-department-manager-oberhausen-43857,arbeitnow,2026-05-05T11:49:53.155813+00:00
670b032a164db40493d3895f53f3b1e7,Senior It-Project Manager (M/W/D),think about IT GmbH,Bochum,,CDI,,,IT,"Die thinkGROUP ist eine erfolgreiche Systemhausgruppe, die ständig nach Innovation strebt und großen Wert auf die kontinuierliche Optimierung unserer internen Prozesse legt. Die Nutzung modernster Technologien ist kein Selbstzweck, sondern die Ausprägung unseres Innovationsgeistes und gelebter Kundenorientierung. Hervorragender IT-Service bedarf optimaler Systeme. Unser motiviertes Team gibt täglich sein Bestes, um unsere Kunden immer wieder neu zu begeistern. Wir suchen Dich zum nächs",1970-01-01,https://www.arbeitnow.com/jobs/companies/think-about-it-gmbh/senior-it-project-manager-bochum-49071,arbeitnow,2026-05-05T11:49:53.155813+00:00
2261a6511d094e1ce459a31ac70b64ba,Mitarbeiter Auftragsdisposition & - Steuerung (M/W/D),think about IT GmbH,Bochum,,CDI,,,IT,"Die thinkGROUP ist eine erfolgreiche Systemhausgruppe, die ständig nach Innovation strebt und großen Wert auf die kontinuierliche Optimierung unserer internen Prozesse legt. Die Nutzung modernster Technologien ist kein Selbstzweck, sondern die Ausprägung unseres Innovationsgeistes und gelebter Kundenorientierung. Hervorragender IT-Service bedarf optimaler Systeme. Unser motiviertes Team gibt täglich sein Bestes, um unsere Kunden immer wieder neu zu begeistern. Wir suchen Dich zum nächs",1970-01-01,https://www.arbeitnow.com/jobs/companies/think-about-it-gmbh/mitarbeiter-auftragsdisposition-steuerung-bochum-139691,arbeitnow,2026-05-05T11:49:53.155813+00:00
3a709d833cc78c6703b27eaf7203faf6,Werkstudent:In (M/W/D) Digital Marketing & Performance Advertising,luna-park GmbH - Digital Marketing Agentur,Cologne,,CDI,,,Online Marketing,"Wir sind lunapark – eine Digital Marketing Agentur mit Fokus auf SEO, SEA, Social Ads, Programmatic, Analytics und datengetriebene Marketingstrategien. Seit über 25 Jahren unterstützen wir Unternehmen dabei, Sichtbarkeit, Leads und Wachstum über starke Online-Kampagnen zu erzielen. Aufgaben Für unser Ads-Team suchen wir einen Werkstudenten:****in (m/w/d), der/die Lust hat, tief in die Welt der datengetriebenen Online-Werbung einzutauchen und praktisch",1970-01-01,https://www.arbeitnow.com/jobs/companies/luna-park-gmbh-digital-marketing-agentur/werkstudentin-digital-marketing-performance-advertising-cologne-82530,arbeitnow,2026-05-05T11:49:53.155813+00:00
a1c3019ca2888395ba3a8402cfc67971,Werkstudent (M/W/D) Customer Success,BST Media GmbH,Berlin,,CDI,,,Product Management,"Du hast Lust, die Digitalisierung der Bau- und Logistikbranche im DACH-Raum aktiv mitzugestalten? Du bist ein Organisationstalent mit einem Auge für Design? Dann unterstütze uns im Bereich Customer Success, dabei, unsere Kunden glücklich zu machen und unsere Prozesse aufs nächste Level zu heben! Wir stellen uns eine Welt vor, in der alle gewerblichen Mitarbeitenden nahtlos digital integriert sind – unabhängig von ihren technischen Vorkenntnissen. Daher unterstützen wir Unternehmen in d",1970-01-01,https://www.arbeitnow.com/jobs/companies/bst-media-gmbh/werkstudent-customer-success-berlin-465248,arbeitnow,2026-05-05T11:49:53.155813+00:00
f79b247ef0aeda16dfacfeb9a2277a3e,Team Lead Finanzbuchhaltung (M/W/D),think about IT GmbH,Bochum,,CDI,,,Finance,"Die thinkGROUP ist eine erfolgreiche Systemhausgruppe, die ständig nach Innovation strebt und großen Wert auf die kontinuierliche Optimierung unserer internen Prozesse legt. Die Nutzung modernster Technologien ist kein Selbstzweck, sondern die Ausprägung unseres Innovationsgeistes und gelebter Kundenorientierung. Hervorragender IT-Service bedarf optimaler Systeme. Unser motiviertes Team gibt täglich sein Bestes, um unsere Kunden immer wieder neu zu begeistern. Wir suchen Dich zum nächs",1970-01-01,https://www.arbeitnow.com/jobs/companies/think-about-it-gmbh/team-lead-finanzbuchhaltung-bochum-492370,arbeitnow,2026-05-05T11:49:53.155813+00:00
673d79f17458e64a78f076ec1d8d23a3,Mitarbeiter Technical Services (M/W/D),think about IT GmbH,Bochum,,CDI,,,IT,Wir suchen Dich zum nächstmöglichen Zeitpunkt als Teammitglied unseres Fachbereichs Technical Services in Bochum. Werde Teil der thinkGROUP und unterstütze uns als Mitarbeiter Technical Services (m/w/d). Aufgaben Instandsetzung von IT-Komponenten Umbau und Erweiterung von Arbeitsplatz-Hardware Installation und Konfiguration von Hardware im Client- und Serverbereich selbstständige Softwareinstallation L,1970-01-01,https://www.arbeitnow.com/jobs/companies/think-about-it-gmbh/mitarbeiter-technical-services-bochum-433382,arbeitnow,2026-05-05T11:49:53.155813+00:00
430342bbb823dddac4d121eeb2a24bf3,Supportexpert:In Finanzbuchhaltungssoftware,Seiwert GmbH,Frankfurt Am Main,,CDI,,,Helpdesk,"Für unser wachsendes Team suchen wir einen engagierten Fibu &#x26; ERP Support Specialist (m/w/d), der über fundierte technische Kenntnisse verfügt und unser Unternehmen dabei unterstützt, unseren Kunden einen erstklassigen Support zu bieten. Wir laden auch Quereinsteiger, wie z.B. IT-Manager aus KMU oder der Industrie, ein, sich zu bewerben! Wenn Sie Erfahrung im Umgang mit ERP-Systemen haben oder sich in einem technischen Umfeld gut zurechtfinden, freuen wir uns auf Ihre Bewerbung! D",1970-01-01,https://www.arbeitnow.com/jobs/companies/seiwert-gmbh/supportexpertin-finanzbuchhaltungssoftware-frankfurt-am-main-136126,arbeitnow,2026-05-05T11:49:53.155813+00:00
b679159fa5039ac054a539b89ba14cd2,Marketing Lead - Focus Ai (M/F/D),aleno Deutschland GmbH,Berlin,,CDI,,,Marketing and Communication,"Rahmenbedingungen Arbeitsort: Berlin Start: Ab sofort Vollzeit, flexible Arbeitszeiten** Das erwartet dich:** aleno wächst – und das Marketing soll diese Wachstumskurve nicht begleiten, sondern antreiben. Dafür suchen wir jemanden, der es vollständig übernimmt: Verantwortung, Strategie und Umsetzung. Nicht verwalten, sondern gestalten, aufbauen und liefern. Du entwickelst die Marketingstrategi",1970-01-01,https://www.arbeitnow.com/jobs/companies/aleno-deutschland-gmbh/marketing-lead-focus-ai-berlin-384060,arbeitnow,2026-05-05T11:49:53.155813+00:00
a1e4236948b0b8fab9376ea1a2ca4c9d,Teamleiter (M/W/D) Call Center,Avedo - Eine Marke der Ströer X GmbH,Köln,,CDI,,,"Customer service, call center, high school or equivalent",Du hast Vorerfahrung in der Branche sowie in der Führung von einem Team? Dann bist du hier genau richtig! Für unseren Standort Avedo Köln suchen wir dich als Teamleiter (m/w/d) in Vollzeit. Deine Benefitssicherer Arbeitsplatz und Festanstellung in Vollzeitprofessionelle Einarbeitung und Coachings für deine persönliche Weiterentwicklungbei Avedo has,1970-01-01,https://www.arbeitnow.com/jobs/companies/avedo-eine-marke-der-stroer-x-gmbh/teamleiter-call-center-koln-208323,arbeitnow,2026-05-05T11:49:53.155813+00:00
a340097ebf4a857e3a8c7a3ca8d417c2,Senior Mechanical Engineer – Cryogenics & Vacuum,eleQtron GmbH,Hamburg,,CDI,,,"Engineering, bachelor's degree",eleQtron develops and operates full-stack quantum computers based on trapped-ion technology. Quantum computing is a new computing paradigm rapidly approaching commercial viability. Our unique approach combines laser-cooled trapped ions with microwave control and tailored magnetic fields. Our next-generation computing machines under development will be able to find solutions to problems that are out of,1970-01-01,https://www.arbeitnow.com/jobs/companies/eleqtron-gmbh/senior-mechanical-engineer-cryogenics-vacuum-hamburg-85762,arbeitnow,2026-05-05T11:49:53.155813+00:00
7b26fc5265c009b3033aa0fa7b5e5afd,Werkstudent (M/W/D) Retail Media Onsite – Campaign Management,idealo internet GmbH,Berlin,,CDI,,,"Advertising, college coursework completed","Als Werkstudent:in unterstützt du unser Retail Media Onsite Team bei der Umsetzung von Werbekampagnen auf idealo. Du bekommst einen praxisnahen Einstieg in die Welt von Ad Tech, Kampagnensteuerung und datengetriebenem Marketing – und übernimmst dabei Schritt für Schritt eigene Verantwortung. Deine Aufgaben Unterstützung bei der Umsetzung von Onsite-Werbekampagnen über unseren Ad Server (manuell und a",1970-01-01,https://www.arbeitnow.com/jobs/companies/idealo-internet-gmbh/werkstudent-retail-media-onsite-campaign-management-berlin-470949,arbeitnow,2026-05-05T11:49:53.155813+00:00
61bf4305fc22ef5e9bb43c17d6764004,Microsoft Azure / Intune Specialist (M/W/D),think about IT GmbH,Bochum,,CDI,,,IT,"Wir suchen Dich zum nächstmöglichen Zeitpunkt als Teammitglied für unseren Standort Bochum. Werde Teil der thinkGROUP und unterstütze uns als Microsoft Azure / Intune Specialist (m/w/d). Aufgaben Planung, Umsetzung und Betrieb von Microsoft Azure- und Microsoft Intune-Lösungen für unsere Kunden Beratung zu und Implementierung von M365-Services, Azure AD, Conditional Access, Autopilot, Endpoint Manager, u.v.m. Administra",1970-01-01,https://www.arbeitnow.com/jobs/companies/think-about-it-gmbh/microsoft-azure-intune-specialist-bochum-126653,arbeitnow,2026-05-05T11:49:53.155813+00:00
954cb3cba71a653eb713afb1f07d8385,Security Engineer (M/W/D),think about IT GmbH,Bochum,,CDI,,,IT,"Wir suchen Dich zum nächstmöglichen Zeitpunkt als Teammitglied für unseren Standort Bochum. Werde Teil der thinkGROUP und unterstütze uns als Security Engineer (m/w/d). Aufgaben Planung, Umsetzung und Weiterentwicklung von Sicherheitskonzepten für unsere Kundeninfrastruktur Durchführung von Risikoanalysen, Schwachstellen-Scans und Penetrationstest Aufbau, Konfiguration und Betrieb von Sicherheitslösungen Incide",1970-01-01,https://www.arbeitnow.com/jobs/companies/think-about-it-gmbh/security-engineer-bochum-235482,arbeitnow,2026-05-05T11:49:53.155813+00:00
5f6de7f8f72a574933b662a7b67fef4e,It-System Engineer (M/W/D),think about IT GmbH,Bochum,,CDI,,,IT,"Die thinkGROUP ist eine erfolgreiche Systemhausgruppe, die ständig nach Innovation strebt und großen Wert auf die kontinuierliche Optimierung unserer internen Prozesse legt. Die Nutzung modernster Technologien ist kein Selbstzweck, sondern die Ausprägung unseres Innovationsgeistes und gelebter Kundenorientierung. Hervorragender IT-Service bedarf optimaler Systeme. Unser motiviertes Team gibt täglich sein Bestes, um unsere Kunden immer wieder neu zu begeistern. Wir suchen Dich zum nächs",1970-01-01,https://www.arbeitnow.com/jobs/companies/think-about-it-gmbh/it-system-engineer-bochum-117953,arbeitnow,2026-05-05T11:49:53.155813+00:00
60d95fe7e1a994c1872ba142e26bebe6,Full Stack Java/Kotlin-Entwickler:In (M/W/D) - Im Kölner Startup,GreenPocket GmbH,Cologne,,CDI,,,Software Development,"Du willst mehr sein als ein Byte im Datenmeer? Du möchtest gerne mit Leidenschaft Verantwortung in agilen Teams übernehmen und aktiv mit uns dazu beitragen, die Klimawende voranzutreiben? Dann sollten wir uns unbedingt kennenlernen! Das sind wir Als agiles, grünes Startup und Spezialist für Energiemanagement- und Visualisierungssoftware beteiligen wir uns aktiv an der Gestaltung einer nachhaltigen, klimaneutralen Zukunft. So ist es unsere Mission, mit intuitiver",1970-01-01,https://www.arbeitnow.com/jobs/companies/greenpocket-gmbh/full-stack-java-kotlin-entwicklerin-im-kolner-startup-cologne-274509,arbeitnow,2026-05-05T11:49:53.155813+00:00
6455e0af355966e0103b25129ae8f577,Praktikant:In (M/W/D) Finance & Controlling Im Kölner Startup,GreenPocket GmbH,Cologne,,CDI,,,Controlling,"Du brennst für Zahlen? Controlling und Finanzen sind für Dich mehr als bloße Begriffe – sie sind Deine Leidenschaft? Du suchst eine herausfordernde Position, bei der Du Dein finanztechnisches Geschick unter Beweis stellen und kontinuierlich weiterentwickeln kannst? Dann bist Du bei uns genau richtig! Das sind wir Als agiles, grünes Startup und Spezialist für Energiemanagement- und Visualisierungssoftware beteiligen wir uns aktiv an der Gestaltung einer nachhalti",1970-01-01,https://www.arbeitnow.com/jobs/companies/greenpocket-gmbh/praktikantin-finance-controlling-im-kolner-startup-cologne-334090,arbeitnow,2026-05-05T11:49:53.155813+00:00
5d7681baefdf53b833114ce4fa8fcbe8,Api- Und Schnittstellenentwickler:In (M/W/D) Im Kölner Startup,GreenPocket GmbH,Cologne,,CDI,,,IT,"Als agiles, grünes Startup und Spezialist für Energiemanagement- und Visualisierungssoftware beteiligen wir uns aktiv an der Gestaltung einer nachhaltigen, klimaneutralen Zukunft. So ist es unsere Mission, mit intuitiver, KI-getriebener Software das Management des Energieverbrauchs so einfach zu machen, dass es für wirklich jeden – egal ob Unternehmen oder Privathaushalt – zu einer Selbstverständlichkeit wird und Energieversorger und Unternehmenskunden wirksam sowohl Energieverbrauch als auch",1970-01-01,https://www.arbeitnow.com/jobs/companies/greenpocket-gmbh/api-und-schnittstellenentwicklerin-im-kolner-startup-cologne-358908,arbeitnow,2026-05-05T11:49:53.155813+00:00
89394b094b68c511a5a3301a6fe64a01,Praktikant:In (M/W/D) Produktmanagement Im Kölner Startup,GreenPocket GmbH,Cologne,,CDI,,,Product Management,"Bist Du ein Techi mit einer Vorliebe für die Energiewirtschaft? Reizt es Dich, den Markt und die Konkurrenz zu analysieren und zu verstehen? Sei Teil unseres Teams und bringe Schwung in die Optimierung und Weiterentwicklung unserer Produkte! Das sind wir Als agiles, grünes Startup und Spezialist für Energiemanagement- und Visualisierungssoftware beteiligen wir uns aktiv an der Gestaltung einer nachhaltigen, klimaneutralen Zukunft. So ist es unsere Mission, mit i",1970-01-01,https://www.arbeitnow.com/jobs/companies/greenpocket-gmbh/praktikantin-produktmanagement-im-kolner-startup-cologne-47243,arbeitnow,2026-05-05T11:49:53.155813+00:00
a24a3394fe55f70c5a23a371cca44205,Praktikant:In (M/W/D) Projektmanagement Im Smart Energy Startup,GreenPocket GmbH,Cologne,,CDI,,,Project Management,"Du möchtest ins Projektmanagement eintauchen und dabei selbstständig und eigenverantwortlich Themen bearbeiten? Du hast Lust, Dich mit Projektcontrolling, Analysen und Ressourcenplanung zu beschäftigen? Dann starte jetzt bei GreenPocket durch! Das sind wir Als agiles, grünes Startup und Spezialist für Energiemanagement- und Visualisierungssoftware beteiligen wir uns aktiv an der Gestaltung einer nachhaltigen, klimaneutralen Zukunft. So ist es unsere Mission, mit",1970-01-01,https://www.arbeitnow.com/jobs/companies/greenpocket-gmbh/praktikantin-projektmanagement-im-smart-energy-startup-cologne-166859,arbeitnow,2026-05-05T11:49:53.155813+00:00
4c98f267865ba5a536ba7b635dcd57d3,Praktikant:In (M/W/D) Marketing & Eventmanagement Im Smart Energy Startup,GreenPocket GmbH,Cologne,,CDI,,,Marketing and Communication,"Marketingkampagnen planen, Social Media koordinieren und Events vorbereiten – das klingt wie Musik in Deinen Ohren? SEO, SEA und Content Creation sind für Dich keine Fremdwörter? Dann starte jetzt bei GreenPocket durch! Das sind wir Als agiles, grünes Startup und Spezialist für Energiemanagement- und Visualisierungssoftware beteiligen wir uns aktiv an der Gestaltung einer nachhaltigen, klimaneutralen Zukunft. So ist es unsere Mission, mit intuitiver, KI-getriebe",1970-01-01,https://www.arbeitnow.com/jobs/companies/greenpocket-gmbh/praktikantin-marketing-eventmanagement-im-smart-energy-startup-cologne-170225,arbeitnow,2026-05-05T11:49:53.155813+00:00
87e035a2dba438bcf416fb4ac2d5234c,Praktikant:In (M/W/D) - Inhouse Consulting & Business Development Im Smart Energy Startup,GreenPocket GmbH,Cologne,,CDI,,,Business Development,"Du hast ein Gespür für aktuelle Trends und interessierst Dich für Energiemanagement? Du setzt Dich gerne mit strategisch wichtigen Themen im Bereich KI-Einsatz im Energiemanagement oder IoT auseinander? Dann bewirb Dich bei uns und unterstütze uns bei der strategischen Weiterentwicklung unseres Unternehmens! Das sind wir Als agiles, grünes Startup und Spezialist für Energiemanagement- und Visualisierungssoftware beteiligen wir uns aktiv an der Gestaltung einer n",1970-01-01,https://www.arbeitnow.com/jobs/companies/greenpocket-gmbh/praktikantin-inhouse-consulting-business-development-im-smart-energy-startup-cologne-337201,arbeitnow,2026-05-05T11:49:53.155813+00:00
a485c06f876c1ce6be6b62e157ce957b,Praktikant (M/W/D) Prozessoptimierung & Ki-Automatisierung,evolve+adapt GmbH,Essen,,CDI,,,IT,"Schwerpunkt: Smart Workflows &#x26; Data Reporting 📍 Essen (Rüttenscheid) | ⏰ Vollzeit oder Teilzeit | 🚀 E-Commerce Agentur Wir skalieren Marken auf Amazon. Das bedeutet: Viele Daten, viele Berichte, viele Prozesse. Wir wollen nicht ""härter"" arbeiten, sondern smarter. Deshalb suchen wir dich: Einen Kopf, der Spaß daran hat, interne Abläufe zu durchleuchten, KI-Tools sinnvoll einzubinden und Datenströme (z. B. zwischen Schnittstellen) zu automati",1970-01-01,https://www.arbeitnow.com/jobs/companies/evolveadapt-gmbh/praktikant-prozessoptimierung-ki-automatisierung-essen-363234,arbeitnow,2026-05-05T11:49:53.155813+00:00
dba8749b2d73b95451e6eb7ee169bbce,React Developer:In (M/W/D) Im Kölner Startup,GreenPocket GmbH,Cologne,,CDI,,,Software Development,"Du willst mehr sein als ein Byte im Datenmeer? Du möchtest gerne mit Leidenschaft Verantwortung in agilen Teams übernehmen und aktiv mit uns dazu beitragen, die Klimawende voranzutreiben? Dann sollten wir uns unbedingt kennenlernen! Über uns Als agiles, grünes Startup und Spezialist für Energiemanagement- und Visualisierungssoftware beteiligen wir uns aktiv an der Gestaltung einer nachhaltigen, klimaneutralen Zukunft. So ist es unsere Mission, mit intuitiver, KI",1970-01-01,https://www.arbeitnow.com/jobs/companies/greenpocket-gmbh/react-developerin-im-kolner-startup-cologne-82706,arbeitnow,2026-05-05T11:49:53.155813+00:00
4e0b57d7161a8333f45420893f7353f0,Praktikant / Intern (M/W/D) Für Ki & Automatisierung,feld.energy GmbH,Munich,,CDI,,,Project Management,"Deine Mission Als Praktikant (m/w/d) für KI &#x26; Automatisierung arbeitest du eng mit unserem Verantwortlichen für unsere Tool- und Systemlandschaft zusammen und unterstützt Teams dabei, operative Herausforderungen mit KI, Automatisierung und Software zu lösen. Du baust nicht nur Konzepte – du setzt sie um. Schnell, pragmatisch und mit echtem Impact. Perfekt für ambitionierte Persönlichkeiten, die nicht nur über KI sprechen, sondern mit ihr bauen wollen. Über uns</h",1970-01-01,https://www.arbeitnow.com/jobs/companies/feldenergy-gmbh/praktikant-intern-fur-ki-automatisierung-munich-331159,arbeitnow,2026-05-05T11:49:53.155813+00:00
96703d3c7247b63f81b3cfb8f5cb7c96,Hr Payroll Specialist / Mitarbeiter Entgeltabrechnung. (M/W/D),ODAV AG,Straubing,,CDI,,,HR,"Wir suchen zum nächstmöglichen Zeitpunkt einen HR Payroll Specialist / Mitarbeiter Entgeltabrechnung. (m/w/d) Als innovativer Technologiepartner des Handwerks unterstützt die ODAV AG seit über 50 Jahren Handwerksbetriebe und deren Organisationen mit hochwertigen Software-Lösungen und IT-Dienstleistungen. Aufgaben Eigenverantwortliche Abwicklung von monatlichen Entgeltabrechnungen, Melde-Bescheinigungswesen, Pflege von Personalstammdaten, etc. Persönliche",1970-01-01,https://www.arbeitnow.com/jobs/companies/odav-ag/hr-payroll-specialist-mitarbeiter-entgeltabrechnung-straubing-99900,arbeitnow,2026-05-05T11:49:53.155813+00:00
287c555baa69a9f7b4b676c77fd9cfda,Data Integration & Api Engineer M/W/D - Bi & Data Automation,loyos bi GmbH,Hamburg,,REMOTE,,,"Remote, Software Development","loyos bi ist ein wachsendes SaaS-Unternehmen aus Hamburg. Unsere Financial Management Suite und HR Reporting Suite auf Basis von Microsoft Power BI ermöglichen es Unternehmen, Finanz- und HR-Daten klar, verständlich und visuell modern auszuwerten. Mit viel Gestaltungsfreiheit, wenig Hierarchien und echter Begeisterung für Technologie bauen wir ein Unternehmen, das datengetriebene Entscheidungen ermöglicht – pragmatisch, effizient und zukunftsgerichtet. Wir arbeiten remote-first und bie",1970-01-01,https://www.arbeitnow.com/jobs/companies/loyos-bi-gmbh/data-integration-api-engineer-bi-data-automation-hamburg-66228,arbeitnow,2026-05-05T11:49:53.155813+00:00
979761aee8f7a0c632e0668bba95e098,Technische*R Produktdesigner*In,TWK,Wedel,,CDI,,,Engineering,"Du weißt, was es bedeutet, wenn aus einem leeren Bildschirm ein reales Produkt wird – ein Bauteil, das sitzt, eine Baugruppe, die funktioniert, eine Zeichnung, die in der Fertigung nicht nachgefragt werden muss. Genau das ist dein Ding. Du denkst in 3D, bevor der erste Fräser anläuft, und du verstehst, dass gute Konstruktion weit mehr ist als schöne Modelle – sie ist die Grundlage für alles, was danach kommt. In Wedel bei Hamburg suchen wir jemanden, der diesen Anspruch lebt und unsere Produk",1970-01-01,https://www.arbeitnow.com/jobs/companies/twk/technischer-produktdesignerin-wedel-11870,arbeitnow,2026-05-05T11:49:53.155813+00:00
a084a0d0931633a693f3a4806e074dff,Ausbildung Zum Fachinformatiker Für Systemintegration (M/W/D) - Leipzig,Medialine EuroTrade AG,Leipzig,,CDI,,,IT,"Die Medialine AG steht als Full-Service IT-Systemhaus für maßgeschneiderte Lösungen für den gehobenen Mittelstand. Seit fast zwanzig Jahren verlassen sich unsere Kunden auf unsere Expertise und unser Know-how in den Bereichen IT Infrastructure, Managed &#x26; Cloud Services sowie Business Solutions. Aufgaben Im Rahmen Deiner Ausbildung (ab August 2026) arbeitest Du in einem engagierten Team und lernst die verschiedenen Funktionsbereiche eines Systemhauses kenn",1970-01-01,https://www.arbeitnow.com/jobs/companies/medialine-eurotrade-ag/ausbildung-zum-fachinformatiker-fur-systemintegration-leipzig-459499,arbeitnow,2026-05-05T11:49:53.155813+00:00
d3e3a1993ffbcba8ad4e4c0ba13344c4,Senior Performance Marketing Manager (Remote In De) - All Genders,ADBAKER,Cologne,,REMOTE,,,"Remote, Marketing and Communication","join the team High Budgets. Hoher Impact. Klare Verantwortung. Als Senior Performance Marketing Manager bei ADBAKER steuerst du 6- bis 7-stellige Paid Social Budgets für unterschiedliche Brands und entwickelst Strategien, die profitables Wachstum liefern. Meta und TikTok sind dein Spielfeld – Daten deine Entscheidungsgrundlage. Du testest, skalierst und optimierst entlang des gesamten Funnels und bringst sowohl Kunden als auch unser Team auf ein neues Performance-Level.",1970-01-01,https://www.arbeitnow.com/jobs/companies/adbaker/senior-performance-marketing-manager-remote-in-de-all-genders-cologne-92673,arbeitnow,2026-05-05T11:49:53.155813+00:00
45ec0c52c177af2c1b49c9a4f2c36ce4,Software-Entwicklungsingenieur (M/W/X) Für Hochfrequenz-Testsysteme (Netzwerkanalyse),K-tronik GmbH,Memmingen,,CDI,,,Software Development,"Projektbeschreibung: Technologie begeistert Sie? Uns auch! Zur Verstärkung unseres Expertenteams bei unserem Kunden aus der Messtechnik suchen wir einen Software-Entwicklungsingenieur (m/w/x) für Hochfrequenz-Testsysteme (Netzwerkanalyse) in Festanstellung bei K-tronik. Wir freuen uns darauf, Sie persönlich kennenzulernen – und gemeinsam mit Leidenschaft und Teamgeist an spannenden Projekten und zukunftsweisenden Technologien zu arbeiten. Aufgaben: Mit Ihrer Pas",1970-01-01,https://www.arbeitnow.com/jobs/companies/k-tronik-gmbh/software-entwicklungsingenieur-fur-hochfrequenz-testsysteme-netzwerkanalyse-memmingen-163152,arbeitnow,2026-05-05T11:49:53.155813+00:00
6f870aa8a85e3202c49797737816abdc,Senior Backend Engineer (Python / Azure) - Schnittstellen & Lagerautomation,Altruan GmbH,Massing,,CDI,,,Software Development,"Über uns Altruan ist ein wachsendes Handels- und Logistik-Unternehmen mit Sitz in Massing (Rottal-Inn). Wir betreiben einen vollautomatisierten AutoStore-Lager­betrieb, verkaufen über mehr als zehn Marktplätze und eigene Shops, und unsere SaaS-Landschaft (Weclapp, Shopify, Marketplaces, Pulpo WMS, Pulse WCS, MongoDB, Azure) wird durch ein internes Backend-Team verbunden und weiterentwickelt. Wir suchen einen erfahrenen Senior, der diese kritische Integrations- und Automatisierun",1970-01-01,https://www.arbeitnow.com/jobs/companies/altruan-gmbh/senior-backend-engineer-python-azure-schnittstellen-lagerautomation-massing-139183,arbeitnow,2026-05-05T11:49:53.155813+00:00
d59343d51d1e95252bccc4ef8e8afc9e,Ai Backend Engineer (F/M/D),paretos GmbH,Heidelberg,,CDI,,,Software Development,"paretos is the leading AI-based Decision Intelligence platform for effective, data-driven decisions across entire enterprises. Our Business Agents make it possible to evaluate complex data volumes, predict scenarios, and derive optimal actions — from demand forecasting and replenishment to strategic C-level decisions. All through a code-free interface, with no prior data science knowledge required. paretos is an inclusive company with equal opportunities for all. Our cult",1970-01-01,https://www.arbeitnow.com/jobs/companies/paretos-gmbh/ai-backend-engineer-heidelberg-233373,arbeitnow,2026-05-05T11:49:53.155813+00:00
45fb05f64def8127ca802ecf3454062b,"Bi Platform & Data Automation Engineer(M/W/D) - Powerbi, Power Automate & Microsoft Fabric",loyos bi GmbH,Hamburg,,REMOTE,,,"Remote, IT","loyos bi ist ein wachsendes SaaS-Unternehmen aus Hamburg. Unsere Financial Management Suite und HR Reporting Suite auf Basis von Microsoft Power BI ermöglichen es Unternehmen, Finanz- und HR-Daten klar, verständlich und visuell modern auszuwerten. Mit viel Gestaltungsfreiheit, wenig Hierarchien und echter Begeisterung für Technologie bauen wir ein Unternehmen, das datengetriebene Entscheidungen ermöglicht – pragmatisch, effizient und zukunftsgerichtet. Wir arbeiten remote-first und bie",1970-01-01,https://www.arbeitnow.com/jobs/companies/loyos-bi-gmbh/bi-platform-data-automation-engineer-powerbi-power-automate-microsoft-fabric-hamburg-108979,arbeitnow,2026-05-05T11:49:53.155813+00:00
568c9cabff3d134871ba7b31ab081af5,Grafikdesigner (M/W/X),Kernenergie GmbH,Großwallstadt,,CDI,,,Graphic Arts and Communication Design,"Wer wir sind: KERNenergie – saubere Energie aus nachwachsenden Rohstoffen! Kein Spruch der Atomlobby, sondern unser Auftrag für einen individuellen Mix aus Nüssen, Kernen und Früchten. KERNenergie ist Deutschlands exklusiver Anbieter für Nüsse aus den besten Anbaugebieten der Welt. Wir suchen in Voll- oder Teilzeit mit mind. 30 Stunden/Woche einen Grafikdesigner (m/w/x) – Schwerpunkt eCommerce – Meta, Google &#x26; Amazon Aufgaben En",1970-01-01,https://www.arbeitnow.com/jobs/companies/kernenergie-gmbh/grafikdesigner-grosswallstadt-34221,arbeitnow,2026-05-05T11:49:53.155813+00:00
fa68c8d67898d1b53ed6eb92853a6625,Hr Business Partner (M/F/D),EVIDENT Europe GmbH,Hamburg,,CDI,,,"Directors, Chief Executives","Headquartered in Tokyo, Japan, Evident employs around 4,500 people at a total of 57 locations worldwide. Evident Europe, headquartered in Hamburg, Germany, employs approximately 770 people in 16 countries. The product portfolio includes a wide range of microscope systems used in clinical diagnostics, medical and basic research, as well as in various industrial areas. In addition, Evident offers videoscopes, products for non-destructive testing techniques and for X-ray fluorescence analysis.</",1970-01-01,https://www.arbeitnow.com/jobs/companies/evident-europe-gmbh/hr-business-partner-hamburg-142391,arbeitnow,2026-05-05T11:49:53.155813+00:00
a7b9cc8361a047e3c9c32801124ead83,Mitarbeiter*In Marketing,Hof Löbke GmbH & Co. KG,Ibbenbüren,,CDI,,,Marketing and Communication,"DAS SIND WIR Der Hof Löbke ist ein kreatives, innovatives Familienunternehmen. Seit den 80er Jahren sind wir im Obst-/Gemüseanbau tätig und haben den Hof in den vergangenen 40 Jahren – mit Hilfe unserer geschätzten Mitarbeiter*innen – zu dem gemacht, was er heute ist: ein überregional bekannter QS-zertifizierter Obstbaufachbetrieb mit Hof-Manufaktur, Hof-Laden, Hof-Restaurant &#x26; Café, Hof-Backstube, Hof-Spielpark, Alpaka-Zucht, un",1970-01-01,https://www.arbeitnow.com/jobs/companies/hof-lobke-gmbh-co-kg/mitarbeiterin-marketing-ibbenburen-237610,arbeitnow,2026-05-05T11:49:53.155813+00:00
d4d57eb9dc31aa0449c05b72eef1861e,Sap Berater (M/W/D),JetztJob,Hamburg,,CDI,,,Business Consulting,"Jobbeschreibung SAP Berater (m/w/d) Für ein hanseatisches Unternehmen im Herzen der Hamburger Altstadt wird ein erfahrener SAP Berater (m/w/d) im Bereich Archivierung gesucht. Die Position bietet Ihnen ein modernes Arbeitsumfeld, ein kollegiales Team und vielfältige Entwicklungsmöglichkeiten in einem innovativen SAP-Nischenprodukt. Ihre Vorteile Unbefristeter Vertrag: Sicherheit in einem etablierten Unternehmen <li",1970-01-01,https://www.arbeitnow.com/jobs/companies/jetztjob/sap-berater-hamburg-427415,arbeitnow,2026-05-05T11:49:53.155813+00:00
723ed59e82f03682d781bf3dd8f9d7d3,Individualkundenberater (M/W/D) Kopfstellenfiliale Neureut Mit Einem Arbeitszeitumfang Von 85% Bis 100%,Sparkasse Karlsruhe,Karlsruhe,,CDI,,,Finance,"Mit einer Bilanzsumme von über 12 Mrd. €, ca. 1.300 Mitarbeitenden und einer über 213-jährigen Unternehmensgeschichte sind wir eines der größten und das älteste selbstständige Finanzdienstleistungsinstitut unserer Region. Gemessen an der Bilanzsumme ist die Sparkasse Karlsruhe die fünftgrößte Sparkasse in Baden-Württemberg und gehört zu den 25 größten Sparkassen in Deutschland. Wir überzeugen unsere Kunden vor Ort und digital mit individueller Beratung und bestem Service. Unser Erfolg",1970-01-01,https://www.arbeitnow.com/jobs/companies/sparkasse-karlsruhe/individualkundenberater-kopfstellenfiliale-neureut-mit-einem-arbeitszeitumfang-von-85-bis-100-karlsruhe-474017,arbeitnow,2026-05-05T11:49:53.155813+00:00
a21784b371e64c84bac8d9e944de9afd,Sachbearbeiter (W/M/D) Lohnbuchhaltung,"Wolfarth, Willems & Kollegen Steuerberatungs GmbH",Moers,,CDI,,,Administration,"Wir sind eine Steuerberatungsgesellschaft mit Hauptsitz in Moers mit einem stetig wachsenden Mandantenstamm. Schwerpunktmäßig betreuen wir Mandanten aus dem Bereich Medizin- und Heilberufe, aber auch andere Branchen sind bei uns selbstverständlich vertreten. Sechs Steuerberater und über 50 Mitarbeiter sorgen für die qualifizierte und kompetente Betreuung unserer Mandanten. Aufgaben Erstellung und Abwicklung der monatlichen Lohn- und Gehaltsabrechnungen für unsere Mandant",1970-01-01,https://www.arbeitnow.com/jobs/companies/wolfarth-willems-kollegen-steuerberatungs-gmbh/sachbearbeiter-lohnbuchhaltung-moers-363361,arbeitnow,2026-05-05T11:49:53.155813+00:00
c7c7541be8d1c6183f97c9c58d113615,Junior Projektmanager (M/W/D) / Pos-Erfahrung & Handels-Experience Von Vorteil,REVO GmbH,Cologne,,CDI,,,Marketing and Communication,"Namhafte Kunden. Lebendige Marken. Projekte, die man wirklich sieht – im Laden, am Regal, direkt beim Menschen. Du bringst erste echte Erfahrung mit, denkst strukturiert und willst mehr als nur mitlaufen. Dann bist du bei uns richtig. Was du bei uns vorfindest: Spannende Projekte für namhafte Kunden mit echter Sichtbarkeit am POS. Eigenverantwortliches Arbeiten und die Chance, eigene Ideen einzubringen und umzusetzen. KI-optimierte Prozesse, die dir Routi",1970-01-01,https://www.arbeitnow.com/jobs/companies/revo-gmbh/junior-projektmanager-pos-erfahrung-handels-experience-von-vorteil-cologne-308333,arbeitnow,2026-05-05T11:49:53.155813+00:00
a87d739569bdfac7a1a7d8dda0cdc917,Training Operations Intern / Werkstudent:In,Bots and People Product GmbH,Berlin,,REMOTE,,,"Remote, Business Operations","Hi there, if you genuinely love project planning and management, live and breathe Excel, and want to use AI to automate the work you do every day, keep on reading :) You will help diligently run the operational backbone of how Bots &#x26; People delivers trainings. That means planning sessions with our trainer network, keeping projects on track, sending out purchase orders, and checking invoices. The part most people would find dry is the part you will actually enjoy, because you like",1970-01-01,https://www.arbeitnow.com/jobs/companies/bots-and-people-product-gmbh/training-operations-intern-werkstudentin-berlin-61014,arbeitnow,2026-05-05T11:49:53.155813+00:00
3b6d771ffcaa7de07c4216c6f7385025,Scientist (M/W/D) Verschlusssysteme / Qualitätssicherung Pharma In Ludwigshafen Am Rhein (1688),BRÜGGEN ENGINEERING GmbH,Ludwigshafen,,CDI,,,Engineering,Ihre Karriere in der Qualitätssicherung pharmazeutischer Systeme. Mit BRÜGGEN ENGINEERING arbeiten Sie an der Entwicklung und Bewertung von Verschlusssystemen für parenterale Arzneimittel. Sie begleiten innovative Produkte im pharmazeutischen Umfeld und tragen zur Sicherstellung der Qualität und Integrität moderner Verpackungssysteme bei. Aufgaben Entwicklungstests: Sie planen und führen Tests zur Entwicklung von Verschlusssysteme,1970-01-01,https://www.arbeitnow.com/jobs/companies/bruggen-engineering-gmbh/scientist-verschlusssysteme-qualitatssicherung-pharma-in-ludwigshafen-am-rhein-1688-141393,arbeitnow,2026-05-05T11:49:53.155813+00:00
5bfcf29ad5dbb7c57b0baec722fa0a72,Associate Scientist (M/W/D) Proteinanalytik / Antikörper Pharma In Ludwigshafen Am Rhein (1689),BRÜGGEN ENGINEERING GmbH,Ludwigshafen,,CDI,,,Engineering,Ihre Karriere in der pharmazeutischen Analytik. Mit BRÜGGEN ENGINEERING arbeiten Sie in der quantitativen Analytik von Proteinen und Antikörper-Bestimmung im regulierten Umfeld. Sie unterstützen dabei klinische und toxikokinetische Studien und tragen zur Qualitätssicherung moderner biopharmazeutischer Produkte bei. Aufgaben Analytik: Sie planen und führen bioanalytische Analysen im Bereich Proteinanalytik und Antikörper-Bestimmung,1970-01-01,https://www.arbeitnow.com/jobs/companies/bruggen-engineering-gmbh/associate-scientist-proteinanalytik-antikorper-pharma-in-ludwigshafen-am-rhein-1689-238007,arbeitnow,2026-05-05T11:49:53.155813+00:00
9ccc14c512da2a090477a32751b310c1,Konstrukteur (M/W/D),JVK Filtration Systems GmbH,Georgensgmünd,,CDI,,,Engineering,"Werde Teil vom JVK-Team! JVK Filtration Systems ist der Branchenexperte für Filter-Lösungen. Unsere Filterelemente für die Fest-Flüssig-Trennung setzen Standards in der Kunststoffverarbeitungsindustrie. Mit unserem Know-how in der Materialwissenschaft und unserer ständigen Innovationsbereitschaft sind wir der bevorzugte Lieferant für Investitionsgüterhersteller weltweit. Unser Erfolg basiert auf unserem Engagement für Spitzenleistungen und unsere Fähigkeit, Kundenanforderungen zu erfül",1970-01-01,https://www.arbeitnow.com/jobs/companies/jvk-filtration-systems-gmbh/konstrukteur-georgensgmund-363794,arbeitnow,2026-05-05T11:49:53.155813+00:00
b525583dd5423d932780cb261cce7d0b,Senior Backend Engineer (Golang) - Bank,SumUp,Berlin,,CDI,,,,"At SumUp, the&nbsp;Global Bank team builds the core infrastructure and services that give merchants a digital bank account, helping small businesses manage their money easily and reliably.&nbsp; The Balance Management Squad sits at the core of the Global Bank Platform. Right now, our team is completing a major milestone: consolidating and modernizing our balance management system in Europe. The next big step is creating a global transa",1970-01-01,https://www.arbeitnow.com/jobs/companies/sumup/senior-backend-engineer-golang-bank-berlin-169219,arbeitnow,2026-05-05T11:49:53.155813+00:00
956eea0d4799eb02c8b372dfdbbac4df,Online Marketing Projektmanager:In (M/W/D),trafficdesign GmbH,Hamburg,,CDI,,,Online Marketing,"Stell dir vor, du bist das strategische Bindeglied, das komplexe Kampagnen-Puzzleteile zu einem überzeugenden Gesamtbild zusammensetzt. Als Online Marketing Projektmanager:in bei trafficdesign jonglierst du nicht nur mit Deadlines, sondern steuerst die Performance-Vision für internationale Top-Brands. Du sorgst dafür, dass zwischen Google Ads, Social Media und Kundenwünschen keine Information verloren geht, sondern Synergien entstehen. In einer Agentur, die s",1970-01-01,https://www.arbeitnow.com/jobs/companies/trafficdesign-gmbh/online-marketing-projektmanagerin-hamburg-404124,arbeitnow,2026-05-05T11:49:53.155813+00:00
c84a16aeecfdce86cbfb228e64f8e35e,(Senior) Social Media Manager:In (M/W/D),trafficdesign GmbH,Hamburg,,CDI,,,Social Media Manager,"Du hast keine Lust auf 08/15-Content, sondern willst Marken digital zum Leuchten bringen? ✨ Bei trafficdesign – der High-End-Agentur für Performance &#x26; Social – bist du nicht einfach nur dabei, sondern die treibende Kraft hinter dem organischen Erfolg unserer Kunden. Wir arbeiten mit Brands wie Katjes, funny-frisch und JOOP! und suchen jemanden, der Bock hat, diese Marken strategisch zu formen und Communities auf ein neues Level zu heben. Hier triffst du",1970-01-01,https://www.arbeitnow.com/jobs/companies/trafficdesign-gmbh/senior-social-media-managerin-hamburg-192590,arbeitnow,2026-05-05T11:49:53.155813+00:00
9e502eb479579eedbcbfe399ea9ec9e9,Online Marketing Manager (M/W/D),eFLY Marketplace Services GmbH,Stuttgart,,CDI,,,Marketing Manager,"In der Rolle des Online Marketing Managers kalkulierst und steuerst du die Werbebudgets unserer Kunden. Ziel ist es die bestmögliche Sichtbarkeit mit einem vorgegebenen Budget zu erreichen. Um die Fortschritte der Arbeit auch dem Kunden zu übermitteln, werden regelmäßig Auswertungen erstellt. Auch die Positionierung der Produkte an gewünschten Werbeplätzen spielt hierbei eine große Rolle.🚀 Aufgaben Strategieerarbeitung: Entwicklung von S",1970-01-01,https://www.arbeitnow.com/jobs/companies/efly-marketplace-services-gmbh/online-marketing-manager-stuttgart-302574,arbeitnow,2026-05-05T11:49:53.155813+00:00
aa98e9c15cd0b00739d5137257867494,Projektlead & Account Manager:In (M/W/D),trafficdesign GmbH,Cologne,,CDI,,,Online Marketing,"Stell dir vor, du formst ganzheitliche Strategien für Performance Marketing – und setzt sie mit einem Team um, das Tempo liebt. Bei trafficdesign, der High-End-Agentur für Performance Marketing, arbeitest du mit AI-Workflows, klaren Prozessen und starken internationalen Marken. Als Projektlead und clevere Schnittstelle zwischen Kund:innen, Paid Social-, SEA-Experts und Creation hältst du die Kommunikation glasklar, Erwartungen sauber und Entscheidungen schnel",1970-01-01,https://www.arbeitnow.com/jobs/companies/trafficdesign-gmbh/projektlead-account-managerin-cologne-253857,arbeitnow,2026-05-05T11:49:53.155813+00:00
486590219f0b3823dbd451c3f908ab18,Pflichtpraktikum Im Bereich Grafikdesign (M/W/D),eFLY Marketplace Services GmbH,Stuttgart,,CDI,,,Marketing and Communication,"Wir suchen dich für ein spannendes Praktikum im Grafikdesign, um unser Team bei der Entwicklung kreativer und ansprechender Designs für unsere Kunden zu unterstützen. Du wirst visuelle Konzepte für verschiedene Kanäle gestalten und dafür sorgen, dass die Marken unserer Kunden auf Plattformen wie Amazon überzeugend präsentiert werden. Dabei entwickelst du individuelle Grafiken und Layouts, optimierst bestehende Designs und arbeitest eng mit internen Teams sowie Kunden zusammen",1970-01-01,https://www.arbeitnow.com/jobs/companies/efly-marketplace-services-gmbh/pflichtpraktikum-im-bereich-grafikdesign-stuttgart-41084,arbeitnow,2026-05-05T11:49:53.155813+00:00
c290146f17cea673f18694e5afda62e1,Pflichtpraktikum Online Marketing Manager (M/W/D),eFLY Marketplace Services GmbH,Stuttgart,,CDI,,,Marketing and Communication,"In der Rolle des Online Marketing Managers kalkulierst und steuerst du die Werbebudgets unserer Kunden. Ziel ist es die bestmögliche Sichtbarkeit mit einem vorgegebenen Budget zu erreichen. Um die Fortschritte der Arbeit auch dem Kunden zu übermitteln, werden regelmäßig Auswertungen erstellt. Auch die Positionierung der Produkte an gewünschten Werbeplätzen spielt hierbei eine große Rolle.🚀 Aufgaben Entwicklung von SEA-Strategien<",1970-01-01,https://www.arbeitnow.com/jobs/companies/efly-marketplace-services-gmbh/pflichtpraktikum-online-marketing-manager-stuttgart-244840,arbeitnow,2026-05-05T11:49:53.155813+00:00
a2c1ec5274d89d153ab405ee50a4dec7,Grafikdesigner (M/W/D),eFLY Marketplace Services GmbH,Stuttgart,,CDI,,,Marketing and Communication,"Wir haben auch kein Bock mehr auf glattgebügelte Stellenbeschreibungen,weshalb du diese unbedingt lesen solltest ‼️ Erstmal vorab: Ja, wir haben einen Obstkorb, gratis Kaffee, einen Tischkicker und ganz viele Pflanzen.🪴 Das schreibt zwar jeder in seiner Anzeige, aber das ist inzwischen selbstverständlich oder was denkst du? 😌 So, let's get into detail! Wieso solltest du diese Chance nicht verpassen? Weil du bei uns deine Kreativität nutzen kannst, um einen B",1970-01-01,https://www.arbeitnow.com/jobs/companies/efly-marketplace-services-gmbh/grafikdesigner-stuttgart-229354,arbeitnow,2026-05-05T11:49:53.155813+00:00
b76581843b3b7149f357999a21bc7f61,Praktikum Im Rahmen Einer Umschulung (Marketing Oder E-Commerce) (M/W/D),eFLY Marketplace Services GmbH,Stuttgart,,CDI,,,Marketing and Communication,"In der Rolle des Marketing Managers kalkulierst und steuerst du die Werbebudgets unserer Kunden. Ziel ist es die bestmögliche Sichtbarkeit mit einem vorgegebenen Budget zu erreichen. Um die Fortschritte der Arbeit auch dem Kunden zu übermitteln, werden regelmäßig Auswertungen erstellt. Auch die Positionierung der Produkte an gewünschten Werbeplätzen spielt hierbei eine große Rolle.🚀 Aufgaben Entwicklung von SEA-Strategien: Gemeinsam mit",1970-01-01,https://www.arbeitnow.com/jobs/companies/efly-marketplace-services-gmbh/praktikum-im-rahmen-einer-umschulung-marketing-oder-e-commerce-stuttgart-415178,arbeitnow,2026-05-05T11:49:53.155813+00:00
d7684f36fbe2050d8ac826ae78bda4d5,Junior Performance Marketing Manager (All Genders),Glow25 (by Primal State Performance GmbH),Berlin,,REMOTE,,,"Remote, Marketing and Communication","Welcome to Glow25! We are a dynamic, fast-growing beauty and pro-aging company based in Berlin. Our heartfelt mission: Glow moments that last — for our community and for us as a team. Work at Glow25 should inspire, excite, and be fun. That’s why we’re looking for smart, empathetic people who take ownership and grow with us. Join Glow25 and help us redefine beauty. We’re excited to meet you! These are our current challenges",1970-01-01,https://www.arbeitnow.com/jobs/companies/glow25-by-primal-state-performance-gmbh/junior-performance-marketing-manager-all-genders-berlin-155983,arbeitnow,2026-05-05T11:49:53.155813+00:00
71d413b4b55b8597ba7593a86a2dd5a1,Trainee (M/W/D) Consulting,MLP Wirtschaftsberatung,Cologne,,CDI,,,Finance,"Wir von der MLP Wirtschaftsberatung bieten ambitionierten Talenten die Möglichkeit, im Rahmen eines viermonatigen Traineeprogramms die vielseitige Welt der Finanz- und Unternehmensberatung kennenzulernen. Steigen Sie an unserem Standort im Herzen von Köln ein und gestalten Sie mit uns aktiv die Zukunft unserer Kundinnen und Kunden – und Ihre eigene. Aufgaben Individuelle Beratung: Gemeinsam mit Ihrem Team betreuen Sie anspruchsvolle Privat- und Geschäfts",1970-01-01,https://www.arbeitnow.com/jobs/companies/mlp-wirtschaftsberatung/trainee-consulting-cologne-337476,arbeitnow,2026-05-05T11:49:53.155813+00:00
0edc5079ac02515ae90380461bbdfac6,Trainee (M/W/D) Consulting,MLP Wirtschaftsberatung,Bonn,,CDI,,,Finance,"Wir von der MLP Wirtschaftsberatung bieten ambitionierten Talenten die Möglichkeit, im Rahmen eines viermonatigen Traineeprogramms die vielseitige Welt der Finanz- und Unternehmensberatung kennenzulernen. Steigen Sie an unserem Standort im Herzen von Bonn ein und gestalten Sie mit uns aktiv die Zukunft unserer Kundinnen und Kunden – und Ihre eigene. Aufgaben Individuelle Beratung: Gemeinsam mit Ihrem Team betreuen Sie anspruchsvolle Privat- und Geschäfts",1970-01-01,https://www.arbeitnow.com/jobs/companies/mlp-wirtschaftsberatung/trainee-consulting-bonn-449887,arbeitnow,2026-05-05T11:49:53.155813+00:00
5a26e641d2a9985b0011564e29f7e627,Technischer Immobilienmanager (M/W/D) Wohnimmobilien Auf Eigentümerseite | Bis Ca. 80.000 € Jahresgehalt,QTalents - Real Estate Recruiting,Berlin,,CDI,,,Engineering,"Sie sind technisch versiert, gerne nah am Objekt und steuern Maßnahmen nicht nur aus der Distanz, sondern auch operativ? Sie möchten auf Eigentümerseite Verantwortung übernehmen und den Wohnimmobilienbestand aktiv weiterentwickeln? Dann bietet Ihnen diese Position eine spannende Perspektive. Unser Mandant ist ein etabliertes, deutschlandweit tätiges mittelständischen Immobilienunternehmen mit eigenem Wohnungsbestand und klarem F",1970-01-01,https://www.arbeitnow.com/jobs/companies/qtalents-real-estate-recruiting/technischer-immobilienmanager-wohnimmobilien-auf-eigentumerseite-bis-ca-80000-eur-jahresgehalt-berlin-462744,arbeitnow,2026-05-05T11:49:53.155813+00:00
